id,candidate_id,book_id,pair,direction,reason,recorded_at,status,settled_at
1,12,A_control,AUD/CHF,SELL,eligibility,2026-09-07 05:19:39,SETTLED,2026-09-21 05:31:22
2,12,B_conf6_rr15,AUD/CHF,SELL,eligibility,2026-09-07 05:19:39,SETTLED,2026-09-21 05:31:22
3,12,C_grade_based,AUD/CHF,SELL,eligibility,2026-09-07 05:19:39,SETTLED,2026-09-21 05:31:22
4,12,D_no_da,AUD/CHF,SELL,eligibility,2026-09-07 05:19:39,SETTLED,2026-09-21 05:31:22
5,12,E_no_dd_gate,AUD/CHF,SELL,eligibility,2026-09-07 05:19:39,SETTLED,2026-09-21 05:31:22
6,12,F_sentiment_only,AUD/CHF,SELL,eligibility,2026-09-07 05:19:39,SETTLED,2026-09-21 05:31:22
7,13,F_sentiment_only,EUR/JPY,BUY,eligibility,2026-09-07 05:19:39,SETTLED,2026-09-07 08:31:15
8,14,F_sentiment_only,EUR/AUD,BUY,eligibility,2026-09-07 05:19:39,SETTLED,2026-09-21 05:31:22
9,11,A_control,GBP/CAD,BUY,eligibility,2026-09-07 05:19:39,SETTLED,2026-09-20 21:31:17
10,11,C_grade_based,GBP/CAD,BUY,eligibility,2026-09-07 05:19:39,SETTLED,2026-09-20 21:31:17
11,11,E_no_dd_gate,GBP/CAD,BUY,eligibility,2026-09-07 05:19:39,SETTLED,2026-09-20 21:31:17
12,11,F_sentiment_only,GBP/CAD,BUY,eligibility,2026-09-07 05:19:39,SETTLED,2026-09-20 21:31:17
16,8,F_sentiment_only,AUD/NZD,SELL,eligibility,2026-09-07 05:19:39,SETTLED,2026-09-16 00:31:20
17,15,A_control,NZD/JPY,BUY,eligibility,2026-09-07 11:18:36,SETTLED,2026-09-07 21:01:36
18,15,C_grade_based,NZD/JPY,BUY,eligibility,2026-09-07 11:18:36,SETTLED,2026-09-07 21:01:36
19,15,E_no_dd_gate,NZD/JPY,BUY,eligibility,2026-09-07 11:18:36,SETTLED,2026-09-07 21:01:36
20,15,F_sentiment_only,NZD/JPY,BUY,eligibility,2026-09-07 11:18:36,SETTLED,2026-09-07 21:01:36
21,16,A_control,GBP/AUD,BUY,eligibility,2026-09-07 11:18:37,SETTLED,2026-09-21 11:31:20
22,16,B_conf6_rr15,GBP/AUD,BUY,eligibility,2026-09-07 11:18:37,SETTLED,2026-09-21 11:31:20
23,16,C_grade_based,GBP/AUD,BUY,eligibility,2026-09-07 11:18:37,SETTLED,2026-09-21 11:31:20
24,16,D_no_da,GBP/AUD,BUY,eligibility,2026-09-07 11:18:37,SETTLED,2026-09-21 11:31:20
25,16,E_no_dd_gate,GBP/AUD,BUY,eligibility,2026-09-07 11:18:37,SETTLED,2026-09-21 11:31:20
26,16,F_sentiment_only,GBP/AUD,BUY,eligibility,2026-09-07 11:18:37,SETTLED,2026-09-21 11:31:20
27,17,F_sentiment_only,EUR/JPY,BUY,eligibility,2026-09-07 13:42:05,SETTLED,2026-09-07 14:31:33
28,18,F_sentiment_only,USD/JPY,BUY,eligibility,2026-09-07 13:42:05,SETTLED,2026-09-07 23:31:57
29,19,F_sentiment_only,CAD/JPY,BUY,eligibility,2026-09-07 13:42:05,SETTLED,2026-09-07 14:31:33
30,20,F_sentiment_only,EUR/AUD,BUY,eligibility,2026-09-07 13:42:05,SETTLED,2026-09-21 14:31:32
31,21,F_sentiment_only,AUD/NZD,SELL,eligibility,2026-09-07 13:42:05,SETTLED,2026-09-16 00:31:20
32,22,A_control,GBP/AUD,BUY,eligibility,2026-09-07 13:42:05,SETTLED,2026-09-21 14:31:32
33,22,B_conf6_rr15,GBP/AUD,BUY,eligibility,2026-09-07 13:42:05,SETTLED,2026-09-21 14:31:32
34,22,C_grade_based,GBP/AUD,BUY,eligibility,2026-09-07 13:42:05,SETTLED,2026-09-21 14:31:32
35,22,D_no_da,GBP/AUD,BUY,eligibility,2026-09-07 13:42:05,SETTLED,2026-09-21 14:31:32
36,22,E_no_dd_gate,GBP/AUD,BUY,eligibility,2026-09-07 13:42:05,SETTLED,2026-09-21 14:31:32
37,22,F_sentiment_only,GBP/AUD,BUY,eligibility,2026-09-07 13:42:05,SETTLED,2026-09-21 14:31:32
38,23,A_control,AUD/CHF,SELL,eligibility,2026-09-08 05:18:55,SETTLED,2026-09-22 05:31:19
39,23,B_conf6_rr15,AUD/CHF,SELL,eligibility,2026-09-08 05:18:55,SETTLED,2026-09-22 05:31:19
40,23,C_grade_based,AUD/CHF,SELL,eligibility,2026-09-08 05:18:55,SETTLED,2026-09-22 05:31:19
41,23,D_no_da,AUD/CHF,SELL,eligibility,2026-09-08 05:18:55,SETTLED,2026-09-22 05:31:19
42,23,E_no_dd_gate,AUD/CHF,SELL,eligibility,2026-09-08 05:18:55,SETTLED,2026-09-22 05:31:19
43,23,F_sentiment_only,AUD/CHF,SELL,eligibility,2026-09-08 05:18:55,SETTLED,2026-09-22 05:31:19
44,24,A_control,GBP/JPY,BUY,sizing,2026-09-08 05:18:55,SETTLED,2026-09-08 05:31:20
45,24,B_conf6_rr15,GBP/JPY,BUY,sizing,2026-09-08 05:18:55,SETTLED,2026-09-08 05:31:20
46,24,C_grade_based,GBP/JPY,BUY,sizing,2026-09-08 05:18:55,SETTLED,2026-09-08 05:31:20
47,24,D_no_da,GBP/JPY,BUY,sizing,2026-09-08 05:18:55,SETTLED,2026-09-08 05:31:20
48,24,E_no_dd_gate,GBP/JPY,BUY,sizing,2026-09-08 05:18:55,SETTLED,2026-09-08 05:31:20
49,24,F_sentiment_only,GBP/JPY,BUY,eligibility,2026-09-08 05:18:55,SETTLED,2026-09-08 05:31:20
50,25,F_sentiment_only,CHF/JPY,BUY,eligibility,2026-09-08 05:18:55,SETTLED,2026-09-08 05:31:20
51,26,A_control,AUD/CAD,SELL,eligibility,2026-09-08 11:20:07,SETTLED,2026-09-10 16:01:39
52,26,B_conf6_rr15,AUD/CAD,SELL,eligibility,2026-09-08 11:20:07,SETTLED,2026-09-10 16:01:39
53,26,C_grade_based,AUD/CAD,SELL,eligibility,2026-09-08 11:20:07,SETTLED,2026-09-10 16:01:39
54,26,D_no_da,AUD/CAD,SELL,eligibility,2026-09-08 11:20:07,SETTLED,2026-09-10 16:01:39
55,26,E_no_dd_gate,AUD/CAD,SELL,eligibility,2026-09-08 11:20:07,SETTLED,2026-09-10 16:01:39
56,26,F_sentiment_only,AUD/CAD,SELL,eligibility,2026-09-08 11:20:07,SETTLED,2026-09-10 16:01:39
57,27,A_control,AUD/CHF,SELL,eligibility,2026-09-08 12:18:20,SETTLED,2026-09-17 08:01:39
58,27,B_conf6_rr15,AUD/CHF,SELL,eligibility,2026-09-08 12:18:20,SETTLED,2026-09-17 08:01:40
59,27,C_grade_based,AUD/CHF,SELL,eligibility,2026-09-08 12:18:20,SETTLED,2026-09-17 08:01:40
60,27,D_no_da,AUD/CHF,SELL,eligibility,2026-09-08 12:18:20,SETTLED,2026-09-17 08:01:40
61,27,E_no_dd_gate,AUD/CHF,SELL,eligibility,2026-09-08 12:18:20,SETTLED,2026-09-17 08:01:40
62,27,F_sentiment_only,AUD/CHF,SELL,eligibility,2026-09-08 12:18:20,SETTLED,2026-09-17 08:01:40
63,28,A_control,USD/JPY,BUY,eligibility,2026-09-08 12:18:20,SETTLED,2026-09-09 02:31:41
64,28,B_conf6_rr15,USD/JPY,BUY,eligibility,2026-09-08 12:18:20,SETTLED,2026-09-09 02:31:41
65,28,C_grade_based,USD/JPY,BUY,eligibility,2026-09-08 12:18:20,SETTLED,2026-09-09 02:31:41
66,28,F_sentiment_only,USD/JPY,BUY,eligibility,2026-09-08 12:18:20,SETTLED,2026-09-09 02:31:41
67,29,A_control,EUR/AUD,BUY,eligibility,2026-09-08 12:18:20,SETTLED,2026-09-22 12:31:22
68,29,B_conf6_rr15,EUR/AUD,BUY,eligibility,2026-09-08 12:18:20,SETTLED,2026-09-22 12:31:22
69,29,C_grade_based,EUR/AUD,BUY,eligibility,2026-09-08 12:18:20,SETTLED,2026-09-22 12:31:22
72,29,F_sentiment_only,EUR/AUD,BUY,eligibility,2026-09-08 12:18:20,SETTLED,2026-09-22 12:31:22
73,30,A_control,AUD/CAD,SELL,eligibility,2026-09-08 12:18:20,SETTLED,2026-09-22 12:31:22
74,30,B_conf6_rr15,AUD/CAD,SELL,eligibility,2026-09-08 12:18:20,SETTLED,2026-09-22 12:31:22
75,30,C_grade_based,AUD/CAD,SELL,eligibility,2026-09-08 12:18:20,SETTLED,2026-09-22 12:31:22
76,30,D_no_da,AUD/CAD,SELL,eligibility,2026-09-08 12:18:20,SETTLED,2026-09-22 12:31:22
77,30,E_no_dd_gate,AUD/CAD,SELL,eligibility,2026-09-08 12:18:20,SETTLED,2026-09-22 12:31:22
78,30,F_sentiment_only,AUD/CAD,SELL,eligibility,2026-09-08 12:18:20,SETTLED,2026-09-22 12:31:22
79,31,A_control,AUD/NZD,SELL,eligibility,2026-09-08 12:18:20,SETTLED,2026-09-09 21:01:41
80,31,B_conf6_rr15,AUD/NZD,SELL,eligibility,2026-09-08 12:18:20,SETTLED,2026-09-09 21:01:41
81,31,C_grade_based,AUD/NZD,SELL,eligibility,2026-09-08 12:18:20,SETTLED,2026-09-09 21:01:41
82,31,F_sentiment_only,AUD/NZD,SELL,eligibility,2026-09-08 12:18:20,SETTLED,2026-09-09 21:01:41
83,32,A_control,GBP/JPY,BUY,eligibility,2026-09-08 18:22:24,SETTLED,2026-09-09 02:31:41
84,32,B_conf6_rr15,GBP/JPY,BUY,eligibility,2026-09-08 18:22:24,SETTLED,2026-09-09 02:31:41
85,32,C_grade_based,GBP/JPY,BUY,eligibility,2026-09-08 18:22:24,SETTLED,2026-09-09 02:31:41
86,32,D_no_da,GBP/JPY,BUY,eligibility,2026-09-08 18:22:24,SETTLED,2026-09-09 02:31:41
87,32,E_no_dd_gate,GBP/JPY,BUY,eligibility,2026-09-08 18:22:24,SETTLED,2026-09-09 02:31:41
88,32,F_sentiment_only,GBP/JPY,BUY,eligibility,2026-09-08 18:22:24,SETTLED,2026-09-09 02:31:41
89,33,A_control,AUD/USD,SELL,eligibility,2026-09-08 18:22:24,SETTLED,2026-09-22 18:31:25
90,33,B_conf6_rr15,AUD/USD,SELL,eligibility,2026-09-08 18:22:24,SETTLED,2026-09-22 18:31:25
91,33,C_grade_based,AUD/USD,SELL,eligibility,2026-09-08 18:22:24,SETTLED,2026-09-22 18:31:25
92,33,D_no_da,AUD/USD,SELL,eligibility,2026-09-08 18:22:24,SETTLED,2026-09-22 18:31:25
93,33,E_no_dd_gate,AUD/USD,SELL,eligibility,2026-09-08 18:22:24,SETTLED,2026-09-22 18:31:25
94,33,F_sentiment_only,AUD/USD,SELL,eligibility,2026-09-08 18:22:24,SETTLED,2026-09-22 18:31:25
95,34,F_sentiment_only,EUR/JPY,BUY,eligibility,2026-09-08 21:18:35,SETTLED,2026-09-09 02:31:41
96,35,A_control,AUD/JPY,BUY,eligibility,2026-09-09 05:18:20,SETTLED,2026-09-13 23:31:24
97,35,B_conf6_rr15,AUD/JPY,BUY,eligibility,2026-09-09 05:18:20,SETTLED,2026-09-13 23:31:24
98,35,C_grade_based,AUD/JPY,BUY,eligibility,2026-09-09 05:18:20,SETTLED,2026-09-13 23:31:24
99,35,D_no_da,AUD/JPY,BUY,eligibility,2026-09-09 05:18:20,SETTLED,2026-09-13 23:31:24
101,35,F_sentiment_only,AUD/JPY,BUY,eligibility,2026-09-09 05:18:20,SETTLED,2026-09-13 23:31:24
102,36,A_control,NZD/JPY,BUY,eligibility,2026-09-09 05:18:20,SETTLED,2026-09-14 00:01:41
103,36,B_conf6_rr15,NZD/JPY,BUY,eligibility,2026-09-09 05:18:20,SETTLED,2026-09-14 00:01:41
104,36,C_grade_based,NZD/JPY,BUY,eligibility,2026-09-09 05:18:20,SETTLED,2026-09-14 00:01:41
105,36,D_no_da,NZD/JPY,BUY,eligibility,2026-09-09 05:18:20,SETTLED,2026-09-14 00:01:41
106,36,E_no_dd_gate,NZD/JPY,BUY,eligibility,2026-09-09 05:18:20,SETTLED,2026-09-14 00:01:41
107,36,F_sentiment_only,NZD/JPY,BUY,eligibility,2026-09-09 05:18:20,SETTLED,2026-09-14 00:01:41
108,37,A_control,CAD/JPY,BUY,eligibility,2026-09-09 05:18:20,SETTLED,2026-09-23 05:31:17
109,37,B_conf6_rr15,CAD/JPY,BUY,eligibility,2026-09-09 05:18:20,SETTLED,2026-09-23 05:31:17
110,37,C_grade_based,CAD/JPY,BUY,eligibility,2026-09-09 05:18:20,SETTLED,2026-09-23 05:31:17
111,37,D_no_da,CAD/JPY,BUY,eligibility,2026-09-09 05:18:20,SETTLED,2026-09-23 05:31:17
112,37,E_no_dd_gate,CAD/JPY,BUY,eligibility,2026-09-09 05:18:20,SETTLED,2026-09-23 05:31:17
113,37,F_sentiment_only,CAD/JPY,BUY,eligibility,2026-09-09 05:18:20,SETTLED,2026-09-23 05:31:17
114,38,B_conf6_rr15,CHF/JPY,BUY,sizing,2026-09-09 05:18:20,SETTLED,2026-09-11 15:02:12
115,38,D_no_da,CHF/JPY,BUY,sizing,2026-09-09 05:18:20,SETTLED,2026-09-11 15:02:12
116,38,F_sentiment_only,CHF/JPY,BUY,eligibility,2026-09-09 05:18:20,SETTLED,2026-09-11 15:02:12
117,39,A_control,GBP/AUD,BUY,eligibility,2026-09-09 05:18:20,SETTLED,2026-09-23 05:31:17
118,39,B_conf6_rr15,GBP/AUD,BUY,eligibility,2026-09-09 05:18:20,SETTLED,2026-09-23 05:31:17
119,39,C_grade_based,GBP/AUD,BUY,eligibility,2026-09-09 05:18:20,SETTLED,2026-09-23 05:31:17
120,39,D_no_da,GBP/AUD,BUY,eligibility,2026-09-09 05:18:20,SETTLED,2026-09-23 05:31:17
121,39,E_no_dd_gate,GBP/AUD,BUY,eligibility,2026-09-09 05:18:20,SETTLED,2026-09-23 05:31:17
122,39,F_sentiment_only,GBP/AUD,BUY,eligibility,2026-09-09 05:18:20,SETTLED,2026-09-23 05:31:17
123,40,A_control,AUD/JPY,BUY,eligibility,2026-09-09 12:31:48,SETTLED,2026-09-14 00:01:41
124,40,B_conf6_rr15,AUD/JPY,BUY,eligibility,2026-09-09 12:31:48,SETTLED,2026-09-14 00:01:41
125,40,C_grade_based,AUD/JPY,BUY,eligibility,2026-09-09 12:31:48,SETTLED,2026-09-14 00:01:41
126,40,D_no_da,AUD/JPY,BUY,eligibility,2026-09-09 12:31:48,SETTLED,2026-09-14 00:01:41
127,40,E_no_dd_gate,AUD/JPY,BUY,eligibility,2026-09-09 12:31:48,SETTLED,2026-09-14 00:01:41
128,40,F_sentiment_only,AUD/JPY,BUY,eligibility,2026-09-09 12:31:48,SETTLED,2026-09-14 00:01:41
129,41,A_control,AUD/CHF,SELL,eligibility,2026-09-09 12:31:48,SETTLED,2026-09-23 13:01:32
130,41,B_conf6_rr15,AUD/CHF,SELL,eligibility,2026-09-09 12:31:48,SETTLED,2026-09-23 13:01:32
131,41,C_grade_based,AUD/CHF,SELL,eligibility,2026-09-09 12:31:48,SETTLED,2026-09-23 13:01:32
132,41,D_no_da,AUD/CHF,SELL,eligibility,2026-09-09 12:31:48,SETTLED,2026-09-23 13:01:32
133,41,E_no_dd_gate,AUD/CHF,SELL,eligibility,2026-09-09 12:31:48,SETTLED,2026-09-23 13:01:32
134,41,F_sentiment_only,AUD/CHF,SELL,eligibility,2026-09-09 12:31:48,SETTLED,2026-09-23 13:01:32
135,42,A_control,GBP/JPY,BUY,eligibility,2026-09-09 12:31:48,SETTLED,2026-09-18 08:31:24
136,42,B_conf6_rr15,GBP/JPY,BUY,eligibility,2026-09-09 12:31:48,SETTLED,2026-09-18 08:31:24
137,42,C_grade_based,GBP/JPY,BUY,eligibility,2026-09-09 12:31:48,SETTLED,2026-09-18 08:31:24
138,42,D_no_da,GBP/JPY,BUY,eligibility,2026-09-09 12:31:48,SETTLED,2026-09-18 08:31:24
139,42,E_no_dd_gate,GBP/JPY,BUY,eligibility,2026-09-09 12:31:48,SETTLED,2026-09-18 08:31:24
140,42,F_sentiment_only,GBP/JPY,BUY,eligibility,2026-09-09 12:31:48,SETTLED,2026-09-18 08:31:24
142,43,B_conf6_rr15,USD/JPY,BUY,eligibility,2026-09-09 12:31:48,SETTLED,2026-09-18 08:31:24
144,43,D_no_da,USD/JPY,BUY,sizing,2026-09-09 12:31:48,SETTLED,2026-09-18 08:31:24
145,43,F_sentiment_only,USD/JPY,BUY,eligibility,2026-09-09 12:31:48,SETTLED,2026-09-18 08:31:24
146,44,A_control,NZD/JPY,BUY,eligibility,2026-09-09 12:31:48,SETTLED,2026-09-10 13:31:20
147,44,B_conf6_rr15,NZD/JPY,BUY,eligibility,2026-09-09 12:31:48,SETTLED,2026-09-10 13:31:20
148,44,C_grade_based,NZD/JPY,BUY,eligibility,2026-09-09 12:31:48,SETTLED,2026-09-10 13:31:20
149,44,D_no_da,NZD/JPY,BUY,eligibility,2026-09-09 12:31:48,SETTLED,2026-09-10 13:31:20
150,44,F_sentiment_only,NZD/JPY,BUY,eligibility,2026-09-09 12:31:48,SETTLED,2026-09-10 13:31:20
151,45,A_control,AUD/NZD,SELL,eligibility,2026-09-09 12:31:48,SETTLED,2026-09-09 15:01:43
152,45,B_conf6_rr15,AUD/NZD,SELL,eligibility,2026-09-09 12:31:48,SETTLED,2026-09-09 15:01:43
153,45,C_grade_based,AUD/NZD,SELL,eligibility,2026-09-09 12:31:48,SETTLED,2026-09-09 15:01:43
154,45,D_no_da,AUD/NZD,SELL,eligibility,2026-09-09 12:31:48,SETTLED,2026-09-09 15:01:43
155,45,E_no_dd_gate,AUD/NZD,SELL,eligibility,2026-09-09 12:31:48,SETTLED,2026-09-09 15:01:43
156,45,F_sentiment_only,AUD/NZD,SELL,eligibility,2026-09-09 12:31:48,SETTLED,2026-09-09 15:01:43
157,46,B_conf6_rr15,EUR/JPY,BUY,sizing,2026-09-09 18:22:54,SETTLED,2026-09-23 18:31:24
158,46,D_no_da,EUR/JPY,BUY,sizing,2026-09-09 18:22:54,SETTLED,2026-09-23 18:31:24
159,46,F_sentiment_only,EUR/JPY,BUY,eligibility,2026-09-09 18:22:54,SETTLED,2026-09-23 18:31:24
160,47,A_control,CAD/JPY,BUY,eligibility,2026-09-09 18:22:54,SETTLED,2026-09-23 18:31:25
161,47,B_conf6_rr15,CAD/JPY,BUY,eligibility,2026-09-09 18:22:54,SETTLED,2026-09-23 18:31:25
162,47,C_grade_based,CAD/JPY,BUY,eligibility,2026-09-09 18:22:54,SETTLED,2026-09-23 18:31:25
163,47,D_no_da,CAD/JPY,BUY,eligibility,2026-09-09 18:22:54,SETTLED,2026-09-23 18:31:25
164,47,E_no_dd_gate,CAD/JPY,BUY,eligibility,2026-09-09 18:22:54,SETTLED,2026-09-23 18:31:25
165,47,F_sentiment_only,CAD/JPY,BUY,eligibility,2026-09-09 18:22:54,SETTLED,2026-09-23 18:31:25
166,48,A_control,GBP/NZD,SELL,eligibility,2026-09-09 18:22:54,SETTLED,2026-09-09 18:31:22
167,48,B_conf6_rr15,GBP/NZD,SELL,eligibility,2026-09-09 18:22:54,SETTLED,2026-09-09 18:31:22
168,48,C_grade_based,GBP/NZD,SELL,eligibility,2026-09-09 18:22:54,SETTLED,2026-09-09 18:31:22
169,48,D_no_da,GBP/NZD,SELL,eligibility,2026-09-09 18:22:54,SETTLED,2026-09-09 18:31:22
170,48,E_no_dd_gate,GBP/NZD,SELL,sizing,2026-09-09 18:22:54,SETTLED,2026-09-09 18:31:22
171,48,F_sentiment_only,GBP/NZD,SELL,eligibility,2026-09-09 18:22:54,SETTLED,2026-09-09 18:31:22
173,49,B_conf6_rr15,CHF/JPY,BUY,eligibility,2026-09-09 21:19:30,SETTLED,2026-09-11 15:02:12
175,49,D_no_da,CHF/JPY,BUY,sizing,2026-09-09 21:19:30,SETTLED,2026-09-11 15:02:12
176,49,E_no_dd_gate,CHF/JPY,BUY,sizing,2026-09-09 21:19:30,SETTLED,2026-09-11 15:02:12
177,49,F_sentiment_only,CHF/JPY,BUY,eligibility,2026-09-09 21:19:30,SETTLED,2026-09-11 15:02:12
178,50,A_control,NZD/CHF,BUY,eligibility,2026-09-10 05:19:01,SETTLED,2026-09-10 13:31:20
179,50,B_conf6_rr15,NZD/CHF,BUY,eligibility,2026-09-10 05:19:01,SETTLED,2026-09-10 13:31:20
180,50,C_grade_based,NZD/CHF,BUY,eligibility,2026-09-10 05:19:01,SETTLED,2026-09-10 13:31:20
181,50,D_no_da,NZD/CHF,BUY,eligibility,2026-09-10 05:19:01,SETTLED,2026-09-10 13:31:20
182,50,E_no_dd_gate,NZD/CHF,BUY,eligibility,2026-09-10 05:19:01,SETTLED,2026-09-10 13:31:20
183,50,F_sentiment_only,NZD/CHF,BUY,eligibility,2026-09-10 05:19:01,SETTLED,2026-09-10 13:31:20
184,51,A_control,NZD/CAD,BUY,eligibility,2026-09-10 12:25:24,SETTLED,2026-09-15 07:01:37
185,51,B_conf6_rr15,NZD/CAD,BUY,eligibility,2026-09-10 12:25:24,SETTLED,2026-09-15 07:01:37
186,51,C_grade_based,NZD/CAD,BUY,eligibility,2026-09-10 12:25:24,SETTLED,2026-09-15 07:01:37
187,51,D_no_da,NZD/CAD,BUY,eligibility,2026-09-10 12:25:24,SETTLED,2026-09-15 07:01:37
188,51,E_no_dd_gate,NZD/CAD,BUY,eligibility,2026-09-10 12:25:24,SETTLED,2026-09-15 07:01:37
189,51,F_sentiment_only,NZD/CAD,BUY,eligibility,2026-09-10 12:25:24,SETTLED,2026-09-15 07:01:37
190,52,A_control,AUD/JPY,BUY,eligibility,2026-09-10 12:25:24,SETTLED,2026-09-24 12:31:14
191,52,B_conf6_rr15,AUD/JPY,BUY,eligibility,2026-09-10 12:25:24,SETTLED,2026-09-24 12:31:14
192,52,C_grade_based,AUD/JPY,BUY,eligibility,2026-09-10 12:25:24,SETTLED,2026-09-24 12:31:14
193,52,D_no_da,AUD/JPY,BUY,eligibility,2026-09-10 12:25:24,SETTLED,2026-09-24 12:31:14
194,52,E_no_dd_gate,AUD/JPY,BUY,eligibility,2026-09-10 12:25:24,SETTLED,2026-09-24 12:31:14
195,52,F_sentiment_only,AUD/JPY,BUY,eligibility,2026-09-10 12:25:24,SETTLED,2026-09-24 12:31:14
196,53,A_control,AUD/CHF,SELL,eligibility,2026-09-10 12:25:24,SETTLED,2026-09-18 08:01:29
197,53,B_conf6_rr15,AUD/CHF,SELL,eligibility,2026-09-10 12:25:24,SETTLED,2026-09-18 08:01:29
198,53,C_grade_based,AUD/CHF,SELL,eligibility,2026-09-10 12:25:24,SETTLED,2026-09-18 08:01:29
199,53,D_no_da,AUD/CHF,SELL,eligibility,2026-09-10 12:25:24,SETTLED,2026-09-18 08:01:29
200,53,E_no_dd_gate,AUD/CHF,SELL,eligibility,2026-09-10 12:25:24,SETTLED,2026-09-18 08:01:29
201,53,F_sentiment_only,AUD/CHF,SELL,eligibility,2026-09-10 12:25:24,SETTLED,2026-09-18 08:01:29
202,54,A_control,USD/JPY,BUY,eligibility,2026-09-10 12:25:24,SETTLED,2026-09-18 08:01:29
203,54,B_conf6_rr15,USD/JPY,BUY,eligibility,2026-09-10 12:25:24,SETTLED,2026-09-18 08:01:29
204,54,C_grade_based,USD/JPY,BUY,eligibility,2026-09-10 12:25:24,SETTLED,2026-09-18 08:01:29
205,54,D_no_da,USD/JPY,BUY,sizing,2026-09-10 12:25:24,SETTLED,2026-09-18 08:01:29
206,54,E_no_dd_gate,USD/JPY,BUY,sizing,2026-09-10 12:25:24,SETTLED,2026-09-18 08:01:29
207,54,F_sentiment_only,USD/JPY,BUY,eligibility,2026-09-10 12:25:24,SETTLED,2026-09-18 08:01:29
208,55,A_control,NZD/JPY,BUY,eligibility,2026-09-10 12:25:24,SETTLED,2026-09-24 12:31:14
209,55,B_conf6_rr15,NZD/JPY,BUY,eligibility,2026-09-10 12:25:24,SETTLED,2026-09-24 12:31:14
210,55,C_grade_based,NZD/JPY,BUY,eligibility,2026-09-10 12:25:24,SETTLED,2026-09-24 12:31:14
211,55,D_no_da,NZD/JPY,BUY,eligibility,2026-09-10 12:25:24,SETTLED,2026-09-24 12:31:14
212,55,E_no_dd_gate,NZD/JPY,BUY,eligibility,2026-09-10 12:25:24,SETTLED,2026-09-24 12:31:14
213,55,F_sentiment_only,NZD/JPY,BUY,eligibility,2026-09-10 12:25:24,SETTLED,2026-09-24 12:31:15
214,56,A_control,NZD/CHF,BUY,eligibility,2026-09-10 12:25:24,SETTLED,2026-09-10 13:31:20
215,56,B_conf6_rr15,NZD/CHF,BUY,eligibility,2026-09-10 12:25:24,SETTLED,2026-09-10 13:31:20
216,56,C_grade_based,NZD/CHF,BUY,eligibility,2026-09-10 12:25:24,SETTLED,2026-09-10 13:31:20
217,56,D_no_da,NZD/CHF,BUY,eligibility,2026-09-10 12:25:24,SETTLED,2026-09-10 13:31:20
218,56,E_no_dd_gate,NZD/CHF,BUY,eligibility,2026-09-10 12:25:24,SETTLED,2026-09-10 13:31:20
219,56,F_sentiment_only,NZD/CHF,BUY,eligibility,2026-09-10 12:25:24,SETTLED,2026-09-10 13:31:20
221,57,B_conf6_rr15,CHF/JPY,BUY,eligibility,2026-09-10 12:25:24,SETTLED,2026-09-24 12:31:15
223,57,D_no_da,CHF/JPY,BUY,sizing,2026-09-10 12:25:24,SETTLED,2026-09-24 12:31:15
224,57,E_no_dd_gate,CHF/JPY,BUY,sizing,2026-09-10 12:25:24,SETTLED,2026-09-24 12:31:15
225,57,F_sentiment_only,CHF/JPY,BUY,eligibility,2026-09-10 12:25:24,SETTLED,2026-09-24 12:31:15
226,58,A_control,AUD/NZD,SELL,eligibility,2026-09-10 12:25:24,SETTLED,2026-09-16 01:01:35
227,58,B_conf6_rr15,AUD/NZD,SELL,eligibility,2026-09-10 12:25:24,SETTLED,2026-09-16 01:01:35
228,58,C_grade_based,AUD/NZD,SELL,eligibility,2026-09-10 12:25:24,SETTLED,2026-09-16 01:01:35
229,58,D_no_da,AUD/NZD,SELL,eligibility,2026-09-10 12:25:24,SETTLED,2026-09-16 01:01:35
230,58,E_no_dd_gate,AUD/NZD,SELL,eligibility,2026-09-10 12:25:24,SETTLED,2026-09-16 01:01:35
231,58,F_sentiment_only,AUD/NZD,SELL,eligibility,2026-09-10 12:25:24,SETTLED,2026-09-16 01:01:35
232,59,A_control,GBP/NZD,SELL,eligibility,2026-09-10 12:25:24,SETTLED,2026-09-10 12:31:22
233,59,B_conf6_rr15,GBP/NZD,SELL,eligibility,2026-09-10 12:25:24,SETTLED,2026-09-10 12:31:22
234,59,C_grade_based,GBP/NZD,SELL,eligibility,2026-09-10 12:25:24,SETTLED,2026-09-10 12:31:22
235,59,D_no_da,GBP/NZD,SELL,eligibility,2026-09-10 12:25:24,SETTLED,2026-09-10 12:31:22
236,59,E_no_dd_gate,GBP/NZD,SELL,eligibility,2026-09-10 12:25:24,SETTLED,2026-09-10 12:31:22
237,59,F_sentiment_only,GBP/NZD,SELL,eligibility,2026-09-10 12:25:24,SETTLED,2026-09-10 12:31:22
238,60,A_control,GBP/JPY,BUY,eligibility,2026-09-10 18:22:48,SETTLED,2026-09-24 18:31:19
239,60,B_conf6_rr15,GBP/JPY,BUY,eligibility,2026-09-10 18:22:48,SETTLED,2026-09-24 18:31:19
240,60,C_grade_based,GBP/JPY,BUY,eligibility,2026-09-10 18:22:48,SETTLED,2026-09-24 18:31:19
241,60,D_no_da,GBP/JPY,BUY,eligibility,2026-09-10 18:22:48,SETTLED,2026-09-24 18:31:19
242,60,E_no_dd_gate,GBP/JPY,BUY,eligibility,2026-09-10 18:22:48,SETTLED,2026-09-24 18:31:19
243,60,F_sentiment_only,GBP/JPY,BUY,eligibility,2026-09-10 18:22:48,SETTLED,2026-09-24 18:31:19
244,61,A_control,EUR/NZD,SELL,eligibility,2026-09-10 18:22:48,SETTLED,2026-09-10 18:31:28
245,61,B_conf6_rr15,EUR/NZD,SELL,eligibility,2026-09-10 18:22:48,SETTLED,2026-09-10 18:31:28
246,61,C_grade_based,EUR/NZD,SELL,eligibility,2026-09-10 18:22:48,SETTLED,2026-09-10 18:31:28
247,61,D_no_da,EUR/NZD,SELL,eligibility,2026-09-10 18:22:48,SETTLED,2026-09-10 18:31:28
248,61,E_no_dd_gate,EUR/NZD,SELL,eligibility,2026-09-10 18:22:48,SETTLED,2026-09-10 18:31:28
249,61,F_sentiment_only,EUR/NZD,SELL,eligibility,2026-09-10 18:22:48,SETTLED,2026-09-10 18:31:28
250,62,A_control,AUD/JPY,BUY,eligibility,2026-09-11 12:23:14,SETTLED,2026-09-14 00:01:41
251,62,B_conf6_rr15,AUD/JPY,BUY,eligibility,2026-09-11 12:23:14,SETTLED,2026-09-14 00:01:41
252,62,C_grade_based,AUD/JPY,BUY,eligibility,2026-09-11 12:23:14,SETTLED,2026-09-14 00:01:41
253,62,D_no_da,AUD/JPY,BUY,eligibility,2026-09-11 12:23:14,SETTLED,2026-09-14 00:01:41
254,62,E_no_dd_gate,AUD/JPY,BUY,eligibility,2026-09-11 12:23:14,SETTLED,2026-09-14 00:01:41
255,62,F_sentiment_only,AUD/JPY,BUY,eligibility,2026-09-11 12:23:14,SETTLED,2026-09-14 00:01:41
256,63,A_control,AUD/CHF,SELL,eligibility,2026-09-11 12:23:14,SETTLED,2026-09-25 12:31:34
257,63,B_conf6_rr15,AUD/CHF,SELL,eligibility,2026-09-11 12:23:14,SETTLED,2026-09-25 12:31:34
258,63,C_grade_based,AUD/CHF,SELL,eligibility,2026-09-11 12:23:14,SETTLED,2026-09-25 12:31:34
259,63,D_no_da,AUD/CHF,SELL,eligibility,2026-09-11 12:23:14,SETTLED,2026-09-25 12:31:34
260,63,E_no_dd_gate,AUD/CHF,SELL,eligibility,2026-09-11 12:23:14,SETTLED,2026-09-25 12:31:34
261,63,F_sentiment_only,AUD/CHF,SELL,eligibility,2026-09-11 12:23:14,SETTLED,2026-09-25 12:31:34
262,64,A_control,USD/JPY,BUY,eligibility,2026-09-11 12:23:14,SETTLED,2026-09-18 03:31:19
263,64,B_conf6_rr15,USD/JPY,BUY,eligibility,2026-09-11 12:23:14,SETTLED,2026-09-18 03:31:19
264,64,C_grade_based,USD/JPY,BUY,eligibility,2026-09-11 12:23:14,SETTLED,2026-09-18 03:31:19
265,64,D_no_da,USD/JPY,BUY,sizing,2026-09-11 12:23:14,SETTLED,2026-09-18 03:31:19
266,64,E_no_dd_gate,USD/JPY,BUY,sizing,2026-09-11 12:23:14,SETTLED,2026-09-18 03:31:19
267,64,F_sentiment_only,USD/JPY,BUY,eligibility,2026-09-11 12:23:14,SETTLED,2026-09-18 03:31:19
268,65,A_control,CHF/JPY,BUY,eligibility,2026-09-11 12:23:14,SETTLED,2026-09-25 12:31:34
269,65,B_conf6_rr15,CHF/JPY,BUY,eligibility,2026-09-11 12:23:14,SETTLED,2026-09-25 12:31:34
270,65,C_grade_based,CHF/JPY,BUY,eligibility,2026-09-11 12:23:14,SETTLED,2026-09-25 12:31:34
271,65,D_no_da,CHF/JPY,BUY,eligibility,2026-09-11 12:23:14,SETTLED,2026-09-25 12:31:34
272,65,E_no_dd_gate,CHF/JPY,BUY,eligibility,2026-09-11 12:23:14,SETTLED,2026-09-25 12:31:34
273,65,F_sentiment_only,CHF/JPY,BUY,eligibility,2026-09-11 12:23:14,SETTLED,2026-09-25 12:31:34
274,66,A_control,AUD/NZD,SELL,eligibility,2026-09-11 12:23:14,SETTLED,2026-09-18 01:01:28
275,66,B_conf6_rr15,AUD/NZD,SELL,eligibility,2026-09-11 12:23:14,SETTLED,2026-09-18 01:01:28
276,66,C_grade_based,AUD/NZD,SELL,eligibility,2026-09-11 12:23:14,SETTLED,2026-09-18 01:01:28
277,66,D_no_da,AUD/NZD,SELL,eligibility,2026-09-11 12:23:14,SETTLED,2026-09-18 01:01:28
278,66,E_no_dd_gate,AUD/NZD,SELL,eligibility,2026-09-11 12:23:14,SETTLED,2026-09-18 01:01:28
279,66,F_sentiment_only,AUD/NZD,SELL,eligibility,2026-09-11 12:23:14,SETTLED,2026-09-18 01:01:28
280,67,A_control,AUD/JPY,BUY,eligibility,2026-09-13 18:20:22,SETTLED,2026-09-18 08:01:29
281,67,B_conf6_rr15,AUD/JPY,BUY,eligibility,2026-09-13 18:20:22,SETTLED,2026-09-18 08:01:29
282,67,C_grade_based,AUD/JPY,BUY,eligibility,2026-09-13 18:20:22,SETTLED,2026-09-18 08:01:29
283,67,D_no_da,AUD/JPY,BUY,eligibility,2026-09-13 18:20:22,SETTLED,2026-09-18 08:01:30
284,67,E_no_dd_gate,AUD/JPY,BUY,eligibility,2026-09-13 18:20:22,SETTLED,2026-09-18 08:01:30
285,67,F_sentiment_only,AUD/JPY,BUY,eligibility,2026-09-13 18:20:22,SETTLED,2026-09-18 08:01:30
286,68,A_control,EUR/JPY,BUY,eligibility,2026-09-13 18:20:22,SETTLED,2026-09-13 18:31:22
287,68,B_conf6_rr15,EUR/JPY,BUY,eligibility,2026-09-13 18:20:22,SETTLED,2026-09-13 18:31:22
288,68,C_grade_based,EUR/JPY,BUY,eligibility,2026-09-13 18:20:22,SETTLED,2026-09-13 18:31:22
289,68,D_no_da,EUR/JPY,BUY,sizing,2026-09-13 18:20:22,SETTLED,2026-09-13 18:31:22
290,68,E_no_dd_gate,EUR/JPY,BUY,sizing,2026-09-13 18:20:22,SETTLED,2026-09-13 18:31:22
291,68,F_sentiment_only,EUR/JPY,BUY,eligibility,2026-09-13 18:20:22,SETTLED,2026-09-13 18:31:22
292,69,A_control,NZD/JPY,BUY,eligibility,2026-09-13 18:20:22,SETTLED,2026-09-27 18:31:26
293,69,B_conf6_rr15,NZD/JPY,BUY,eligibility,2026-09-13 18:20:22,SETTLED,2026-09-27 18:31:26
294,69,C_grade_based,NZD/JPY,BUY,eligibility,2026-09-13 18:20:22,SETTLED,2026-09-27 18:31:26
295,69,D_no_da,NZD/JPY,BUY,eligibility,2026-09-13 18:20:22,SETTLED,2026-09-27 18:31:26
296,69,E_no_dd_gate,NZD/JPY,BUY,eligibility,2026-09-13 18:20:22,SETTLED,2026-09-27 18:31:26
297,69,F_sentiment_only,NZD/JPY,BUY,eligibility,2026-09-13 18:20:22,SETTLED,2026-09-27 18:31:26
298,70,A_control,CHF/JPY,BUY,eligibility,2026-09-13 18:20:22,SETTLED,2026-09-21 15:01:42
299,70,B_conf6_rr15,CHF/JPY,BUY,eligibility,2026-09-13 18:20:22,SETTLED,2026-09-21 15:01:42
300,70,C_grade_based,CHF/JPY,BUY,eligibility,2026-09-13 18:20:22,SETTLED,2026-09-21 15:01:42
301,70,D_no_da,CHF/JPY,BUY,eligibility,2026-09-13 18:20:22,SETTLED,2026-09-21 15:01:42
302,70,E_no_dd_gate,CHF/JPY,BUY,eligibility,2026-09-13 18:20:22,SETTLED,2026-09-21 15:01:42
303,70,F_sentiment_only,CHF/JPY,BUY,eligibility,2026-09-13 18:20:22,SETTLED,2026-09-21 15:01:42
304,71,A_control,AUD/NZD,SELL,eligibility,2026-09-13 18:20:22,SETTLED,2026-09-18 07:31:20
305,71,B_conf6_rr15,AUD/NZD,SELL,eligibility,2026-09-13 18:20:22,SETTLED,2026-09-18 07:31:20
306,71,C_grade_based,AUD/NZD,SELL,eligibility,2026-09-13 18:20:22,SETTLED,2026-09-18 07:31:20
307,71,D_no_da,AUD/NZD,SELL,sizing,2026-09-13 18:20:22,SETTLED,2026-09-18 07:31:20
308,71,E_no_dd_gate,AUD/NZD,SELL,sizing,2026-09-13 18:20:22,SETTLED,2026-09-18 07:31:20
309,71,F_sentiment_only,AUD/NZD,SELL,eligibility,2026-09-13 18:20:22,SETTLED,2026-09-18 07:31:20
310,72,A_control,EUR/NZD,SELL,eligibility,2026-09-13 18:20:22,SETTLED,2026-09-27 18:31:26
311,72,B_conf6_rr15,EUR/NZD,SELL,eligibility,2026-09-13 18:20:22,SETTLED,2026-09-27 18:31:26
312,72,C_grade_based,EUR/NZD,SELL,eligibility,2026-09-13 18:20:22,SETTLED,2026-09-27 18:31:26
313,72,D_no_da,EUR/NZD,SELL,eligibility,2026-09-13 18:20:22,SETTLED,2026-09-27 18:31:26
314,72,E_no_dd_gate,EUR/NZD,SELL,eligibility,2026-09-13 18:20:22,SETTLED,2026-09-27 18:31:26
315,72,F_sentiment_only,EUR/NZD,SELL,eligibility,2026-09-13 18:20:22,SETTLED,2026-09-27 18:31:26
316,73,A_control,GBP/JPY,BUY,eligibility,2026-09-13 21:18:13,SETTLED,2026-09-13 21:31:09
317,73,B_conf6_rr15,GBP/JPY,BUY,eligibility,2026-09-13 21:18:13,SETTLED,2026-09-13 21:31:09
318,73,C_grade_based,GBP/JPY,BUY,eligibility,2026-09-13 21:18:13,SETTLED,2026-09-13 21:31:09
319,73,D_no_da,GBP/JPY,BUY,eligibility,2026-09-13 21:18:13,SETTLED,2026-09-13 21:31:09
320,73,E_no_dd_gate,GBP/JPY,BUY,eligibility,2026-09-13 21:18:13,SETTLED,2026-09-13 21:31:09
321,73,F_sentiment_only,GBP/JPY,BUY,eligibility,2026-09-13 21:18:13,SETTLED,2026-09-13 21:31:09
322,74,A_control,GBP/NZD,SELL,eligibility,2026-09-13 21:18:13,SETTLED,2026-09-14 01:31:15
323,74,B_conf6_rr15,GBP/NZD,SELL,eligibility,2026-09-13 21:18:13,SETTLED,2026-09-14 01:31:15
324,74,C_grade_based,GBP/NZD,SELL,eligibility,2026-09-13 21:18:13,SETTLED,2026-09-14 01:31:15
325,74,D_no_da,GBP/NZD,SELL,eligibility,2026-09-13 21:18:13,SETTLED,2026-09-14 01:31:15
326,74,E_no_dd_gate,GBP/NZD,SELL,eligibility,2026-09-13 21:18:13,SETTLED,2026-09-14 01:31:15
327,74,F_sentiment_only,GBP/NZD,SELL,eligibility,2026-09-13 21:18:13,SETTLED,2026-09-14 01:31:15
328,75,A_control,GBP/CHF,SELL,eligibility,2026-09-14 05:19:47,SETTLED,2026-09-14 05:31:23
329,75,B_conf6_rr15,GBP/CHF,SELL,eligibility,2026-09-14 05:19:47,SETTLED,2026-09-14 05:31:23
330,75,C_grade_based,GBP/CHF,SELL,eligibility,2026-09-14 05:19:47,SETTLED,2026-09-14 05:31:23
331,75,D_no_da,GBP/CHF,SELL,eligibility,2026-09-14 05:19:47,SETTLED,2026-09-14 05:31:23
332,75,E_no_dd_gate,GBP/CHF,SELL,eligibility,2026-09-14 05:19:47,SETTLED,2026-09-14 05:31:23
333,75,F_sentiment_only,GBP/CHF,SELL,eligibility,2026-09-14 05:19:47,SETTLED,2026-09-14 05:31:23
334,76,A_control,NZD/CHF,BUY,eligibility,2026-09-14 05:19:47,SETTLED,2026-09-21 21:01:39
335,76,B_conf6_rr15,NZD/CHF,BUY,eligibility,2026-09-14 05:19:47,SETTLED,2026-09-21 21:01:39
336,76,C_grade_based,NZD/CHF,BUY,eligibility,2026-09-14 05:19:47,SETTLED,2026-09-21 21:01:39
337,76,D_no_da,NZD/CHF,BUY,eligibility,2026-09-14 05:19:47,SETTLED,2026-09-21 21:01:39
338,76,E_no_dd_gate,NZD/CHF,BUY,eligibility,2026-09-14 05:19:47,SETTLED,2026-09-21 21:01:39
339,76,F_sentiment_only,NZD/CHF,BUY,eligibility,2026-09-14 05:19:47,SETTLED,2026-09-21 21:01:39
340,77,A_control,USD/CHF,SELL,eligibility,2026-09-14 05:19:47,SETTLED,2026-09-14 05:31:23
341,77,B_conf6_rr15,USD/CHF,SELL,eligibility,2026-09-14 05:19:47,SETTLED,2026-09-14 05:31:23
342,77,C_grade_based,USD/CHF,SELL,eligibility,2026-09-14 05:19:47,SETTLED,2026-09-14 05:31:23
343,77,D_no_da,USD/CHF,SELL,eligibility,2026-09-14 05:19:47,SETTLED,2026-09-14 05:31:23
344,77,E_no_dd_gate,USD/CHF,SELL,eligibility,2026-09-14 05:19:47,SETTLED,2026-09-14 05:31:23
345,77,F_sentiment_only,USD/CHF,SELL,eligibility,2026-09-14 05:19:47,SETTLED,2026-09-14 05:31:23
346,78,A_control,CAD/JPY,BUY,eligibility,2026-09-14 05:19:47,SETTLED,2026-09-28 05:31:23
347,78,B_conf6_rr15,CAD/JPY,BUY,eligibility,2026-09-14 05:19:47,SETTLED,2026-09-28 05:31:23
348,78,C_grade_based,CAD/JPY,BUY,eligibility,2026-09-14 05:19:47,SETTLED,2026-09-28 05:31:23
349,78,D_no_da,CAD/JPY,BUY,eligibility,2026-09-14 05:19:47,SETTLED,2026-09-28 05:31:23
350,78,E_no_dd_gate,CAD/JPY,BUY,eligibility,2026-09-14 05:19:47,SETTLED,2026-09-28 05:31:24
351,78,F_sentiment_only,CAD/JPY,BUY,eligibility,2026-09-14 05:19:47,SETTLED,2026-09-28 05:31:24
352,79,A_control,AUD/JPY,BUY,eligibility,2026-09-14 14:09:47,SETTLED,2026-09-28 14:31:26
353,79,B_conf6_rr15,AUD/JPY,BUY,eligibility,2026-09-14 14:09:47,SETTLED,2026-09-28 14:31:26
354,79,C_grade_based,AUD/JPY,BUY,eligibility,2026-09-14 14:09:47,SETTLED,2026-09-28 14:31:26
355,79,D_no_da,AUD/JPY,BUY,sizing,2026-09-14 14:09:47,SETTLED,2026-09-28 14:31:26
356,79,E_no_dd_gate,AUD/JPY,BUY,sizing,2026-09-14 14:09:47,SETTLED,2026-09-28 14:31:26
357,79,F_sentiment_only,AUD/JPY,BUY,eligibility,2026-09-14 14:09:47,SETTLED,2026-09-28 14:31:26
358,80,A_control,EUR/JPY,BUY,eligibility,2026-09-14 14:09:47,SETTLED,2026-09-14 14:31:25
359,80,B_conf6_rr15,EUR/JPY,BUY,eligibility,2026-09-14 14:09:47,SETTLED,2026-09-14 14:31:25
360,80,C_grade_based,EUR/JPY,BUY,eligibility,2026-09-14 14:09:47,SETTLED,2026-09-14 14:31:25
361,80,D_no_da,EUR/JPY,BUY,eligibility,2026-09-14 14:09:47,SETTLED,2026-09-14 14:31:25
362,80,E_no_dd_gate,EUR/JPY,BUY,eligibility,2026-09-14 14:09:47,SETTLED,2026-09-14 14:31:25
363,80,F_sentiment_only,EUR/JPY,BUY,eligibility,2026-09-14 14:09:47,SETTLED,2026-09-14 14:31:25
364,81,A_control,GBP/JPY,BUY,eligibility,2026-09-14 14:09:47,SETTLED,2026-09-28 14:31:26
365,81,B_conf6_rr15,GBP/JPY,BUY,eligibility,2026-09-14 14:09:47,SETTLED,2026-09-28 14:31:26
366,81,C_grade_based,GBP/JPY,BUY,eligibility,2026-09-14 14:09:47,SETTLED,2026-09-28 14:31:26
367,81,D_no_da,GBP/JPY,BUY,eligibility,2026-09-14 14:09:47,SETTLED,2026-09-28 14:31:26
368,81,E_no_dd_gate,GBP/JPY,BUY,eligibility,2026-09-14 14:09:47,SETTLED,2026-09-28 14:31:26
369,81,F_sentiment_only,GBP/JPY,BUY,eligibility,2026-09-14 14:09:47,SETTLED,2026-09-28 14:31:26
370,82,A_control,GBP/CHF,SELL,eligibility,2026-09-14 14:09:47,SETTLED,2026-09-14 14:31:25
371,82,B_conf6_rr15,GBP/CHF,SELL,eligibility,2026-09-14 14:09:47,SETTLED,2026-09-14 14:31:25
372,82,C_grade_based,GBP/CHF,SELL,eligibility,2026-09-14 14:09:47,SETTLED,2026-09-14 14:31:25
373,82,D_no_da,GBP/CHF,SELL,eligibility,2026-09-14 14:09:47,SETTLED,2026-09-14 14:31:25
374,82,E_no_dd_gate,GBP/CHF,SELL,eligibility,2026-09-14 14:09:47,SETTLED,2026-09-14 14:31:25
375,82,F_sentiment_only,GBP/CHF,SELL,eligibility,2026-09-14 14:09:47,SETTLED,2026-09-14 14:31:25
376,83,A_control,USD/CHF,SELL,eligibility,2026-09-14 14:09:47,SETTLED,2026-09-14 14:31:25
377,83,B_conf6_rr15,USD/CHF,SELL,eligibility,2026-09-14 14:09:47,SETTLED,2026-09-14 14:31:25
378,83,C_grade_based,USD/CHF,SELL,eligibility,2026-09-14 14:09:47,SETTLED,2026-09-14 14:31:25
379,83,D_no_da,USD/CHF,SELL,eligibility,2026-09-14 14:09:47,SETTLED,2026-09-14 14:31:25
380,83,E_no_dd_gate,USD/CHF,SELL,eligibility,2026-09-14 14:09:47,SETTLED,2026-09-14 14:31:25
381,83,F_sentiment_only,USD/CHF,SELL,eligibility,2026-09-14 14:09:47,SETTLED,2026-09-14 14:31:25
382,84,A_control,NZD/JPY,BUY,eligibility,2026-09-14 14:09:47,SETTLED,2026-09-14 14:31:25
383,84,B_conf6_rr15,NZD/JPY,BUY,eligibility,2026-09-14 14:09:47,SETTLED,2026-09-14 14:31:25
384,84,C_grade_based,NZD/JPY,BUY,eligibility,2026-09-14 14:09:47,SETTLED,2026-09-14 14:31:25
385,84,D_no_da,NZD/JPY,BUY,sizing,2026-09-14 14:09:47,SETTLED,2026-09-14 14:31:25
386,84,E_no_dd_gate,NZD/JPY,BUY,sizing,2026-09-14 14:09:47,SETTLED,2026-09-14 14:31:25
387,84,F_sentiment_only,NZD/JPY,BUY,eligibility,2026-09-14 14:09:47,SETTLED,2026-09-14 14:31:25
388,85,A_control,CAD/JPY,BUY,eligibility,2026-09-14 14:09:47,SETTLED,2026-09-16 20:31:11
389,85,B_conf6_rr15,CAD/JPY,BUY,eligibility,2026-09-14 14:09:47,SETTLED,2026-09-16 20:31:11
390,85,C_grade_based,CAD/JPY,BUY,eligibility,2026-09-14 14:09:47,SETTLED,2026-09-16 20:31:11
391,85,D_no_da,CAD/JPY,BUY,eligibility,2026-09-14 14:09:47,SETTLED,2026-09-16 20:31:11
392,85,E_no_dd_gate,CAD/JPY,BUY,eligibility,2026-09-14 14:09:47,SETTLED,2026-09-16 20:31:11
393,85,F_sentiment_only,CAD/JPY,BUY,eligibility,2026-09-14 14:09:47,SETTLED,2026-09-16 20:31:11
394,86,A_control,CHF/JPY,BUY,eligibility,2026-09-14 14:09:47,SETTLED,2026-09-14 14:31:25
395,86,B_conf6_rr15,CHF/JPY,BUY,eligibility,2026-09-14 14:09:47,SETTLED,2026-09-14 14:31:25
396,86,C_grade_based,CHF/JPY,BUY,eligibility,2026-09-14 14:09:47,SETTLED,2026-09-14 14:31:25
397,86,D_no_da,CHF/JPY,BUY,eligibility,2026-09-14 14:09:47,SETTLED,2026-09-14 14:31:25
398,86,E_no_dd_gate,CHF/JPY,BUY,eligibility,2026-09-14 14:09:47,SETTLED,2026-09-14 14:31:25
399,86,F_sentiment_only,CHF/JPY,BUY,eligibility,2026-09-14 14:09:47,SETTLED,2026-09-14 14:31:25
400,87,A_control,AUD/NZD,SELL,eligibility,2026-09-14 14:09:47,SETTLED,2026-09-18 01:01:28
401,87,B_conf6_rr15,AUD/NZD,SELL,eligibility,2026-09-14 14:09:47,SETTLED,2026-09-18 01:01:28
402,87,C_grade_based,AUD/NZD,SELL,eligibility,2026-09-14 14:09:47,SETTLED,2026-09-18 01:01:28
403,87,D_no_da,AUD/NZD,SELL,eligibility,2026-09-14 14:09:47,SETTLED,2026-09-18 01:01:28
404,87,E_no_dd_gate,AUD/NZD,SELL,eligibility,2026-09-14 14:09:47,SETTLED,2026-09-18 01:01:28
405,87,F_sentiment_only,AUD/NZD,SELL,eligibility,2026-09-14 14:09:47,SETTLED,2026-09-18 01:01:29
406,88,A_control,USD/JPY,BUY,eligibility,2026-09-14 18:21:54,SETTLED,2026-09-23 14:31:16
407,88,B_conf6_rr15,USD/JPY,BUY,eligibility,2026-09-14 18:21:54,SETTLED,2026-09-23 14:31:16
408,88,C_grade_based,USD/JPY,BUY,eligibility,2026-09-14 18:21:54,SETTLED,2026-09-23 14:31:16
409,88,D_no_da,USD/JPY,BUY,eligibility,2026-09-14 18:21:54,SETTLED,2026-09-23 14:31:16
410,88,E_no_dd_gate,USD/JPY,BUY,eligibility,2026-09-14 18:21:54,SETTLED,2026-09-23 14:31:16
411,88,F_sentiment_only,USD/JPY,BUY,eligibility,2026-09-14 18:21:54,SETTLED,2026-09-23 14:31:16
412,89,A_control,GBP/NZD,SELL,eligibility,2026-09-14 18:21:54,SETTLED,2026-09-15 02:01:28
413,89,B_conf6_rr15,GBP/NZD,SELL,eligibility,2026-09-14 18:21:54,SETTLED,2026-09-15 02:01:28
414,89,C_grade_based,GBP/NZD,SELL,eligibility,2026-09-14 18:21:54,SETTLED,2026-09-15 02:01:28
415,89,D_no_da,GBP/NZD,SELL,eligibility,2026-09-14 18:21:54,SETTLED,2026-09-15 02:01:29
416,89,E_no_dd_gate,GBP/NZD,SELL,eligibility,2026-09-14 18:21:54,SETTLED,2026-09-15 02:01:29
417,89,F_sentiment_only,GBP/NZD,SELL,eligibility,2026-09-14 18:21:54,SETTLED,2026-09-15 02:01:29
418,90,A_control,CAD/CHF,SELL,eligibility,2026-09-15 05:19:10,SETTLED,2026-09-29 05:31:21
419,90,B_conf6_rr15,CAD/CHF,SELL,eligibility,2026-09-15 05:19:10,SETTLED,2026-09-29 05:31:21
420,90,C_grade_based,CAD/CHF,SELL,eligibility,2026-09-15 05:19:10,SETTLED,2026-09-29 05:31:21
421,90,D_no_da,CAD/CHF,SELL,eligibility,2026-09-15 05:19:10,SETTLED,2026-09-29 05:31:21
422,90,E_no_dd_gate,CAD/CHF,SELL,eligibility,2026-09-15 05:19:10,SETTLED,2026-09-29 05:31:21
423,90,F_sentiment_only,CAD/CHF,SELL,eligibility,2026-09-15 05:19:10,SETTLED,2026-09-29 05:31:21
424,91,A_control,AUD/JPY,BUY,eligibility,2026-09-15 12:50:57,SETTLED,2026-09-18 03:31:19
425,91,B_conf6_rr15,AUD/JPY,BUY,eligibility,2026-09-15 12:50:57,SETTLED,2026-09-18 03:31:19
426,91,C_grade_based,AUD/JPY,BUY,eligibility,2026-09-15 12:50:57,SETTLED,2026-09-18 03:31:19
429,91,F_sentiment_only,AUD/JPY,BUY,eligibility,2026-09-15 12:50:57,SETTLED,2026-09-18 03:31:19
430,92,A_control,EUR/JPY,BUY,eligibility,2026-09-15 12:50:57,SETTLED,2026-09-29 13:01:40
431,92,B_conf6_rr15,EUR/JPY,BUY,eligibility,2026-09-15 12:50:57,SETTLED,2026-09-29 13:01:40
432,92,C_grade_based,EUR/JPY,BUY,eligibility,2026-09-15 12:50:57,SETTLED,2026-09-29 13:01:40
433,92,D_no_da,EUR/JPY,BUY,eligibility,2026-09-15 12:50:57,SETTLED,2026-09-29 13:01:41
434,92,E_no_dd_gate,EUR/JPY,BUY,eligibility,2026-09-15 12:50:57,SETTLED,2026-09-29 13:01:41
435,92,F_sentiment_only,EUR/JPY,BUY,eligibility,2026-09-15 12:50:57,SETTLED,2026-09-29 13:01:41
436,93,A_control,GBP/CHF,SELL,eligibility,2026-09-15 12:50:57,SETTLED,2026-09-29 13:01:41
437,93,B_conf6_rr15,GBP/CHF,SELL,eligibility,2026-09-15 12:50:57,SETTLED,2026-09-29 13:01:41
438,93,C_grade_based,GBP/CHF,SELL,eligibility,2026-09-15 12:50:57,SETTLED,2026-09-29 13:01:41
439,93,D_no_da,GBP/CHF,SELL,eligibility,2026-09-15 12:50:57,SETTLED,2026-09-29 13:01:41
440,93,E_no_dd_gate,GBP/CHF,SELL,eligibility,2026-09-15 12:50:57,SETTLED,2026-09-29 13:01:41
441,93,F_sentiment_only,GBP/CHF,SELL,eligibility,2026-09-15 12:50:57,SETTLED,2026-09-29 13:01:41
442,94,A_control,USD/JPY,BUY,eligibility,2026-09-15 12:50:57,SETTLED,2026-09-18 03:01:38
443,94,B_conf6_rr15,USD/JPY,BUY,eligibility,2026-09-15 12:50:57,SETTLED,2026-09-18 03:01:38
444,94,C_grade_based,USD/JPY,BUY,eligibility,2026-09-15 12:50:57,SETTLED,2026-09-18 03:01:38
445,94,D_no_da,USD/JPY,BUY,eligibility,2026-09-15 12:50:57,SETTLED,2026-09-18 03:01:38
446,94,E_no_dd_gate,USD/JPY,BUY,eligibility,2026-09-15 12:50:57,SETTLED,2026-09-18 03:01:38
447,94,F_sentiment_only,USD/JPY,BUY,eligibility,2026-09-15 12:50:57,SETTLED,2026-09-18 03:01:38
448,95,A_control,CAD/JPY,BUY,eligibility,2026-09-15 12:50:57,SETTLED,2026-09-29 13:01:41
449,95,B_conf6_rr15,CAD/JPY,BUY,eligibility,2026-09-15 12:50:57,SETTLED,2026-09-29 13:01:41
450,95,C_grade_based,CAD/JPY,BUY,eligibility,2026-09-15 12:50:57,SETTLED,2026-09-29 13:01:41
451,95,D_no_da,CAD/JPY,BUY,eligibility,2026-09-15 12:50:57,SETTLED,2026-09-29 13:01:41
452,95,E_no_dd_gate,CAD/JPY,BUY,eligibility,2026-09-15 12:50:57,SETTLED,2026-09-29 13:01:41
453,95,F_sentiment_only,CAD/JPY,BUY,eligibility,2026-09-15 12:50:57,SETTLED,2026-09-29 13:01:41
454,96,A_control,CHF/JPY,BUY,eligibility,2026-09-15 12:50:57,SETTLED,2026-09-18 04:01:26
455,96,B_conf6_rr15,CHF/JPY,BUY,eligibility,2026-09-15 12:50:57,SETTLED,2026-09-18 04:01:26
456,96,C_grade_based,CHF/JPY,BUY,eligibility,2026-09-15 12:50:57,SETTLED,2026-09-18 04:01:26
457,96,D_no_da,CHF/JPY,BUY,eligibility,2026-09-15 12:50:57,SETTLED,2026-09-18 04:01:26
458,96,E_no_dd_gate,CHF/JPY,BUY,eligibility,2026-09-15 12:50:57,SETTLED,2026-09-18 04:01:26
459,96,F_sentiment_only,CHF/JPY,BUY,eligibility,2026-09-15 12:50:57,SETTLED,2026-09-18 04:01:26
460,97,A_control,AUD/NZD,SELL,eligibility,2026-09-15 12:50:57,SETTLED,2026-09-29 13:01:41
461,97,B_conf6_rr15,AUD/NZD,SELL,eligibility,2026-09-15 12:50:57,SETTLED,2026-09-29 13:01:41
462,97,C_grade_based,AUD/NZD,SELL,eligibility,2026-09-15 12:50:57,SETTLED,2026-09-29 13:01:41
465,97,F_sentiment_only,AUD/NZD,SELL,eligibility,2026-09-15 12:50:57,SETTLED,2026-09-29 13:01:41
466,98,A_control,AUD/CHF,SELL,eligibility,2026-09-15 18:21:58,SETTLED,2026-09-29 18:31:18
467,98,B_conf6_rr15,AUD/CHF,SELL,eligibility,2026-09-15 18:21:58,SETTLED,2026-09-29 18:31:18
468,98,C_grade_based,AUD/CHF,SELL,eligibility,2026-09-15 18:21:58,SETTLED,2026-09-29 18:31:18
469,98,D_no_da,AUD/CHF,SELL,eligibility,2026-09-15 18:21:58,SETTLED,2026-09-29 18:31:18
470,98,E_no_dd_gate,AUD/CHF,SELL,eligibility,2026-09-15 18:21:58,SETTLED,2026-09-29 18:31:18
471,98,F_sentiment_only,AUD/CHF,SELL,eligibility,2026-09-15 18:21:58,SETTLED,2026-09-29 18:31:18
472,99,A_control,USD/CHF,SELL,eligibility,2026-09-15 18:21:58,SETTLED,2026-09-16 18:31:28
473,99,B_conf6_rr15,USD/CHF,SELL,eligibility,2026-09-15 18:21:58,SETTLED,2026-09-16 18:31:28
474,99,C_grade_based,USD/CHF,SELL,eligibility,2026-09-15 18:21:58,SETTLED,2026-09-16 18:31:28
475,99,D_no_da,USD/CHF,SELL,eligibility,2026-09-15 18:21:58,SETTLED,2026-09-16 18:31:29
476,99,E_no_dd_gate,USD/CHF,SELL,eligibility,2026-09-15 18:21:58,SETTLED,2026-09-16 18:31:29
477,99,F_sentiment_only,USD/CHF,SELL,eligibility,2026-09-15 18:21:58,SETTLED,2026-09-16 18:31:29
478,100,A_control,GBP/NZD,SELL,eligibility,2026-09-15 18:21:58,SETTLED,2026-09-15 18:31:21
479,100,B_conf6_rr15,GBP/NZD,SELL,eligibility,2026-09-15 18:21:58,SETTLED,2026-09-15 18:31:21
480,100,C_grade_based,GBP/NZD,SELL,eligibility,2026-09-15 18:21:58,SETTLED,2026-09-15 18:31:21
481,100,D_no_da,GBP/NZD,SELL,eligibility,2026-09-15 18:21:58,SETTLED,2026-09-15 18:31:22
482,100,E_no_dd_gate,GBP/NZD,SELL,eligibility,2026-09-15 18:21:58,SETTLED,2026-09-15 18:31:22
483,100,F_sentiment_only,GBP/NZD,SELL,eligibility,2026-09-15 18:21:58,SETTLED,2026-09-15 18:31:22
484,101,A_control,EUR/NZD,SELL,eligibility,2026-09-15 18:21:58,SETTLED,2026-09-15 18:31:22
485,101,B_conf6_rr15,EUR/NZD,SELL,eligibility,2026-09-15 18:21:58,SETTLED,2026-09-15 18:31:22
486,101,C_grade_based,EUR/NZD,SELL,eligibility,2026-09-15 18:21:58,SETTLED,2026-09-15 18:31:22
487,101,D_no_da,EUR/NZD,SELL,eligibility,2026-09-15 18:21:58,SETTLED,2026-09-15 18:31:22
488,101,E_no_dd_gate,EUR/NZD,SELL,eligibility,2026-09-15 18:21:58,SETTLED,2026-09-15 18:31:22
489,101,F_sentiment_only,EUR/NZD,SELL,eligibility,2026-09-15 18:21:58,SETTLED,2026-09-15 18:31:22
490,102,A_control,GBP/JPY,BUY,eligibility,2026-09-15 21:18:39,SETTLED,2026-09-17 15:01:31
491,102,B_conf6_rr15,GBP/JPY,BUY,eligibility,2026-09-15 21:18:39,SETTLED,2026-09-17 15:01:31
492,102,C_grade_based,GBP/JPY,BUY,eligibility,2026-09-15 21:18:39,SETTLED,2026-09-17 15:01:31
493,102,D_no_da,GBP/JPY,BUY,eligibility,2026-09-15 21:18:39,SETTLED,2026-09-17 15:01:31
494,102,E_no_dd_gate,GBP/JPY,BUY,eligibility,2026-09-15 21:18:39,SETTLED,2026-09-17 15:01:31
495,102,F_sentiment_only,GBP/JPY,BUY,eligibility,2026-09-15 21:18:39,SETTLED,2026-09-17 15:01:31
496,103,A_control,CAD/CHF,SELL,eligibility,2026-09-15 21:18:39,SETTLED,2026-09-29 21:31:20
497,103,B_conf6_rr15,CAD/CHF,SELL,eligibility,2026-09-15 21:18:39,SETTLED,2026-09-29 21:31:20
498,103,C_grade_based,CAD/CHF,SELL,eligibility,2026-09-15 21:18:39,SETTLED,2026-09-29 21:31:20
499,103,D_no_da,CAD/CHF,SELL,eligibility,2026-09-15 21:18:39,SETTLED,2026-09-29 21:31:20
500,103,E_no_dd_gate,CAD/CHF,SELL,eligibility,2026-09-15 21:18:39,SETTLED,2026-09-29 21:31:20
501,103,F_sentiment_only,CAD/CHF,SELL,eligibility,2026-09-15 21:18:39,SETTLED,2026-09-29 21:31:20
506,104,F_sentiment_only,AUD/JPY,BUY,eligibility,2026-09-16 12:46:07,SETTLED,2026-09-29 17:02:10
507,105,A_control,EUR/JPY,BUY,eligibility,2026-09-16 12:46:07,SETTLED,2026-09-28 08:31:23
508,105,B_conf6_rr15,EUR/JPY,BUY,eligibility,2026-09-16 12:46:07,SETTLED,2026-09-28 08:31:23
509,105,C_grade_based,EUR/JPY,BUY,eligibility,2026-09-16 12:46:07,SETTLED,2026-09-28 08:31:23
510,105,D_no_da,EUR/JPY,BUY,eligibility,2026-09-16 12:46:07,SETTLED,2026-09-28 08:31:23
511,105,E_no_dd_gate,EUR/JPY,BUY,eligibility,2026-09-16 12:46:07,SETTLED,2026-09-28 08:31:23
512,105,F_sentiment_only,EUR/JPY,BUY,eligibility,2026-09-16 12:46:07,SETTLED,2026-09-28 08:31:23
513,106,A_control,CHF/JPY,BUY,eligibility,2026-09-16 12:46:07,SETTLED,2026-09-29 17:02:10
514,106,B_conf6_rr15,CHF/JPY,BUY,eligibility,2026-09-16 12:46:07,SETTLED,2026-09-29 17:02:10
515,106,C_grade_based,CHF/JPY,BUY,eligibility,2026-09-16 12:46:07,SETTLED,2026-09-29 17:02:10
516,106,D_no_da,CHF/JPY,BUY,eligibility,2026-09-16 12:46:07,SETTLED,2026-09-29 17:02:10
517,106,E_no_dd_gate,CHF/JPY,BUY,eligibility,2026-09-16 12:46:07,SETTLED,2026-09-29 17:02:10
518,106,F_sentiment_only,CHF/JPY,BUY,eligibility,2026-09-16 12:46:07,SETTLED,2026-09-29 17:02:10
524,107,F_sentiment_only,AUD/NZD,SELL,eligibility,2026-09-16 12:46:07,SETTLED,2026-09-18 07:31:20
525,108,A_control,NZD/JPY,BUY,eligibility,2026-09-16 18:22:13,SETTLED,2026-09-30 18:31:18
526,108,B_conf6_rr15,NZD/JPY,BUY,eligibility,2026-09-16 18:22:13,SETTLED,2026-09-30 18:31:18
527,108,C_grade_based,NZD/JPY,BUY,eligibility,2026-09-16 18:22:13,SETTLED,2026-09-30 18:31:18
528,108,D_no_da,NZD/JPY,BUY,eligibility,2026-09-16 18:22:13,SETTLED,2026-09-30 18:31:18
529,108,E_no_dd_gate,NZD/JPY,BUY,eligibility,2026-09-16 18:22:13,SETTLED,2026-09-30 18:31:18
530,108,F_sentiment_only,NZD/JPY,BUY,eligibility,2026-09-16 18:22:13,SETTLED,2026-09-30 18:31:18
536,109,F_sentiment_only,USD/CHF,SELL,eligibility,2026-09-16 18:22:13,SETTLED,2026-09-24 13:31:26
537,110,A_control,CAD/JPY,BUY,eligibility,2026-09-16 18:22:13,SETTLED,2026-09-30 18:31:18
538,110,B_conf6_rr15,CAD/JPY,BUY,eligibility,2026-09-16 18:22:13,SETTLED,2026-09-30 18:31:18
539,110,C_grade_based,CAD/JPY,BUY,eligibility,2026-09-16 18:22:13,SETTLED,2026-09-30 18:31:19
540,110,D_no_da,CAD/JPY,BUY,eligibility,2026-09-16 18:22:13,SETTLED,2026-09-30 18:31:19
541,110,E_no_dd_gate,CAD/JPY,BUY,eligibility,2026-09-16 18:22:13,SETTLED,2026-09-30 18:31:19
542,110,F_sentiment_only,CAD/JPY,BUY,eligibility,2026-09-16 18:22:13,SETTLED,2026-09-30 18:31:19
543,111,A_control,GBP/NZD,SELL,eligibility,2026-09-16 18:22:13,SETTLED,2026-09-30 18:31:19
544,111,B_conf6_rr15,GBP/NZD,SELL,eligibility,2026-09-16 18:22:13,SETTLED,2026-09-30 18:31:19
545,111,C_grade_based,GBP/NZD,SELL,eligibility,2026-09-16 18:22:13,SETTLED,2026-09-30 18:31:19
546,111,D_no_da,GBP/NZD,SELL,eligibility,2026-09-16 18:22:13,SETTLED,2026-09-30 18:31:19
547,111,E_no_dd_gate,GBP/NZD,SELL,eligibility,2026-09-16 18:22:13,SETTLED,2026-09-30 18:31:19
548,111,F_sentiment_only,GBP/NZD,SELL,eligibility,2026-09-16 18:22:13,SETTLED,2026-09-30 18:31:19
549,112,A_control,NZD/USD,BUY,eligibility,2026-09-16 18:22:13,SETTLED,2026-09-16 19:01:32
550,112,B_conf6_rr15,NZD/USD,BUY,eligibility,2026-09-16 18:22:13,SETTLED,2026-09-16 19:01:32
551,112,C_grade_based,NZD/USD,BUY,eligibility,2026-09-16 18:22:13,SETTLED,2026-09-16 19:01:32
552,112,D_no_da,NZD/USD,BUY,eligibility,2026-09-16 18:22:13,SETTLED,2026-09-16 19:01:32
553,112,E_no_dd_gate,NZD/USD,BUY,eligibility,2026-09-16 18:22:13,SETTLED,2026-09-16 19:01:32
554,112,F_sentiment_only,NZD/USD,BUY,eligibility,2026-09-16 18:22:13,SETTLED,2026-09-16 19:01:32
555,113,A_control,NZD/CAD,BUY,eligibility,2026-09-16 18:22:13,SETTLED,2026-09-30 18:31:19
556,113,B_conf6_rr15,NZD/CAD,BUY,eligibility,2026-09-16 18:22:13,SETTLED,2026-09-30 18:31:19
557,113,C_grade_based,NZD/CAD,BUY,eligibility,2026-09-16 18:22:13,SETTLED,2026-09-30 18:31:19
558,113,D_no_da,NZD/CAD,BUY,eligibility,2026-09-16 18:22:13,SETTLED,2026-09-30 18:31:19
559,113,E_no_dd_gate,NZD/CAD,BUY,eligibility,2026-09-16 18:22:13,SETTLED,2026-09-30 18:31:19
560,113,F_sentiment_only,NZD/CAD,BUY,eligibility,2026-09-16 18:22:13,SETTLED,2026-09-30 18:31:19
561,114,A_control,AUD/CHF,SELL,eligibility,2026-09-17 05:18:09,SETTLED,2026-09-17 05:31:20
562,114,B_conf6_rr15,AUD/CHF,SELL,eligibility,2026-09-17 05:18:09,SETTLED,2026-09-17 05:31:20
563,114,C_grade_based,AUD/CHF,SELL,eligibility,2026-09-17 05:18:09,SETTLED,2026-09-17 05:31:20
564,114,F_sentiment_only,AUD/CHF,SELL,eligibility,2026-09-17 05:18:09,SETTLED,2026-09-17 05:31:20
565,115,A_control,USD/CAD,SELL,eligibility,2026-09-17 11:17:51,SETTLED,2026-09-17 11:31:24
566,115,B_conf6_rr15,USD/CAD,SELL,eligibility,2026-09-17 11:17:51,SETTLED,2026-09-17 11:31:24
567,115,C_grade_based,USD/CAD,SELL,eligibility,2026-09-17 11:17:51,SETTLED,2026-09-17 11:31:24
568,115,D_no_da,USD/CAD,SELL,eligibility,2026-09-17 11:17:51,SETTLED,2026-09-17 11:31:24
569,115,E_no_dd_gate,USD/CAD,SELL,eligibility,2026-09-17 11:17:51,SETTLED,2026-09-17 11:31:24
570,115,F_sentiment_only,USD/CAD,SELL,eligibility,2026-09-17 11:17:51,SETTLED,2026-09-17 11:31:24
571,116,A_control,USD/CHF,SELL,eligibility,2026-09-17 12:45:25,SETTLED,2026-09-17 15:31:22
572,116,B_conf6_rr15,USD/CHF,SELL,eligibility,2026-09-17 12:45:25,SETTLED,2026-09-17 15:31:22
573,116,C_grade_based,USD/CHF,SELL,eligibility,2026-09-17 12:45:25,SETTLED,2026-09-17 15:31:22
574,116,D_no_da,USD/CHF,SELL,eligibility,2026-09-17 12:45:25,SETTLED,2026-09-17 15:31:22
575,116,E_no_dd_gate,USD/CHF,SELL,eligibility,2026-09-17 12:45:25,SETTLED,2026-09-17 15:31:22
576,116,F_sentiment_only,USD/CHF,SELL,eligibility,2026-09-17 12:45:25,SETTLED,2026-09-17 15:31:22
577,117,A_control,CAD/JPY,BUY,eligibility,2026-09-17 12:45:25,SETTLED,2026-10-01 13:01:34
578,117,B_conf6_rr15,CAD/JPY,BUY,eligibility,2026-09-17 12:45:25,SETTLED,2026-10-01 13:01:34
579,117,C_grade_based,CAD/JPY,BUY,eligibility,2026-09-17 12:45:25,SETTLED,2026-10-01 13:01:34
580,117,D_no_da,CAD/JPY,BUY,eligibility,2026-09-17 12:45:25,SETTLED,2026-10-01 13:01:34
581,117,E_no_dd_gate,CAD/JPY,BUY,eligibility,2026-09-17 12:45:25,SETTLED,2026-10-01 13:01:34
582,117,F_sentiment_only,CAD/JPY,BUY,eligibility,2026-09-17 12:45:25,SETTLED,2026-10-01 13:01:34
583,118,A_control,AUD/NZD,SELL,eligibility,2026-09-17 12:45:25,SETTLED,2026-09-18 10:31:22
584,118,B_conf6_rr15,AUD/NZD,SELL,eligibility,2026-09-17 12:45:25,SETTLED,2026-09-18 10:31:22
585,118,C_grade_based,AUD/NZD,SELL,eligibility,2026-09-17 12:45:25,SETTLED,2026-09-18 10:31:22
588,118,F_sentiment_only,AUD/NZD,SELL,eligibility,2026-09-17 12:45:25,SETTLED,2026-09-18 10:31:22
589,119,A_control,EUR/JPY,BUY,eligibility,2026-09-17 18:23:46,SETTLED,2026-09-18 09:31:25
590,119,B_conf6_rr15,EUR/JPY,BUY,eligibility,2026-09-17 18:23:46,SETTLED,2026-09-18 09:31:25
591,119,C_grade_based,EUR/JPY,BUY,eligibility,2026-09-17 18:23:46,SETTLED,2026-09-18 09:31:25
592,119,D_no_da,EUR/JPY,BUY,eligibility,2026-09-17 18:23:46,SETTLED,2026-09-18 09:31:25
593,119,E_no_dd_gate,EUR/JPY,BUY,eligibility,2026-09-17 18:23:46,SETTLED,2026-09-18 09:31:25
594,119,F_sentiment_only,EUR/JPY,BUY,eligibility,2026-09-17 18:23:46,SETTLED,2026-09-18 09:31:25
595,120,A_control,GBP/NZD,SELL,eligibility,2026-09-17 18:23:46,SETTLED,2026-09-30 11:31:19
596,120,B_conf6_rr15,GBP/NZD,SELL,eligibility,2026-09-17 18:23:46,SETTLED,2026-09-30 11:31:19
597,120,C_grade_based,GBP/NZD,SELL,eligibility,2026-09-17 18:23:46,SETTLED,2026-09-30 11:31:19
598,120,D_no_da,GBP/NZD,SELL,eligibility,2026-09-17 18:23:46,SETTLED,2026-09-30 11:31:19
599,120,E_no_dd_gate,GBP/NZD,SELL,eligibility,2026-09-17 18:23:46,SETTLED,2026-09-30 11:31:19
600,120,F_sentiment_only,GBP/NZD,SELL,eligibility,2026-09-17 18:23:46,SETTLED,2026-09-30 11:31:19
601,121,A_control,NZD/USD,BUY,eligibility,2026-09-17 18:23:46,SETTLED,2026-09-22 02:01:25
602,121,B_conf6_rr15,NZD/USD,BUY,eligibility,2026-09-17 18:23:46,SETTLED,2026-09-22 02:01:25
603,121,C_grade_based,NZD/USD,BUY,eligibility,2026-09-17 18:23:46,SETTLED,2026-09-22 02:01:25
604,121,D_no_da,NZD/USD,BUY,eligibility,2026-09-17 18:23:46,SETTLED,2026-09-22 02:01:25
605,121,E_no_dd_gate,NZD/USD,BUY,eligibility,2026-09-17 18:23:46,SETTLED,2026-09-22 02:01:25
606,121,F_sentiment_only,NZD/USD,BUY,eligibility,2026-09-17 18:23:46,SETTLED,2026-09-22 02:01:25
607,122,A_control,GBP/USD,BUY,eligibility,2026-09-17 21:17:49,SETTLED,2026-09-17 21:31:20
608,122,B_conf6_rr15,GBP/USD,BUY,eligibility,2026-09-17 21:17:49,SETTLED,2026-09-17 21:31:20
609,122,C_grade_based,GBP/USD,BUY,eligibility,2026-09-17 21:17:49,SETTLED,2026-09-17 21:31:20
610,122,D_no_da,GBP/USD,BUY,eligibility,2026-09-17 21:17:49,SETTLED,2026-09-17 21:31:20
611,122,E_no_dd_gate,GBP/USD,BUY,eligibility,2026-09-17 21:17:49,SETTLED,2026-09-17 21:31:20
612,122,F_sentiment_only,GBP/USD,BUY,eligibility,2026-09-17 21:17:49,SETTLED,2026-09-17 21:31:20
613,123,F_sentiment_only,AUD/CHF,SELL,eligibility,2026-09-18 05:17:54,SETTLED,2026-10-02 05:31:14
614,124,A_control,EUR/AUD,BUY,eligibility,2026-09-18 05:17:54,SETTLED,2026-09-22 21:01:35
615,124,B_conf6_rr15,EUR/AUD,BUY,eligibility,2026-09-18 05:17:54,SETTLED,2026-09-22 21:01:35
616,124,C_grade_based,EUR/AUD,BUY,eligibility,2026-09-18 05:17:54,SETTLED,2026-09-22 21:01:35
617,124,F_sentiment_only,EUR/AUD,BUY,eligibility,2026-09-18 05:17:54,SETTLED,2026-09-22 21:01:35
618,125,A_control,EUR/USD,BUY,eligibility,2026-09-18 05:17:54,SETTLED,2026-09-23 10:01:32
619,125,B_conf6_rr15,EUR/USD,BUY,eligibility,2026-09-18 05:17:54,SETTLED,2026-09-23 10:01:32
620,125,C_grade_based,EUR/USD,BUY,eligibility,2026-09-18 05:17:54,SETTLED,2026-09-23 10:01:32
621,125,D_no_da,EUR/USD,BUY,eligibility,2026-09-18 05:17:54,SETTLED,2026-09-23 10:01:32
622,125,E_no_dd_gate,EUR/USD,BUY,eligibility,2026-09-18 05:17:54,SETTLED,2026-09-23 10:01:32
623,125,F_sentiment_only,EUR/USD,BUY,eligibility,2026-09-18 05:17:54,SETTLED,2026-09-23 10:01:32
624,126,A_control,GBP/AUD,BUY,eligibility,2026-09-18 05:17:54,SETTLED,2026-09-18 05:31:20
625,126,B_conf6_rr15,GBP/AUD,BUY,eligibility,2026-09-18 05:17:54,SETTLED,2026-09-18 05:31:20
626,126,C_grade_based,GBP/AUD,BUY,eligibility,2026-09-18 05:17:54,SETTLED,2026-09-18 05:31:20
627,126,F_sentiment_only,GBP/AUD,BUY,eligibility,2026-09-18 05:17:54,SETTLED,2026-09-18 05:31:20
628,127,A_control,NZD/CAD,BUY,eligibility,2026-09-18 11:19:35,SETTLED,2026-10-02 11:31:16
629,127,B_conf6_rr15,NZD/CAD,BUY,eligibility,2026-09-18 11:19:35,SETTLED,2026-10-02 11:31:16
630,127,C_grade_based,NZD/CAD,BUY,eligibility,2026-09-18 11:19:35,SETTLED,2026-10-02 11:31:16
631,127,D_no_da,NZD/CAD,BUY,eligibility,2026-09-18 11:19:35,SETTLED,2026-10-02 11:31:16
632,127,E_no_dd_gate,NZD/CAD,BUY,eligibility,2026-09-18 11:19:35,SETTLED,2026-10-02 11:31:16
633,127,F_sentiment_only,NZD/CAD,BUY,eligibility,2026-09-18 11:19:36,SETTLED,2026-10-02 11:31:16
634,128,A_control,EUR/CHF,SELL,eligibility,2026-09-18 11:19:36,SETTLED,2026-10-01 15:31:25
635,128,B_conf6_rr15,EUR/CHF,SELL,eligibility,2026-09-18 11:19:36,SETTLED,2026-10-01 15:31:25
636,128,C_grade_based,EUR/CHF,SELL,eligibility,2026-09-18 11:19:36,SETTLED,2026-10-01 15:31:25
637,128,D_no_da,EUR/CHF,SELL,eligibility,2026-09-18 11:19:36,SETTLED,2026-10-01 15:31:25
638,128,E_no_dd_gate,EUR/CHF,SELL,eligibility,2026-09-18 11:19:36,SETTLED,2026-10-01 15:31:25
639,128,F_sentiment_only,EUR/CHF,SELL,eligibility,2026-09-18 11:19:36,SETTLED,2026-10-01 15:31:25
640,129,A_control,CAD/CHF,SELL,eligibility,2026-09-18 11:19:36,SETTLED,2026-10-02 11:31:16
641,129,B_conf6_rr15,CAD/CHF,SELL,eligibility,2026-09-18 11:19:36,SETTLED,2026-10-02 11:31:16
642,129,C_grade_based,CAD/CHF,SELL,eligibility,2026-09-18 11:19:36,SETTLED,2026-10-02 11:31:16
643,129,D_no_da,CAD/CHF,SELL,eligibility,2026-09-18 11:19:36,SETTLED,2026-10-02 11:31:16
644,129,E_no_dd_gate,CAD/CHF,SELL,eligibility,2026-09-18 11:19:36,SETTLED,2026-10-02 11:31:16
645,129,F_sentiment_only,CAD/CHF,SELL,eligibility,2026-09-18 11:19:36,SETTLED,2026-10-02 11:31:16
646,130,A_control,USD/CAD,SELL,eligibility,2026-09-18 11:19:36,SETTLED,2026-09-22 02:01:25
647,130,B_conf6_rr15,USD/CAD,SELL,eligibility,2026-09-18 11:19:36,SETTLED,2026-09-22 02:01:25
648,130,C_grade_based,USD/CAD,SELL,eligibility,2026-09-18 11:19:36,SETTLED,2026-09-22 02:01:25
649,130,D_no_da,USD/CAD,SELL,eligibility,2026-09-18 11:19:36,SETTLED,2026-09-22 02:01:25
650,130,E_no_dd_gate,USD/CAD,SELL,eligibility,2026-09-18 11:19:36,SETTLED,2026-09-22 02:01:25
651,130,F_sentiment_only,USD/CAD,SELL,eligibility,2026-09-18 11:19:36,SETTLED,2026-09-22 02:01:25
652,131,A_control,GBP/USD,BUY,eligibility,2026-09-18 12:25:45,SETTLED,2026-09-23 12:31:30
653,131,B_conf6_rr15,GBP/USD,BUY,eligibility,2026-09-18 12:25:45,SETTLED,2026-09-23 12:31:30
654,131,C_grade_based,GBP/USD,BUY,eligibility,2026-09-18 12:25:45,SETTLED,2026-09-23 12:31:30
655,131,D_no_da,GBP/USD,BUY,eligibility,2026-09-18 12:25:45,SETTLED,2026-09-23 12:31:30
656,131,E_no_dd_gate,GBP/USD,BUY,eligibility,2026-09-18 12:25:45,SETTLED,2026-09-23 12:31:30
657,131,F_sentiment_only,GBP/USD,BUY,eligibility,2026-09-18 12:25:45,SETTLED,2026-09-23 12:31:30
658,132,A_control,EUR/CHF,SELL,eligibility,2026-09-18 12:25:45,SETTLED,2026-10-02 12:01:26
659,132,B_conf6_rr15,EUR/CHF,SELL,eligibility,2026-09-18 12:25:45,SETTLED,2026-10-02 12:01:26
660,132,C_grade_based,EUR/CHF,SELL,eligibility,2026-09-18 12:25:45,SETTLED,2026-10-02 12:01:26
661,132,D_no_da,EUR/CHF,SELL,eligibility,2026-09-18 12:25:45,SETTLED,2026-10-02 12:01:26
662,132,E_no_dd_gate,EUR/CHF,SELL,eligibility,2026-09-18 12:25:45,SETTLED,2026-10-02 12:01:26
663,132,F_sentiment_only,EUR/CHF,SELL,eligibility,2026-09-18 12:25:45,SETTLED,2026-10-02 12:01:26
664,133,A_control,AUD/CHF,SELL,eligibility,2026-09-18 12:25:45,SETTLED,2026-10-02 12:31:16
665,133,B_conf6_rr15,AUD/CHF,SELL,eligibility,2026-09-18 12:25:45,SETTLED,2026-10-02 12:31:16
666,133,C_grade_based,AUD/CHF,SELL,eligibility,2026-09-18 12:25:45,SETTLED,2026-10-02 12:31:16
667,133,F_sentiment_only,AUD/CHF,SELL,eligibility,2026-09-18 12:25:45,SETTLED,2026-10-02 12:31:16
668,134,A_control,USD/CHF,SELL,eligibility,2026-09-18 12:25:45,SETTLED,2026-10-02 12:31:16
669,134,B_conf6_rr15,USD/CHF,SELL,eligibility,2026-09-18 12:25:45,SETTLED,2026-10-02 12:31:16
670,134,C_grade_based,USD/CHF,SELL,eligibility,2026-09-18 12:25:45,SETTLED,2026-10-02 12:31:16
671,134,F_sentiment_only,USD/CHF,SELL,eligibility,2026-09-18 12:25:45,SETTLED,2026-10-02 12:31:16
672,135,A_control,EUR/USD,BUY,eligibility,2026-09-18 12:25:45,SETTLED,2026-09-24 10:31:24
673,135,B_conf6_rr15,EUR/USD,BUY,eligibility,2026-09-18 12:25:45,SETTLED,2026-09-24 10:31:24
674,135,C_grade_based,EUR/USD,BUY,eligibility,2026-09-18 12:25:45,SETTLED,2026-09-24 10:31:24
675,135,D_no_da,EUR/USD,BUY,eligibility,2026-09-18 12:25:45,SETTLED,2026-09-24 10:31:24
676,135,F_sentiment_only,EUR/USD,BUY,eligibility,2026-09-18 12:25:45,SETTLED,2026-09-24 10:31:24
677,136,A_control,AUD/NZD,SELL,sizing,2026-09-18 12:25:45,SETTLED,2026-10-02 12:31:16
678,136,C_grade_based,AUD/NZD,SELL,sizing,2026-09-18 12:25:45,SETTLED,2026-10-02 12:31:16
679,136,F_sentiment_only,AUD/NZD,SELL,eligibility,2026-09-18 12:25:45,SETTLED,2026-10-02 12:31:16
680,137,A_control,USD/CAD,SELL,eligibility,2026-09-18 12:25:45,SETTLED,2026-09-22 14:31:29
681,137,B_conf6_rr15,USD/CAD,SELL,eligibility,2026-09-18 12:25:45,SETTLED,2026-09-22 14:31:29
682,137,C_grade_based,USD/CAD,SELL,eligibility,2026-09-18 12:25:45,SETTLED,2026-09-22 14:31:29
683,137,D_no_da,USD/CAD,SELL,eligibility,2026-09-18 12:25:45,SETTLED,2026-09-22 14:31:29
684,137,E_no_dd_gate,USD/CAD,SELL,eligibility,2026-09-18 12:25:45,SETTLED,2026-09-22 14:31:30
685,137,F_sentiment_only,USD/CAD,SELL,eligibility,2026-09-18 12:25:45,SETTLED,2026-09-22 14:31:30
686,138,A_control,GBP/AUD,BUY,eligibility,2026-09-18 12:25:45,SETTLED,2026-09-18 12:31:26
687,138,B_conf6_rr15,GBP/AUD,BUY,eligibility,2026-09-18 12:25:45,SETTLED,2026-09-18 12:31:26
688,138,C_grade_based,GBP/AUD,BUY,eligibility,2026-09-18 12:25:45,SETTLED,2026-09-18 12:31:26
689,138,F_sentiment_only,GBP/AUD,BUY,eligibility,2026-09-18 12:25:45,SETTLED,2026-09-18 12:31:26
690,139,A_control,GBP/NZD,SELL,eligibility,2026-09-18 12:25:45,SETTLED,2026-10-01 02:01:27
691,139,B_conf6_rr15,GBP/NZD,SELL,eligibility,2026-09-18 12:25:45,SETTLED,2026-10-01 02:01:27
692,139,C_grade_based,GBP/NZD,SELL,eligibility,2026-09-18 12:25:45,SETTLED,2026-10-01 02:01:27
693,139,D_no_da,GBP/NZD,SELL,eligibility,2026-09-18 12:25:45,SETTLED,2026-10-01 02:01:27
694,139,E_no_dd_gate,GBP/NZD,SELL,eligibility,2026-09-18 12:25:45,SETTLED,2026-10-01 02:01:27
695,139,F_sentiment_only,GBP/NZD,SELL,eligibility,2026-09-18 12:25:45,SETTLED,2026-10-01 02:01:27
696,140,A_control,EUR/CHF,SELL,eligibility,2026-09-20 18:21:03,SETTLED,2026-10-01 15:31:25
697,140,B_conf6_rr15,EUR/CHF,SELL,eligibility,2026-09-20 18:21:03,SETTLED,2026-10-01 15:31:25
698,140,C_grade_based,EUR/CHF,SELL,eligibility,2026-09-20 18:21:03,SETTLED,2026-10-01 15:31:25
699,140,D_no_da,EUR/CHF,SELL,eligibility,2026-09-20 18:21:03,SETTLED,2026-10-01 15:31:25
700,140,E_no_dd_gate,EUR/CHF,SELL,eligibility,2026-09-20 18:21:03,SETTLED,2026-10-01 15:31:25
701,140,F_sentiment_only,EUR/CHF,SELL,eligibility,2026-09-20 18:21:03,SETTLED,2026-10-01 15:31:25
702,141,A_control,AUD/CHF,SELL,eligibility,2026-09-20 18:21:03,PENDING,
703,141,B_conf6_rr15,AUD/CHF,SELL,eligibility,2026-09-20 18:21:03,PENDING,
704,141,C_grade_based,AUD/CHF,SELL,eligibility,2026-09-20 18:21:03,PENDING,
705,141,D_no_da,AUD/CHF,SELL,eligibility,2026-09-20 18:21:03,PENDING,
706,141,E_no_dd_gate,AUD/CHF,SELL,eligibility,2026-09-20 18:21:03,PENDING,
707,141,F_sentiment_only,AUD/CHF,SELL,eligibility,2026-09-20 18:21:03,PENDING,
708,142,A_control,EUR/AUD,BUY,sizing,2026-09-20 18:21:03,SETTLED,2026-09-30 02:31:13
709,142,C_grade_based,EUR/AUD,BUY,sizing,2026-09-20 18:21:03,SETTLED,2026-09-30 02:31:13
710,142,F_sentiment_only,EUR/AUD,BUY,eligibility,2026-09-20 18:21:03,SETTLED,2026-09-30 02:31:13
711,143,A_control,GBP/AUD,BUY,sizing,2026-09-20 18:21:03,SETTLED,2026-09-30 07:01:30
712,143,C_grade_based,GBP/AUD,BUY,sizing,2026-09-20 18:21:03,SETTLED,2026-09-30 07:01:30
713,143,F_sentiment_only,GBP/AUD,BUY,eligibility,2026-09-20 18:21:03,SETTLED,2026-09-30 07:01:30
714,144,A_control,AUD/NZD,SELL,eligibility,2026-09-20 18:21:03,PENDING,
715,144,B_conf6_rr15,AUD/NZD,SELL,eligibility,2026-09-20 18:21:03,PENDING,
716,144,C_grade_based,AUD/NZD,SELL,eligibility,2026-09-20 18:21:03,PENDING,
717,144,F_sentiment_only,AUD/NZD,SELL,eligibility,2026-09-20 18:21:03,PENDING,
718,145,A_control,NZD/USD,BUY,eligibility,2026-09-20 18:21:03,SETTLED,2026-09-23 14:01:31
719,145,B_conf6_rr15,NZD/USD,BUY,eligibility,2026-09-20 18:21:03,SETTLED,2026-09-23 14:01:31
720,145,C_grade_based,NZD/USD,BUY,eligibility,2026-09-20 18:21:03,SETTLED,2026-09-23 14:01:31
723,145,F_sentiment_only,NZD/USD,BUY,eligibility,2026-09-20 18:21:03,SETTLED,2026-09-23 14:01:31
724,146,A_control,GBP/USD,BUY,eligibility,2026-09-20 18:21:03,SETTLED,2026-09-23 10:01:32
725,146,B_conf6_rr15,GBP/USD,BUY,eligibility,2026-09-20 18:21:03,SETTLED,2026-09-23 10:01:32
726,146,C_grade_based,GBP/USD,BUY,eligibility,2026-09-20 18:21:03,SETTLED,2026-09-23 10:01:32
727,146,D_no_da,GBP/USD,BUY,eligibility,2026-09-20 18:21:03,SETTLED,2026-09-23 10:01:32
728,146,F_sentiment_only,GBP/USD,BUY,eligibility,2026-09-20 18:21:03,SETTLED,2026-09-23 10:01:32
729,147,A_control,USD/CHF,SELL,eligibility,2026-09-20 21:19:38,SETTLED,2026-09-29 00:31:19
730,147,B_conf6_rr15,USD/CHF,SELL,eligibility,2026-09-20 21:19:38,SETTLED,2026-09-29 00:31:19
731,147,C_grade_based,USD/CHF,SELL,eligibility,2026-09-20 21:19:38,SETTLED,2026-09-29 00:31:19
732,147,D_no_da,USD/CHF,SELL,eligibility,2026-09-20 21:19:38,SETTLED,2026-09-29 00:31:19
733,147,E_no_dd_gate,USD/CHF,SELL,eligibility,2026-09-20 21:19:38,SETTLED,2026-09-29 00:31:19
734,147,F_sentiment_only,USD/CHF,SELL,eligibility,2026-09-20 21:19:38,SETTLED,2026-09-29 00:31:19
735,148,A_control,GBP/USD,BUY,eligibility,2026-09-21 14:13:37,SETTLED,2026-09-23 12:31:30
736,148,B_conf6_rr15,GBP/USD,BUY,eligibility,2026-09-21 14:13:37,SETTLED,2026-09-23 12:31:30
737,148,C_grade_based,GBP/USD,BUY,eligibility,2026-09-21 14:13:37,SETTLED,2026-09-23 12:31:30
738,148,D_no_da,GBP/USD,BUY,eligibility,2026-09-21 14:13:37,SETTLED,2026-09-23 12:31:30
739,148,E_no_dd_gate,GBP/USD,BUY,eligibility,2026-09-21 14:13:37,SETTLED,2026-09-23 12:31:30
740,148,F_sentiment_only,GBP/USD,BUY,eligibility,2026-09-21 14:13:37,SETTLED,2026-09-23 12:31:30
741,149,A_control,AUD/CHF,SELL,eligibility,2026-09-21 14:13:37,PENDING,
742,149,B_conf6_rr15,AUD/CHF,SELL,eligibility,2026-09-21 14:13:37,PENDING,
743,149,C_grade_based,AUD/CHF,SELL,eligibility,2026-09-21 14:13:37,PENDING,
744,149,D_no_da,AUD/CHF,SELL,eligibility,2026-09-21 14:13:37,PENDING,
745,149,E_no_dd_gate,AUD/CHF,SELL,eligibility,2026-09-21 14:13:37,PENDING,
746,149,F_sentiment_only,AUD/CHF,SELL,eligibility,2026-09-21 14:13:37,PENDING,
747,150,A_control,EUR/USD,BUY,eligibility,2026-09-21 14:13:37,SETTLED,2026-09-29 08:31:23
748,150,B_conf6_rr15,EUR/USD,BUY,eligibility,2026-09-21 14:13:37,SETTLED,2026-09-29 08:31:23
749,150,C_grade_based,EUR/USD,BUY,eligibility,2026-09-21 14:13:37,SETTLED,2026-09-29 08:31:23
750,150,D_no_da,EUR/USD,BUY,eligibility,2026-09-21 14:13:37,SETTLED,2026-09-29 08:31:23
751,150,E_no_dd_gate,EUR/USD,BUY,eligibility,2026-09-21 14:13:37,SETTLED,2026-09-29 08:31:23
752,150,F_sentiment_only,EUR/USD,BUY,eligibility,2026-09-21 14:13:37,SETTLED,2026-09-29 08:31:23
753,151,A_control,NZD/CHF,BUY,eligibility,2026-09-21 18:20:54,SETTLED,2026-09-21 18:31:19
754,151,B_conf6_rr15,NZD/CHF,BUY,eligibility,2026-09-21 18:20:54,SETTLED,2026-09-21 18:31:19
755,151,C_grade_based,NZD/CHF,BUY,eligibility,2026-09-21 18:20:54,SETTLED,2026-09-21 18:31:19
756,151,D_no_da,NZD/CHF,BUY,eligibility,2026-09-21 18:20:54,SETTLED,2026-09-21 18:31:19
757,151,E_no_dd_gate,NZD/CHF,BUY,eligibility,2026-09-21 18:20:54,SETTLED,2026-09-21 18:31:19
758,151,F_sentiment_only,NZD/CHF,BUY,eligibility,2026-09-21 18:20:54,SETTLED,2026-09-21 18:31:19
759,152,A_control,AUD/NZD,SELL,eligibility,2026-09-21 18:20:54,SETTLED,2026-09-21 18:31:19
760,152,B_conf6_rr15,AUD/NZD,SELL,eligibility,2026-09-21 18:20:54,SETTLED,2026-09-21 18:31:20
761,152,C_grade_based,AUD/NZD,SELL,eligibility,2026-09-21 18:20:54,SETTLED,2026-09-21 18:31:20
762,152,F_sentiment_only,AUD/NZD,SELL,eligibility,2026-09-21 18:20:54,SETTLED,2026-09-21 18:31:20
763,153,A_control,NZD/USD,BUY,eligibility,2026-09-21 18:20:54,SETTLED,2026-09-24 14:31:23
764,153,B_conf6_rr15,NZD/USD,BUY,eligibility,2026-09-21 18:20:54,SETTLED,2026-09-24 14:31:23
765,153,C_grade_based,NZD/USD,BUY,eligibility,2026-09-21 18:20:54,SETTLED,2026-09-24 14:31:23
766,153,F_sentiment_only,NZD/USD,BUY,eligibility,2026-09-21 18:20:54,SETTLED,2026-09-24 14:31:23
767,154,A_control,EUR/AUD,BUY,eligibility,2026-09-21 21:18:22,SETTLED,2026-09-22 21:01:35
768,154,B_conf6_rr15,EUR/AUD,BUY,eligibility,2026-09-21 21:18:22,SETTLED,2026-09-22 21:01:35
769,154,C_grade_based,EUR/AUD,BUY,eligibility,2026-09-21 21:18:22,SETTLED,2026-09-22 21:01:35
770,154,F_sentiment_only,EUR/AUD,BUY,eligibility,2026-09-21 21:18:22,SETTLED,2026-09-22 21:01:35
771,155,A_control,GBP/AUD,BUY,sizing,2026-09-21 21:18:22,SETTLED,2026-09-30 07:31:35
772,155,C_grade_based,GBP/AUD,BUY,sizing,2026-09-21 21:18:22,SETTLED,2026-09-30 07:31:35
773,155,F_sentiment_only,GBP/AUD,BUY,eligibility,2026-09-21 21:18:22,SETTLED,2026-09-30 07:31:36
774,156,A_control,AUD/CAD,SELL,eligibility,2026-09-22 05:17:39,SETTLED,2026-09-22 14:01:39
775,156,B_conf6_rr15,AUD/CAD,SELL,eligibility,2026-09-22 05:17:39,SETTLED,2026-09-22 14:01:39
776,156,C_grade_based,AUD/CAD,SELL,eligibility,2026-09-22 05:17:39,SETTLED,2026-09-22 14:01:39
777,156,F_sentiment_only,AUD/CAD,SELL,eligibility,2026-09-22 05:17:39,SETTLED,2026-09-22 14:01:39
778,157,A_control,USD/CAD,SELL,eligibility,2026-09-22 05:17:39,SETTLED,2026-09-24 15:31:29
779,157,B_conf6_rr15,USD/CAD,SELL,eligibility,2026-09-22 05:17:39,SETTLED,2026-09-24 15:31:29
780,157,C_grade_based,USD/CAD,SELL,eligibility,2026-09-22 05:17:39,SETTLED,2026-09-24 15:31:29
781,157,D_no_da,USD/CAD,SELL,eligibility,2026-09-22 05:17:39,SETTLED,2026-09-24 15:31:29
782,157,E_no_dd_gate,USD/CAD,SELL,eligibility,2026-09-22 05:17:39,SETTLED,2026-09-24 15:31:29
783,157,F_sentiment_only,USD/CAD,SELL,eligibility,2026-09-22 05:17:39,SETTLED,2026-09-24 15:31:29
784,158,A_control,AUD/CHF,SELL,eligibility,2026-09-22 12:45:10,PENDING,
785,158,B_conf6_rr15,AUD/CHF,SELL,eligibility,2026-09-22 12:45:10,PENDING,
786,158,C_grade_based,AUD/CHF,SELL,eligibility,2026-09-22 12:45:10,PENDING,
787,158,D_no_da,AUD/CHF,SELL,eligibility,2026-09-22 12:45:10,PENDING,
788,158,E_no_dd_gate,AUD/CHF,SELL,eligibility,2026-09-22 12:45:10,PENDING,
789,158,F_sentiment_only,AUD/CHF,SELL,eligibility,2026-09-22 12:45:10,PENDING,
790,159,A_control,AUD/NZD,SELL,eligibility,2026-09-22 12:45:10,PENDING,
792,159,C_grade_based,AUD/NZD,SELL,eligibility,2026-09-22 12:45:10,PENDING,
795,159,F_sentiment_only,AUD/NZD,SELL,eligibility,2026-09-22 12:45:10,PENDING,
796,160,A_control,EUR/AUD,BUY,eligibility,2026-09-22 18:22:13,SETTLED,2026-09-22 21:01:35
797,160,B_conf6_rr15,EUR/AUD,BUY,eligibility,2026-09-22 18:22:13,SETTLED,2026-09-22 21:01:35
798,160,C_grade_based,EUR/AUD,BUY,eligibility,2026-09-22 18:22:13,SETTLED,2026-09-22 21:01:35
799,160,F_sentiment_only,EUR/AUD,BUY,eligibility,2026-09-22 18:22:13,SETTLED,2026-09-22 21:01:35
800,161,A_control,AUD/CAD,SELL,eligibility,2026-09-22 18:22:13,SETTLED,2026-09-22 18:31:25
801,161,B_conf6_rr15,AUD/CAD,SELL,eligibility,2026-09-22 18:22:13,SETTLED,2026-09-22 18:31:25
802,161,C_grade_based,AUD/CAD,SELL,eligibility,2026-09-22 18:22:13,SETTLED,2026-09-22 18:31:25
803,161,F_sentiment_only,AUD/CAD,SELL,eligibility,2026-09-22 18:22:13,SETTLED,2026-09-22 18:31:25
804,162,A_control,GBP/AUD,BUY,eligibility,2026-09-22 18:22:13,PENDING,
805,162,B_conf6_rr15,GBP/AUD,BUY,eligibility,2026-09-22 18:22:13,PENDING,
806,162,C_grade_based,GBP/AUD,BUY,eligibility,2026-09-22 18:22:13,PENDING,
807,162,F_sentiment_only,GBP/AUD,BUY,eligibility,2026-09-22 18:22:13,PENDING,
808,163,A_control,USD/CAD,SELL,eligibility,2026-09-22 21:18:47,SETTLED,2026-09-22 21:31:19
809,163,B_conf6_rr15,USD/CAD,SELL,eligibility,2026-09-22 21:18:47,SETTLED,2026-09-22 21:31:19
810,163,C_grade_based,USD/CAD,SELL,eligibility,2026-09-22 21:18:47,SETTLED,2026-09-22 21:31:19
811,163,D_no_da,USD/CAD,SELL,eligibility,2026-09-22 21:18:47,SETTLED,2026-09-22 21:31:19
812,163,E_no_dd_gate,USD/CAD,SELL,eligibility,2026-09-22 21:18:47,SETTLED,2026-09-22 21:31:19
813,163,F_sentiment_only,USD/CAD,SELL,eligibility,2026-09-22 21:18:47,SETTLED,2026-09-22 21:31:19
814,164,A_control,NZD/CHF,BUY,eligibility,2026-09-23 11:18:21,SETTLED,2026-10-01 15:31:25
815,164,B_conf6_rr15,NZD/CHF,BUY,eligibility,2026-09-23 11:18:21,SETTLED,2026-10-01 15:31:25
816,164,C_grade_based,NZD/CHF,BUY,eligibility,2026-09-23 11:18:21,SETTLED,2026-10-01 15:31:25
817,164,D_no_da,NZD/CHF,BUY,eligibility,2026-09-23 11:18:21,SETTLED,2026-10-01 15:31:25
818,164,E_no_dd_gate,NZD/CHF,BUY,eligibility,2026-09-23 11:18:21,SETTLED,2026-10-01 15:31:25
819,164,F_sentiment_only,NZD/CHF,BUY,eligibility,2026-09-23 11:18:22,SETTLED,2026-10-01 15:31:25
820,165,A_control,EUR/USD,BUY,eligibility,2026-09-23 11:18:22,SETTLED,2026-09-23 11:31:23
821,165,B_conf6_rr15,EUR/USD,BUY,eligibility,2026-09-23 11:18:22,SETTLED,2026-09-23 11:31:23
822,165,C_grade_based,EUR/USD,BUY,eligibility,2026-09-23 11:18:22,SETTLED,2026-09-23 11:31:23
823,165,D_no_da,EUR/USD,BUY,eligibility,2026-09-23 11:18:22,SETTLED,2026-09-23 11:31:23
824,165,F_sentiment_only,EUR/USD,BUY,eligibility,2026-09-23 11:18:22,SETTLED,2026-09-23 11:31:23
825,166,A_control,EUR/USD,BUY,eligibility,2026-09-23 12:56:11,SETTLED,2026-09-29 09:31:59
826,166,B_conf6_rr15,EUR/USD,BUY,eligibility,2026-09-23 12:56:11,SETTLED,2026-09-29 09:31:59
827,166,C_grade_based,EUR/USD,BUY,eligibility,2026-09-23 12:56:11,SETTLED,2026-09-29 09:31:59
828,166,D_no_da,EUR/USD,BUY,eligibility,2026-09-23 12:56:11,SETTLED,2026-09-29 09:31:59
829,166,E_no_dd_gate,EUR/USD,BUY,eligibility,2026-09-23 12:56:11,SETTLED,2026-09-29 09:31:59
830,166,F_sentiment_only,EUR/USD,BUY,eligibility,2026-09-23 12:56:11,SETTLED,2026-09-29 09:31:59
831,167,A_control,AUD/NZD,SELL,sizing,2026-09-23 12:56:11,SETTLED,2026-09-29 06:01:40
832,167,C_grade_based,AUD/NZD,SELL,sizing,2026-09-23 12:56:11,SETTLED,2026-09-29 06:01:40
833,167,F_sentiment_only,AUD/NZD,SELL,eligibility,2026-09-23 12:56:11,SETTLED,2026-09-29 06:01:40
834,168,A_control,NZD/USD,BUY,eligibility,2026-09-23 18:19:44,SETTLED,2026-09-24 14:31:23
835,168,B_conf6_rr15,NZD/USD,BUY,eligibility,2026-09-23 18:19:44,SETTLED,2026-09-24 14:31:23
836,168,C_grade_based,NZD/USD,BUY,eligibility,2026-09-23 18:19:44,SETTLED,2026-09-24 14:31:23
837,168,F_sentiment_only,NZD/USD,BUY,eligibility,2026-09-23 18:19:44,SETTLED,2026-09-24 14:31:23
838,169,A_control,USD/CAD,SELL,eligibility,2026-09-24 05:17:34,SETTLED,2026-09-24 14:01:32
839,169,B_conf6_rr15,USD/CAD,SELL,eligibility,2026-09-24 05:17:34,SETTLED,2026-09-24 14:01:32
840,169,C_grade_based,USD/CAD,SELL,eligibility,2026-09-24 05:17:34,SETTLED,2026-09-24 14:01:32
841,169,D_no_da,USD/CAD,SELL,eligibility,2026-09-24 05:17:34,SETTLED,2026-09-24 14:01:32
842,169,E_no_dd_gate,USD/CAD,SELL,eligibility,2026-09-24 05:17:34,SETTLED,2026-09-24 14:01:32
843,169,F_sentiment_only,USD/CAD,SELL,eligibility,2026-09-24 05:17:34,SETTLED,2026-09-24 14:01:32
844,170,A_control,USD/CAD,SELL,eligibility,2026-09-24 12:53:44,SETTLED,2026-09-24 14:01:32
845,170,B_conf6_rr15,USD/CAD,SELL,eligibility,2026-09-24 12:53:44,SETTLED,2026-09-24 14:01:32
846,170,C_grade_based,USD/CAD,SELL,eligibility,2026-09-24 12:53:44,SETTLED,2026-09-24 14:01:32
847,170,D_no_da,USD/CAD,SELL,eligibility,2026-09-24 12:53:44,SETTLED,2026-09-24 14:01:32
848,170,F_sentiment_only,USD/CAD,SELL,eligibility,2026-09-24 12:53:44,SETTLED,2026-09-24 14:01:32
849,171,A_control,AUD/NZD,SELL,eligibility,2026-09-24 12:53:44,PENDING,
850,171,B_conf6_rr15,AUD/NZD,SELL,eligibility,2026-09-24 12:53:44,PENDING,
851,171,C_grade_based,AUD/NZD,SELL,eligibility,2026-09-24 12:53:44,PENDING,
852,171,D_no_da,AUD/NZD,SELL,eligibility,2026-09-24 12:53:44,PENDING,
853,171,E_no_dd_gate,AUD/NZD,SELL,eligibility,2026-09-24 12:53:44,PENDING,
854,171,F_sentiment_only,AUD/NZD,SELL,eligibility,2026-09-24 12:53:44,PENDING,
855,172,A_control,NZD/CHF,BUY,eligibility,2026-09-24 18:20:52,SETTLED,2026-10-01 15:31:25
856,172,B_conf6_rr15,NZD/CHF,BUY,eligibility,2026-09-24 18:20:52,SETTLED,2026-10-01 15:31:25
857,172,C_grade_based,NZD/CHF,BUY,eligibility,2026-09-24 18:20:52,SETTLED,2026-10-01 15:31:25
858,172,D_no_da,NZD/CHF,BUY,eligibility,2026-09-24 18:20:52,SETTLED,2026-10-01 15:31:26
859,172,F_sentiment_only,NZD/CHF,BUY,eligibility,2026-09-24 18:20:52,SETTLED,2026-10-01 15:31:26
860,173,A_control,NZD/USD,BUY,eligibility,2026-09-24 18:20:52,SETTLED,2026-09-24 18:31:20
861,173,B_conf6_rr15,NZD/USD,BUY,eligibility,2026-09-24 18:20:52,SETTLED,2026-09-24 18:31:20
862,173,C_grade_based,NZD/USD,BUY,eligibility,2026-09-24 18:20:52,SETTLED,2026-09-24 18:31:20
863,173,D_no_da,NZD/USD,BUY,eligibility,2026-09-24 18:20:52,SETTLED,2026-09-24 18:31:20
864,173,E_no_dd_gate,NZD/USD,BUY,eligibility,2026-09-24 18:20:52,SETTLED,2026-09-24 18:31:20
865,173,F_sentiment_only,NZD/USD,BUY,eligibility,2026-09-24 18:20:52,SETTLED,2026-09-24 18:31:20
866,174,A_control,GBP/USD,BUY,eligibility,2026-09-24 18:20:52,SETTLED,2026-10-01 10:01:28
867,174,B_conf6_rr15,GBP/USD,BUY,eligibility,2026-09-24 18:20:52,SETTLED,2026-10-01 10:01:28
868,174,C_grade_based,GBP/USD,BUY,eligibility,2026-09-24 18:20:52,SETTLED,2026-10-01 10:01:28
869,174,D_no_da,GBP/USD,BUY,eligibility,2026-09-24 18:20:52,SETTLED,2026-10-01 10:01:28
871,174,F_sentiment_only,GBP/USD,BUY,eligibility,2026-09-24 18:20:52,SETTLED,2026-10-01 10:01:28
872,175,A_control,USD/CHF,SELL,eligibility,2026-09-25 05:17:55,SETTLED,2026-09-28 11:31:16
873,175,B_conf6_rr15,USD/CHF,SELL,eligibility,2026-09-25 05:17:55,SETTLED,2026-09-28 11:31:16
874,175,C_grade_based,USD/CHF,SELL,eligibility,2026-09-25 05:17:55,SETTLED,2026-09-28 11:31:16
875,175,D_no_da,USD/CHF,SELL,eligibility,2026-09-25 05:17:55,SETTLED,2026-09-28 11:31:16
876,175,E_no_dd_gate,USD/CHF,SELL,eligibility,2026-09-25 05:17:55,SETTLED,2026-09-28 11:31:16
877,175,F_sentiment_only,USD/CHF,SELL,eligibility,2026-09-25 05:17:55,SETTLED,2026-09-28 11:31:16
878,176,A_control,CHF/JPY,BUY,eligibility,2026-09-25 05:17:55,PENDING,
880,176,C_grade_based,CHF/JPY,BUY,eligibility,2026-09-25 05:17:55,PENDING,
883,176,F_sentiment_only,CHF/JPY,BUY,eligibility,2026-09-25 05:17:55,PENDING,
884,177,A_control,EUR/USD,BUY,eligibility,2026-09-25 05:17:55,SETTLED,2026-09-29 17:02:10
885,177,B_conf6_rr15,EUR/USD,BUY,eligibility,2026-09-25 05:17:55,SETTLED,2026-09-29 17:02:11
886,177,C_grade_based,EUR/USD,BUY,eligibility,2026-09-25 05:17:55,SETTLED,2026-09-29 17:02:11
887,177,D_no_da,EUR/USD,BUY,eligibility,2026-09-25 05:17:55,SETTLED,2026-09-29 17:02:11
888,177,F_sentiment_only,EUR/USD,BUY,eligibility,2026-09-25 05:17:55,SETTLED,2026-09-29 17:02:11
889,178,A_control,AUD/USD,BUY,eligibility,2026-09-25 05:17:55,SETTLED,2026-10-01 15:31:26
890,178,B_conf6_rr15,AUD/USD,BUY,eligibility,2026-09-25 05:17:55,SETTLED,2026-10-01 15:31:26
891,178,C_grade_based,AUD/USD,BUY,eligibility,2026-09-25 05:17:55,SETTLED,2026-10-01 15:31:26
892,178,D_no_da,AUD/USD,BUY,eligibility,2026-09-25 05:17:55,SETTLED,2026-10-01 15:31:26
893,178,F_sentiment_only,AUD/USD,BUY,eligibility,2026-09-25 05:17:55,SETTLED,2026-10-01 15:31:26
894,179,A_control,NZD/JPY,BUY,sizing,2026-09-25 11:18:33,PENDING,
895,179,C_grade_based,NZD/JPY,BUY,sizing,2026-09-25 11:18:33,PENDING,
896,179,F_sentiment_only,NZD/JPY,BUY,eligibility,2026-09-25 11:18:33,PENDING,
897,180,A_control,CAD/JPY,BUY,eligibility,2026-09-25 11:18:33,SETTLED,2026-09-25 13:31:15
898,180,B_conf6_rr15,CAD/JPY,BUY,eligibility,2026-09-25 11:18:33,SETTLED,2026-09-25 13:31:15
899,180,C_grade_based,CAD/JPY,BUY,eligibility,2026-09-25 11:18:33,SETTLED,2026-09-25 13:31:15
900,180,F_sentiment_only,CAD/JPY,BUY,eligibility,2026-09-25 11:18:33,SETTLED,2026-09-25 13:31:15
901,181,A_control,GBP/USD,BUY,eligibility,2026-09-25 12:56:25,PENDING,
902,181,B_conf6_rr15,GBP/USD,BUY,eligibility,2026-09-25 12:56:25,PENDING,
903,181,C_grade_based,GBP/USD,BUY,eligibility,2026-09-25 12:56:25,PENDING,
904,181,D_no_da,GBP/USD,BUY,eligibility,2026-09-25 12:56:25,PENDING,
905,181,F_sentiment_only,GBP/USD,BUY,eligibility,2026-09-25 12:56:25,PENDING,
906,182,A_control,NZD/JPY,BUY,eligibility,2026-09-25 12:56:25,SETTLED,2026-09-30 01:31:35
907,182,B_conf6_rr15,NZD/JPY,BUY,eligibility,2026-09-25 12:56:25,SETTLED,2026-09-30 01:31:35
908,182,C_grade_based,NZD/JPY,BUY,eligibility,2026-09-25 12:56:25,SETTLED,2026-09-30 01:31:35
909,182,F_sentiment_only,NZD/JPY,BUY,eligibility,2026-09-25 12:56:25,SETTLED,2026-09-30 01:31:35
910,183,A_control,CAD/JPY,BUY,eligibility,2026-09-25 12:56:25,SETTLED,2026-09-25 13:31:15
911,183,B_conf6_rr15,CAD/JPY,BUY,eligibility,2026-09-25 12:56:25,SETTLED,2026-09-25 13:31:16
912,183,C_grade_based,CAD/JPY,BUY,eligibility,2026-09-25 12:56:25,SETTLED,2026-09-25 13:31:16
913,183,F_sentiment_only,CAD/JPY,BUY,eligibility,2026-09-25 12:56:25,SETTLED,2026-09-25 13:31:16
914,184,A_control,USD/CHF,SELL,eligibility,2026-09-25 12:56:25,SETTLED,2026-09-30 20:31:29
915,184,B_conf6_rr15,USD/CHF,SELL,eligibility,2026-09-25 12:56:25,SETTLED,2026-09-30 20:31:29
916,184,C_grade_based,USD/CHF,SELL,eligibility,2026-09-25 12:56:25,SETTLED,2026-09-30 20:31:29
917,184,D_no_da,USD/CHF,SELL,eligibility,2026-09-25 12:56:25,SETTLED,2026-09-30 20:31:30
918,184,E_no_dd_gate,USD/CHF,SELL,eligibility,2026-09-25 12:56:25,SETTLED,2026-09-30 20:31:30
919,184,F_sentiment_only,USD/CHF,SELL,eligibility,2026-09-25 12:56:25,SETTLED,2026-09-30 20:31:30
920,185,A_control,EUR/USD,BUY,eligibility,2026-09-25 12:56:25,SETTLED,2026-09-29 17:02:11
921,185,B_conf6_rr15,EUR/USD,BUY,eligibility,2026-09-25 12:56:25,SETTLED,2026-09-29 17:02:11
922,185,C_grade_based,EUR/USD,BUY,eligibility,2026-09-25 12:56:25,SETTLED,2026-09-29 17:02:11
923,185,D_no_da,EUR/USD,BUY,eligibility,2026-09-25 12:56:25,SETTLED,2026-09-29 17:02:11
924,185,F_sentiment_only,EUR/USD,BUY,eligibility,2026-09-25 12:56:25,SETTLED,2026-09-29 17:02:11
925,186,A_control,USD/CAD,SELL,eligibility,2026-09-25 12:56:25,SETTLED,2026-10-01 02:01:27
926,186,B_conf6_rr15,USD/CAD,SELL,eligibility,2026-09-25 12:56:25,SETTLED,2026-10-01 02:01:27
927,186,C_grade_based,USD/CAD,SELL,eligibility,2026-09-25 12:56:25,SETTLED,2026-10-01 02:01:27
928,186,D_no_da,USD/CAD,SELL,eligibility,2026-09-25 12:56:25,SETTLED,2026-10-01 02:01:27
929,186,E_no_dd_gate,USD/CAD,SELL,eligibility,2026-09-25 12:56:25,SETTLED,2026-10-01 02:01:27
930,186,F_sentiment_only,USD/CAD,SELL,eligibility,2026-09-25 12:56:25,SETTLED,2026-10-01 02:01:27
931,187,A_control,AUD/USD,BUY,eligibility,2026-09-25 12:56:25,SETTLED,2026-09-29 15:31:22
932,187,B_conf6_rr15,AUD/USD,BUY,eligibility,2026-09-25 12:56:25,SETTLED,2026-09-29 15:31:22
933,187,C_grade_based,AUD/USD,BUY,eligibility,2026-09-25 12:56:25,SETTLED,2026-09-29 15:31:22
934,187,D_no_da,AUD/USD,BUY,eligibility,2026-09-25 12:56:25,SETTLED,2026-09-29 15:31:22
935,187,E_no_dd_gate,AUD/USD,BUY,eligibility,2026-09-25 12:56:25,SETTLED,2026-09-29 15:31:22
936,187,F_sentiment_only,AUD/USD,BUY,eligibility,2026-09-25 12:56:25,SETTLED,2026-09-29 15:31:22
937,188,A_control,GBP/JPY,BUY,eligibility,2026-09-27 18:21:16,PENDING,
938,188,B_conf6_rr15,GBP/JPY,BUY,eligibility,2026-09-27 18:21:16,PENDING,
939,188,C_grade_based,GBP/JPY,BUY,eligibility,2026-09-27 18:21:16,PENDING,
940,188,F_sentiment_only,GBP/JPY,BUY,eligibility,2026-09-27 18:21:16,PENDING,
941,188,G_mechanical_reversion,GBP/JPY,BUY,eligibility,2026-09-27 18:21:16,PENDING,
942,188,H_oscillator_extremity,GBP/JPY,BUY,eligibility,2026-09-27 18:21:16,PENDING,
943,188,I_bollinger_extremity,GBP/JPY,BUY,eligibility,2026-09-27 18:21:16,PENDING,
944,189,A_control,EUR/JPY,BUY,sizing,2026-09-27 18:21:16,SETTLED,2026-09-28 08:31:24
945,189,C_grade_based,EUR/JPY,BUY,sizing,2026-09-27 18:21:16,SETTLED,2026-09-28 08:31:24
946,189,F_sentiment_only,EUR/JPY,BUY,eligibility,2026-09-27 18:21:16,SETTLED,2026-09-28 08:31:24
947,189,G_mechanical_reversion,EUR/JPY,BUY,eligibility,2026-09-27 18:21:16,SETTLED,2026-09-28 08:31:24
948,189,H_oscillator_extremity,EUR/JPY,BUY,eligibility,2026-09-27 18:21:16,SETTLED,2026-09-28 08:31:24
949,189,I_bollinger_extremity,EUR/JPY,BUY,eligibility,2026-09-27 18:21:16,SETTLED,2026-09-28 08:31:24
950,190,A_control,USD/CHF,SELL,eligibility,2026-09-27 18:21:16,SETTLED,2026-09-29 05:31:21
951,190,B_conf6_rr15,USD/CHF,SELL,eligibility,2026-09-27 18:21:16,SETTLED,2026-09-29 05:31:21
952,190,C_grade_based,USD/CHF,SELL,eligibility,2026-09-27 18:21:16,SETTLED,2026-09-29 05:31:21
953,190,D_no_da,USD/CHF,SELL,eligibility,2026-09-27 18:21:16,SETTLED,2026-09-29 05:31:22
954,190,E_no_dd_gate,USD/CHF,SELL,eligibility,2026-09-27 18:21:16,SETTLED,2026-09-29 05:31:22
955,190,F_sentiment_only,USD/CHF,SELL,eligibility,2026-09-27 18:21:16,SETTLED,2026-09-29 05:31:22
956,191,A_control,NZD/JPY,BUY,eligibility,2026-09-27 18:21:16,SETTLED,2026-09-27 18:31:26
957,191,B_conf6_rr15,NZD/JPY,BUY,eligibility,2026-09-27 18:21:16,SETTLED,2026-09-27 18:31:26
958,191,C_grade_based,NZD/JPY,BUY,eligibility,2026-09-27 18:21:16,SETTLED,2026-09-27 18:31:26
959,191,F_sentiment_only,NZD/JPY,BUY,eligibility,2026-09-27 18:21:16,SETTLED,2026-09-27 18:31:26
960,191,G_mechanical_reversion,NZD/JPY,BUY,eligibility,2026-09-27 18:21:16,SETTLED,2026-09-27 18:31:26
961,191,H_oscillator_extremity,NZD/JPY,BUY,eligibility,2026-09-27 18:21:16,SETTLED,2026-09-27 18:31:26
962,191,I_bollinger_extremity,NZD/JPY,BUY,eligibility,2026-09-27 18:21:16,SETTLED,2026-09-27 18:31:27
963,192,A_control,CAD/JPY,BUY,eligibility,2026-09-27 18:21:16,SETTLED,2026-09-30 02:31:14
964,192,B_conf6_rr15,CAD/JPY,BUY,eligibility,2026-09-27 18:21:16,SETTLED,2026-09-30 02:31:14
965,192,C_grade_based,CAD/JPY,BUY,eligibility,2026-09-27 18:21:16,SETTLED,2026-09-30 02:31:14
966,192,F_sentiment_only,CAD/JPY,BUY,eligibility,2026-09-27 18:21:16,SETTLED,2026-09-30 02:31:14
967,192,G_mechanical_reversion,CAD/JPY,BUY,eligibility,2026-09-27 18:21:16,SETTLED,2026-09-30 02:31:14
968,192,H_oscillator_extremity,CAD/JPY,BUY,eligibility,2026-09-27 18:21:16,SETTLED,2026-09-30 02:31:14
969,192,I_bollinger_extremity,CAD/JPY,BUY,eligibility,2026-09-27 18:21:16,SETTLED,2026-09-30 02:31:14
970,193,A_control,USD/CAD,SELL,eligibility,2026-09-27 18:21:16,PENDING,
971,193,B_conf6_rr15,USD/CAD,SELL,eligibility,2026-09-27 18:21:16,PENDING,
972,193,C_grade_based,USD/CAD,SELL,eligibility,2026-09-27 18:21:16,PENDING,
973,193,D_no_da,USD/CAD,SELL,eligibility,2026-09-27 18:21:16,PENDING,
974,193,E_no_dd_gate,USD/CAD,SELL,eligibility,2026-09-27 18:21:16,PENDING,
975,193,F_sentiment_only,USD/CAD,SELL,eligibility,2026-09-27 18:21:16,PENDING,
976,194,A_control,AUD/USD,BUY,eligibility,2026-09-27 18:21:16,PENDING,
977,194,B_conf6_rr15,AUD/USD,BUY,eligibility,2026-09-27 18:21:16,PENDING,
978,194,C_grade_based,AUD/USD,BUY,eligibility,2026-09-27 18:21:16,PENDING,
979,194,D_no_da,AUD/USD,BUY,eligibility,2026-09-27 18:21:16,PENDING,
980,194,F_sentiment_only,AUD/USD,BUY,eligibility,2026-09-27 18:21:16,PENDING,
981,194,G_mechanical_reversion,AUD/USD,BUY,eligibility,2026-09-27 18:21:16,PENDING,
982,195,A_control,NZD/USD,BUY,eligibility,2026-09-27 18:21:16,SETTLED,2026-10-01 09:01:33
983,195,B_conf6_rr15,NZD/USD,BUY,eligibility,2026-09-27 18:21:16,SETTLED,2026-10-01 09:01:33
984,195,C_grade_based,NZD/USD,BUY,eligibility,2026-09-27 18:21:16,SETTLED,2026-10-01 09:01:33
985,195,D_no_da,NZD/USD,BUY,eligibility,2026-09-27 18:21:16,SETTLED,2026-10-01 09:01:33
986,195,E_no_dd_gate,NZD/USD,BUY,eligibility,2026-09-27 18:21:16,SETTLED,2026-10-01 09:01:33
987,195,F_sentiment_only,NZD/USD,BUY,eligibility,2026-09-27 18:21:16,SETTLED,2026-10-01 09:01:33
988,196,A_control,GBP/USD,BUY,eligibility,2026-09-27 18:21:16,PENDING,
989,196,B_conf6_rr15,GBP/USD,BUY,eligibility,2026-09-27 18:21:16,PENDING,
990,196,C_grade_based,GBP/USD,BUY,eligibility,2026-09-27 18:21:16,PENDING,
991,196,D_no_da,GBP/USD,BUY,eligibility,2026-09-27 18:21:16,PENDING,
992,196,E_no_dd_gate,GBP/USD,BUY,eligibility,2026-09-27 18:21:16,PENDING,
993,196,F_sentiment_only,GBP/USD,BUY,eligibility,2026-09-27 18:21:16,PENDING,
994,197,A_control,EUR/USD,BUY,eligibility,2026-09-27 21:18:43,SETTLED,2026-09-29 17:02:11
996,197,C_grade_based,EUR/USD,BUY,eligibility,2026-09-27 21:18:43,SETTLED,2026-09-29 17:02:11
998,197,F_sentiment_only,EUR/USD,BUY,eligibility,2026-09-27 21:18:43,SETTLED,2026-09-29 17:02:11
999,198,A_control,CHF/JPY,BUY,eligibility,2026-09-27 21:18:43,PENDING,
1000,198,B_conf6_rr15,CHF/JPY,BUY,eligibility,2026-09-27 21:18:43,PENDING,
1001,198,C_grade_based,CHF/JPY,BUY,eligibility,2026-09-27 21:18:43,PENDING,
1002,198,F_sentiment_only,CHF/JPY,BUY,eligibility,2026-09-27 21:18:43,PENDING,
1003,198,G_mechanical_reversion,CHF/JPY,BUY,eligibility,2026-09-27 21:18:43,PENDING,
1004,198,H_oscillator_extremity,CHF/JPY,BUY,eligibility,2026-09-27 21:18:43,PENDING,
1005,198,I_bollinger_extremity,CHF/JPY,BUY,eligibility,2026-09-27 21:18:43,PENDING,
1006,199,A_control,NZD/JPY,BUY,eligibility,2026-09-28 11:21:23,SETTLED,2026-09-28 11:31:16
1007,199,B_conf6_rr15,NZD/JPY,BUY,eligibility,2026-09-28 11:21:23,SETTLED,2026-09-28 11:31:16
1008,199,C_grade_based,NZD/JPY,BUY,eligibility,2026-09-28 11:21:23,SETTLED,2026-09-28 11:31:16
1009,199,F_sentiment_only,NZD/JPY,BUY,eligibility,2026-09-28 11:21:23,SETTLED,2026-09-28 11:31:16
1010,199,G_mechanical_reversion,NZD/JPY,BUY,eligibility,2026-09-28 11:21:23,SETTLED,2026-09-28 11:31:16
1011,199,H_oscillator_extremity,NZD/JPY,BUY,eligibility,2026-09-28 11:21:23,SETTLED,2026-09-28 11:31:16
1012,199,I_bollinger_extremity,NZD/JPY,BUY,eligibility,2026-09-28 11:21:23,SETTLED,2026-09-28 11:31:16
1013,200,A_control,EUR/USD,BUY,eligibility,2026-09-28 11:21:23,SETTLED,2026-10-01 15:31:26
1015,200,C_grade_based,EUR/USD,BUY,eligibility,2026-09-28 11:21:23,SETTLED,2026-10-01 15:31:26
1016,200,F_sentiment_only,EUR/USD,BUY,eligibility,2026-09-28 11:21:23,SETTLED,2026-10-01 15:31:26
1017,201,A_control,CAD/JPY,BUY,sizing,2026-09-28 11:21:23,SETTLED,2026-09-28 11:31:17
1018,201,C_grade_based,CAD/JPY,BUY,sizing,2026-09-28 11:21:23,SETTLED,2026-09-28 11:31:17
1019,201,E_no_dd_gate,CAD/JPY,BUY,eligibility,2026-09-28 11:21:23,SETTLED,2026-09-28 11:31:17
1020,201,F_sentiment_only,CAD/JPY,BUY,eligibility,2026-09-28 11:21:23,SETTLED,2026-09-28 11:31:17
1021,201,G_mechanical_reversion,CAD/JPY,BUY,eligibility,2026-09-28 11:21:23,SETTLED,2026-09-28 11:31:17
1022,201,H_oscillator_extremity,CAD/JPY,BUY,eligibility,2026-09-28 11:21:23,SETTLED,2026-09-28 11:31:17
1023,201,I_bollinger_extremity,CAD/JPY,BUY,eligibility,2026-09-28 11:21:23,SETTLED,2026-09-28 11:31:17
1024,202,A_control,CHF/JPY,BUY,eligibility,2026-09-28 11:21:23,SETTLED,2026-09-28 11:31:17
1025,202,B_conf6_rr15,CHF/JPY,BUY,eligibility,2026-09-28 11:21:23,SETTLED,2026-09-28 11:31:17
1026,202,C_grade_based,CHF/JPY,BUY,eligibility,2026-09-28 11:21:23,SETTLED,2026-09-28 11:31:17
1027,202,F_sentiment_only,CHF/JPY,BUY,eligibility,2026-09-28 11:21:23,SETTLED,2026-09-28 11:31:17
1028,202,G_mechanical_reversion,CHF/JPY,BUY,eligibility,2026-09-28 11:21:23,SETTLED,2026-09-28 11:31:17
1029,202,H_oscillator_extremity,CHF/JPY,BUY,eligibility,2026-09-28 11:21:23,SETTLED,2026-09-28 11:31:17
1030,202,I_bollinger_extremity,CHF/JPY,BUY,eligibility,2026-09-28 11:21:23,SETTLED,2026-09-28 11:31:17
1031,203,A_control,USD/CAD,SELL,eligibility,2026-09-28 11:21:23,PENDING,
1032,203,B_conf6_rr15,USD/CAD,SELL,eligibility,2026-09-28 11:21:23,PENDING,
1033,203,C_grade_based,USD/CAD,SELL,eligibility,2026-09-28 11:21:23,PENDING,
1036,203,F_sentiment_only,USD/CAD,SELL,eligibility,2026-09-28 11:21:23,PENDING,
1037,204,A_control,AUD/USD,BUY,eligibility,2026-09-28 11:21:23,SETTLED,2026-09-30 14:31:26
1038,204,B_conf6_rr15,AUD/USD,BUY,eligibility,2026-09-28 11:21:23,SETTLED,2026-09-30 14:31:26
1039,204,C_grade_based,AUD/USD,BUY,eligibility,2026-09-28 11:21:23,SETTLED,2026-09-30 14:31:26
1040,204,D_no_da,AUD/USD,BUY,eligibility,2026-09-28 11:21:23,SETTLED,2026-09-30 14:31:26
1042,204,F_sentiment_only,AUD/USD,BUY,eligibility,2026-09-28 11:21:23,SETTLED,2026-09-30 14:31:26
1043,204,G_mechanical_reversion,AUD/USD,BUY,eligibility,2026-09-28 11:21:23,SETTLED,2026-09-30 14:31:26
1044,205,A_control,GBP/USD,BUY,eligibility,2026-09-28 11:21:23,SETTLED,2026-10-01 17:01:31
1045,205,B_conf6_rr15,GBP/USD,BUY,eligibility,2026-09-28 11:21:23,SETTLED,2026-10-01 17:01:31
1046,205,C_grade_based,GBP/USD,BUY,eligibility,2026-09-28 11:21:23,SETTLED,2026-10-01 17:01:31
1047,205,D_no_da,GBP/USD,BUY,eligibility,2026-09-28 11:21:23,SETTLED,2026-10-01 17:01:31
1048,205,E_no_dd_gate,GBP/USD,BUY,eligibility,2026-09-28 11:21:23,SETTLED,2026-10-01 17:01:31
1049,205,F_sentiment_only,GBP/USD,BUY,eligibility,2026-09-28 11:21:23,SETTLED,2026-10-01 17:01:31
1050,206,A_control,USD/CHF,SELL,eligibility,2026-09-28 15:33:49,SETTLED,2026-09-29 04:01:28
1051,206,B_conf6_rr15,USD/CHF,SELL,eligibility,2026-09-28 15:33:49,SETTLED,2026-09-29 04:01:28
1052,206,C_grade_based,USD/CHF,SELL,eligibility,2026-09-28 15:33:49,SETTLED,2026-09-29 04:01:28
1053,206,D_no_da,USD/CHF,SELL,eligibility,2026-09-28 15:33:49,SETTLED,2026-09-29 04:01:28
1054,206,E_no_dd_gate,USD/CHF,SELL,eligibility,2026-09-28 15:33:49,SETTLED,2026-09-29 04:01:28
1055,206,F_sentiment_only,USD/CHF,SELL,eligibility,2026-09-28 15:33:49,SETTLED,2026-09-29 04:01:28
1056,207,A_control,EUR/JPY,BUY,eligibility,2026-09-29 05:21:29,SETTLED,2026-09-30 02:01:33
1057,207,B_conf6_rr15,EUR/JPY,BUY,eligibility,2026-09-29 05:21:29,SETTLED,2026-09-30 02:01:33
1058,207,C_grade_based,EUR/JPY,BUY,eligibility,2026-09-29 05:21:29,SETTLED,2026-09-30 02:01:33
1059,207,F_sentiment_only,EUR/JPY,BUY,eligibility,2026-09-29 05:21:29,SETTLED,2026-09-30 02:01:33
1060,207,G_mechanical_reversion,EUR/JPY,BUY,eligibility,2026-09-29 05:21:29,SETTLED,2026-09-30 02:01:33
1061,207,H_oscillator_extremity,EUR/JPY,BUY,eligibility,2026-09-29 05:21:29,SETTLED,2026-09-30 02:01:33
1062,207,I_bollinger_extremity,EUR/JPY,BUY,eligibility,2026-09-29 05:21:29,SETTLED,2026-09-30 02:01:33
1063,208,A_control,NZD/USD,BUY,eligibility,2026-09-29 05:21:29,SETTLED,2026-09-29 05:31:23
1064,208,B_conf6_rr15,NZD/USD,BUY,eligibility,2026-09-29 05:21:29,SETTLED,2026-09-29 05:31:23
1065,208,C_grade_based,NZD/USD,BUY,eligibility,2026-09-29 05:21:29,SETTLED,2026-09-29 05:31:23
1066,208,D_no_da,NZD/USD,BUY,eligibility,2026-09-29 05:21:29,SETTLED,2026-09-29 05:31:23
1067,208,E_no_dd_gate,NZD/USD,BUY,eligibility,2026-09-29 05:21:29,SETTLED,2026-09-29 05:31:23
1068,208,F_sentiment_only,NZD/USD,BUY,eligibility,2026-09-29 05:21:29,SETTLED,2026-09-29 05:31:23
1069,209,A_control,EUR/JPY,BUY,sizing,2026-09-29 11:21:51,PENDING,
1070,209,C_grade_based,EUR/JPY,BUY,sizing,2026-09-29 11:21:51,PENDING,
1071,209,F_sentiment_only,EUR/JPY,BUY,eligibility,2026-09-29 11:21:51,PENDING,
1072,209,G_mechanical_reversion,EUR/JPY,BUY,eligibility,2026-09-29 11:21:51,PENDING,
1073,209,H_oscillator_extremity,EUR/JPY,BUY,eligibility,2026-09-29 11:21:51,PENDING,
1074,209,I_bollinger_extremity,EUR/JPY,BUY,eligibility,2026-09-29 11:21:51,PENDING,
1075,210,A_control,USD/CHF,SELL,eligibility,2026-09-29 11:21:51,SETTLED,2026-10-01 03:31:14
1076,210,B_conf6_rr15,USD/CHF,SELL,eligibility,2026-09-29 11:21:51,SETTLED,2026-10-01 03:31:14
1077,210,C_grade_based,USD/CHF,SELL,eligibility,2026-09-29 11:21:51,SETTLED,2026-10-01 03:31:14
1078,210,D_no_da,USD/CHF,SELL,eligibility,2026-09-29 11:21:51,SETTLED,2026-10-01 03:31:14
1079,210,E_no_dd_gate,USD/CHF,SELL,eligibility,2026-09-29 11:21:51,SETTLED,2026-10-01 03:31:14
1080,210,F_sentiment_only,USD/CHF,SELL,eligibility,2026-09-29 11:21:51,SETTLED,2026-10-01 03:31:14
1081,211,A_control,NZD/JPY,BUY,eligibility,2026-09-29 11:21:51,PENDING,
1082,211,B_conf6_rr15,NZD/JPY,BUY,eligibility,2026-09-29 11:21:51,PENDING,
1083,211,C_grade_based,NZD/JPY,BUY,eligibility,2026-09-29 11:21:51,PENDING,
1084,211,F_sentiment_only,NZD/JPY,BUY,eligibility,2026-09-29 11:21:51,PENDING,
1085,211,G_mechanical_reversion,NZD/JPY,BUY,eligibility,2026-09-29 11:21:51,PENDING,
1086,211,H_oscillator_extremity,NZD/JPY,BUY,eligibility,2026-09-29 11:21:51,PENDING,
1087,211,I_bollinger_extremity,NZD/JPY,BUY,eligibility,2026-09-29 11:21:51,PENDING,
1088,212,A_control,EUR/USD,BUY,sizing,2026-09-29 11:21:51,SETTLED,2026-10-01 15:01:45
1089,212,C_grade_based,EUR/USD,BUY,sizing,2026-09-29 11:21:51,SETTLED,2026-10-01 15:01:45
1091,212,F_sentiment_only,EUR/USD,BUY,eligibility,2026-09-29 11:21:51,SETTLED,2026-10-01 15:01:45
1092,213,A_control,CAD/JPY,BUY,eligibility,2026-09-29 11:21:51,PENDING,
1094,213,C_grade_based,CAD/JPY,BUY,eligibility,2026-09-29 11:21:51,PENDING,
1095,213,F_sentiment_only,CAD/JPY,BUY,eligibility,2026-09-29 11:21:51,PENDING,
1096,213,G_mechanical_reversion,CAD/JPY,BUY,eligibility,2026-09-29 11:21:51,PENDING,
1097,213,H_oscillator_extremity,CAD/JPY,BUY,eligibility,2026-09-29 11:21:51,PENDING,
1098,213,I_bollinger_extremity,CAD/JPY,BUY,eligibility,2026-09-29 11:21:51,PENDING,
1099,214,A_control,USD/CAD,SELL,sizing,2026-09-29 11:21:51,PENDING,
1100,214,C_grade_based,USD/CAD,SELL,sizing,2026-09-29 11:21:51,PENDING,
1101,214,F_sentiment_only,USD/CAD,SELL,eligibility,2026-09-29 11:21:51,PENDING,
1102,215,A_control,GBP/NZD,SELL,eligibility,2026-09-29 11:21:51,SETTLED,2026-09-30 12:01:36
1103,215,B_conf6_rr15,GBP/NZD,SELL,eligibility,2026-09-29 11:21:51,SETTLED,2026-09-30 12:01:36
1104,215,C_grade_based,GBP/NZD,SELL,eligibility,2026-09-29 11:21:51,SETTLED,2026-09-30 12:01:36
1105,215,D_no_da,GBP/NZD,SELL,eligibility,2026-09-29 11:21:51,SETTLED,2026-09-30 12:01:36
1106,215,E_no_dd_gate,GBP/NZD,SELL,eligibility,2026-09-29 11:21:51,SETTLED,2026-09-30 12:01:36
1107,215,F_sentiment_only,GBP/NZD,SELL,eligibility,2026-09-29 11:21:51,SETTLED,2026-09-30 12:01:36
1108,215,G_mechanical_reversion,GBP/NZD,SELL,eligibility,2026-09-29 11:21:51,SETTLED,2026-09-30 12:01:36
1109,215,H_oscillator_extremity,GBP/NZD,SELL,eligibility,2026-09-29 11:21:51,SETTLED,2026-09-30 12:01:36
1110,215,I_bollinger_extremity,GBP/NZD,SELL,eligibility,2026-09-29 11:21:51,SETTLED,2026-09-30 12:01:36
1111,216,A_control,AUD/USD,BUY,eligibility,2026-09-29 11:21:51,SETTLED,2026-10-01 16:01:35
1112,216,B_conf6_rr15,AUD/USD,BUY,eligibility,2026-09-29 11:21:51,SETTLED,2026-10-01 16:01:35
1113,216,C_grade_based,AUD/USD,BUY,eligibility,2026-09-29 11:21:51,SETTLED,2026-10-01 16:01:35
1114,216,D_no_da,AUD/USD,BUY,eligibility,2026-09-29 11:21:51,SETTLED,2026-10-01 16:01:35
1115,216,E_no_dd_gate,AUD/USD,BUY,eligibility,2026-09-29 11:21:51,SETTLED,2026-10-01 16:01:35
1116,216,F_sentiment_only,AUD/USD,BUY,eligibility,2026-09-29 11:21:51,SETTLED,2026-10-01 16:01:35
1117,216,G_mechanical_reversion,AUD/USD,BUY,eligibility,2026-09-29 11:21:51,SETTLED,2026-10-01 16:01:35
1118,217,A_control,NZD/USD,BUY,eligibility,2026-09-29 11:21:51,SETTLED,2026-10-01 10:01:28
1119,217,B_conf6_rr15,NZD/USD,BUY,eligibility,2026-09-29 11:21:51,SETTLED,2026-10-01 10:01:28
1120,217,C_grade_based,NZD/USD,BUY,eligibility,2026-09-29 11:21:51,SETTLED,2026-10-01 10:01:28
1121,217,F_sentiment_only,NZD/USD,BUY,eligibility,2026-09-29 11:21:51,SETTLED,2026-10-01 10:01:28
1122,218,A_control,GBP/USD,BUY,eligibility,2026-09-29 11:21:51,PENDING,
1123,218,B_conf6_rr15,GBP/USD,BUY,eligibility,2026-09-29 11:21:51,PENDING,
1124,218,C_grade_based,GBP/USD,BUY,eligibility,2026-09-29 11:21:51,PENDING,
1125,218,D_no_da,GBP/USD,BUY,eligibility,2026-09-29 11:21:51,PENDING,
1126,218,E_no_dd_gate,GBP/USD,BUY,eligibility,2026-09-29 11:21:51,PENDING,
1127,218,F_sentiment_only,GBP/USD,BUY,eligibility,2026-09-29 11:21:51,PENDING,
1128,219,A_control,CHF/JPY,BUY,eligibility,2026-09-29 14:14:04,SETTLED,2026-09-29 14:31:19
1129,219,B_conf6_rr15,CHF/JPY,BUY,eligibility,2026-09-29 14:14:04,SETTLED,2026-09-29 14:31:19
1130,219,C_grade_based,CHF/JPY,BUY,eligibility,2026-09-29 14:14:04,SETTLED,2026-09-29 14:31:19
1131,219,F_sentiment_only,CHF/JPY,BUY,eligibility,2026-09-29 14:14:04,SETTLED,2026-09-29 14:31:19
1132,219,G_mechanical_reversion,CHF/JPY,BUY,eligibility,2026-09-29 14:14:04,SETTLED,2026-09-29 14:31:19
1133,219,H_oscillator_extremity,CHF/JPY,BUY,eligibility,2026-09-29 14:14:04,SETTLED,2026-09-29 14:31:19
1134,219,I_bollinger_extremity,CHF/JPY,BUY,eligibility,2026-09-29 14:14:04,SETTLED,2026-09-29 14:31:19
1135,220,A_control,GBP/JPY,BUY,eligibility,2026-09-30 05:21:42,PENDING,
1136,220,B_conf6_rr15,GBP/JPY,BUY,eligibility,2026-09-30 05:21:42,PENDING,
1137,220,C_grade_based,GBP/JPY,BUY,eligibility,2026-09-30 05:21:42,PENDING,
1138,220,F_sentiment_only,GBP/JPY,BUY,eligibility,2026-09-30 05:21:42,PENDING,
1139,220,G_mechanical_reversion,GBP/JPY,BUY,eligibility,2026-09-30 05:21:42,PENDING,
1140,220,H_oscillator_extremity,GBP/JPY,BUY,eligibility,2026-09-30 05:21:42,PENDING,
1141,220,I_bollinger_extremity,GBP/JPY,BUY,eligibility,2026-09-30 05:21:42,PENDING,
1142,221,A_control,USD/CHF,SELL,eligibility,2026-09-30 11:20:55,PENDING,
1143,221,B_conf6_rr15,USD/CHF,SELL,eligibility,2026-09-30 11:20:55,PENDING,
1144,221,C_grade_based,USD/CHF,SELL,eligibility,2026-09-30 11:20:55,PENDING,
1145,221,D_no_da,USD/CHF,SELL,eligibility,2026-09-30 11:20:55,PENDING,
1147,221,F_sentiment_only,USD/CHF,SELL,eligibility,2026-09-30 11:20:55,PENDING,
1148,222,A_control,EUR/USD,BUY,eligibility,2026-09-30 11:20:55,SETTLED,2026-10-01 07:01:31
1150,222,C_grade_based,EUR/USD,BUY,eligibility,2026-09-30 11:20:55,SETTLED,2026-10-01 07:01:31
1151,222,F_sentiment_only,EUR/USD,BUY,eligibility,2026-09-30 11:20:55,SETTLED,2026-10-01 07:01:31
1152,223,A_control,CAD/JPY,BUY,eligibility,2026-09-30 11:20:55,PENDING,
1153,223,B_conf6_rr15,CAD/JPY,BUY,eligibility,2026-09-30 11:20:55,PENDING,
1154,223,C_grade_based,CAD/JPY,BUY,eligibility,2026-09-30 11:20:55,PENDING,
1155,223,D_no_da,CAD/JPY,BUY,eligibility,2026-09-30 11:20:55,PENDING,
1156,223,E_no_dd_gate,CAD/JPY,BUY,eligibility,2026-09-30 11:20:55,PENDING,
1157,223,F_sentiment_only,CAD/JPY,BUY,eligibility,2026-09-30 11:20:55,PENDING,
1158,223,G_mechanical_reversion,CAD/JPY,BUY,eligibility,2026-09-30 11:20:55,PENDING,
1159,223,H_oscillator_extremity,CAD/JPY,BUY,eligibility,2026-09-30 11:20:55,PENDING,
1160,223,I_bollinger_extremity,CAD/JPY,BUY,eligibility,2026-09-30 11:20:55,PENDING,
1161,224,A_control,CHF/JPY,BUY,eligibility,2026-09-30 11:20:55,PENDING,
1162,224,B_conf6_rr15,CHF/JPY,BUY,eligibility,2026-09-30 11:20:55,PENDING,
1163,224,C_grade_based,CHF/JPY,BUY,eligibility,2026-09-30 11:20:55,PENDING,
1164,224,F_sentiment_only,CHF/JPY,BUY,eligibility,2026-09-30 11:20:55,PENDING,
1165,224,G_mechanical_reversion,CHF/JPY,BUY,eligibility,2026-09-30 11:20:55,PENDING,
1166,224,H_oscillator_extremity,CHF/JPY,BUY,eligibility,2026-09-30 11:20:55,PENDING,
1167,224,I_bollinger_extremity,CHF/JPY,BUY,eligibility,2026-09-30 11:20:55,PENDING,
1168,225,A_control,USD/CAD,SELL,eligibility,2026-09-30 11:20:55,PENDING,
1169,225,B_conf6_rr15,USD/CAD,SELL,eligibility,2026-09-30 11:20:55,PENDING,
1170,225,C_grade_based,USD/CAD,SELL,eligibility,2026-09-30 11:20:55,PENDING,
1171,225,F_sentiment_only,USD/CAD,SELL,eligibility,2026-09-30 11:20:55,PENDING,
1172,226,A_control,GBP/NZD,SELL,eligibility,2026-09-30 11:20:55,SETTLED,2026-09-30 11:31:20
1173,226,B_conf6_rr15,GBP/NZD,SELL,eligibility,2026-09-30 11:20:55,SETTLED,2026-09-30 11:31:20
1174,226,C_grade_based,GBP/NZD,SELL,eligibility,2026-09-30 11:20:55,SETTLED,2026-09-30 11:31:20
1175,226,F_sentiment_only,GBP/NZD,SELL,eligibility,2026-09-30 11:20:55,SETTLED,2026-09-30 11:31:20
1176,226,G_mechanical_reversion,GBP/NZD,SELL,eligibility,2026-09-30 11:20:55,SETTLED,2026-09-30 11:31:20
1177,226,H_oscillator_extremity,GBP/NZD,SELL,eligibility,2026-09-30 11:20:55,SETTLED,2026-09-30 11:31:20
1178,226,I_bollinger_extremity,GBP/NZD,SELL,eligibility,2026-09-30 11:20:55,SETTLED,2026-09-30 11:31:20
1179,227,A_control,NZD/USD,BUY,eligibility,2026-09-30 11:20:55,SETTLED,2026-10-01 07:41:33
1180,227,B_conf6_rr15,NZD/USD,BUY,eligibility,2026-09-30 11:20:55,SETTLED,2026-10-01 07:41:33
1181,227,C_grade_based,NZD/USD,BUY,eligibility,2026-09-30 11:20:55,SETTLED,2026-10-01 07:41:33
1182,227,D_no_da,NZD/USD,BUY,eligibility,2026-09-30 11:20:55,SETTLED,2026-10-01 07:41:33
1183,227,E_no_dd_gate,NZD/USD,BUY,eligibility,2026-09-30 11:20:55,SETTLED,2026-10-01 07:41:33
1184,227,F_sentiment_only,NZD/USD,BUY,eligibility,2026-09-30 11:20:55,SETTLED,2026-10-01 07:41:33
1185,228,A_control,GBP/USD,BUY,eligibility,2026-09-30 13:49:59,PENDING,
1186,228,B_conf6_rr15,GBP/USD,BUY,eligibility,2026-09-30 13:49:59,PENDING,
1187,228,C_grade_based,GBP/USD,BUY,eligibility,2026-09-30 13:49:59,PENDING,
1188,228,D_no_da,GBP/USD,BUY,eligibility,2026-09-30 13:49:59,PENDING,
1189,228,E_no_dd_gate,GBP/USD,BUY,eligibility,2026-09-30 13:49:59,PENDING,
1190,228,F_sentiment_only,GBP/USD,BUY,eligibility,2026-09-30 13:49:59,PENDING,
1191,229,A_control,AUD/USD,BUY,eligibility,2026-09-30 13:49:59,SETTLED,2026-09-30 14:01:41
1192,229,B_conf6_rr15,AUD/USD,BUY,eligibility,2026-09-30 13:49:59,SETTLED,2026-09-30 14:01:41
1193,229,C_grade_based,AUD/USD,BUY,eligibility,2026-09-30 13:49:59,SETTLED,2026-09-30 14:01:41
1194,229,D_no_da,AUD/USD,BUY,eligibility,2026-09-30 13:49:59,SETTLED,2026-09-30 14:01:41
1195,229,E_no_dd_gate,AUD/USD,BUY,eligibility,2026-09-30 13:49:59,SETTLED,2026-09-30 14:01:42
1196,229,F_sentiment_only,AUD/USD,BUY,eligibility,2026-09-30 13:49:59,SETTLED,2026-09-30 14:01:42
1197,229,G_mechanical_reversion,AUD/USD,BUY,eligibility,2026-09-30 13:49:59,SETTLED,2026-09-30 14:01:42
1198,230,A_control,NZD/JPY,BUY,eligibility,2026-09-30 21:18:09,PENDING,
1200,230,C_grade_based,NZD/JPY,BUY,eligibility,2026-09-30 21:18:09,PENDING,
1201,230,F_sentiment_only,NZD/JPY,BUY,eligibility,2026-09-30 21:18:09,PENDING,
1204,230,I_bollinger_extremity,NZD/JPY,BUY,eligibility,2026-09-30 21:18:09,PENDING,
1205,231,A_control,EUR/JPY,BUY,eligibility,2026-10-01 11:19:56,SETTLED,2026-10-02 12:31:16
1207,231,C_grade_based,EUR/JPY,BUY,eligibility,2026-10-01 11:19:56,SETTLED,2026-10-02 12:31:17
1210,231,F_sentiment_only,EUR/JPY,BUY,eligibility,2026-10-01 11:19:56,SETTLED,2026-10-02 12:31:17
1211,231,G_mechanical_reversion,EUR/JPY,BUY,eligibility,2026-10-01 11:19:56,SETTLED,2026-10-02 12:31:17
1212,231,H_oscillator_extremity,EUR/JPY,BUY,eligibility,2026-10-01 11:19:56,SETTLED,2026-10-02 12:31:17
1213,231,I_bollinger_extremity,EUR/JPY,BUY,eligibility,2026-10-01 11:19:56,SETTLED,2026-10-02 12:31:17
1214,232,A_control,USD/CHF,SELL,eligibility,2026-10-01 11:19:56,PENDING,
1215,232,B_conf6_rr15,USD/CHF,SELL,eligibility,2026-10-01 11:19:56,PENDING,
1216,232,C_grade_based,USD/CHF,SELL,eligibility,2026-10-01 11:19:56,PENDING,
1217,232,D_no_da,USD/CHF,SELL,eligibility,2026-10-01 11:19:56,PENDING,
1218,232,E_no_dd_gate,USD/CHF,SELL,eligibility,2026-10-01 11:19:56,PENDING,
1219,232,F_sentiment_only,USD/CHF,SELL,eligibility,2026-10-01 11:19:56,PENDING,
1221,233,A_control,NZD/JPY,BUY,sizing,2026-10-01 11:19:56,PENDING,
1222,233,C_grade_based,NZD/JPY,BUY,sizing,2026-10-01 11:19:56,PENDING,
1223,233,F_sentiment_only,NZD/JPY,BUY,eligibility,2026-10-01 11:19:56,PENDING,
1225,233,I_bollinger_extremity,NZD/JPY,BUY,eligibility,2026-10-01 11:19:56,PENDING,
1226,234,A_control,EUR/USD,BUY,sizing,2026-10-01 11:19:56,SETTLED,2026-10-01 17:01:32
1227,234,C_grade_based,EUR/USD,BUY,sizing,2026-10-01 11:19:56,SETTLED,2026-10-01 17:01:32
1228,234,F_sentiment_only,EUR/USD,BUY,eligibility,2026-10-01 11:19:56,SETTLED,2026-10-01 17:01:32
1229,234,G_mechanical_reversion,EUR/USD,BUY,sizing,2026-10-01 11:19:56,SETTLED,2026-10-01 17:01:32
1230,235,A_control,CAD/JPY,BUY,eligibility,2026-10-01 11:19:56,PENDING,
1231,235,B_conf6_rr15,CAD/JPY,BUY,eligibility,2026-10-01 11:19:56,PENDING,
1232,235,C_grade_based,CAD/JPY,BUY,eligibility,2026-10-01 11:19:56,PENDING,
1233,235,D_no_da,CAD/JPY,BUY,eligibility,2026-10-01 11:19:56,PENDING,
1234,235,F_sentiment_only,CAD/JPY,BUY,eligibility,2026-10-01 11:19:56,PENDING,
1237,236,A_control,USD/CAD,SELL,eligibility,2026-10-01 11:19:56,PENDING,
1239,236,C_grade_based,USD/CAD,SELL,eligibility,2026-10-01 11:19:56,PENDING,
1240,236,F_sentiment_only,USD/CAD,SELL,eligibility,2026-10-01 11:19:56,PENDING,
1242,237,A_control,GBP/NZD,SELL,eligibility,2026-10-01 11:19:56,SETTLED,2026-10-01 11:31:14
1243,237,B_conf6_rr15,GBP/NZD,SELL,eligibility,2026-10-01 11:19:56,SETTLED,2026-10-01 11:31:14
1244,237,C_grade_based,GBP/NZD,SELL,eligibility,2026-10-01 11:19:56,SETTLED,2026-10-01 11:31:14
1245,237,D_no_da,GBP/NZD,SELL,eligibility,2026-10-01 11:19:56,SETTLED,2026-10-01 11:31:14
1246,237,E_no_dd_gate,GBP/NZD,SELL,eligibility,2026-10-01 11:19:56,SETTLED,2026-10-01 11:31:14
1247,237,F_sentiment_only,GBP/NZD,SELL,eligibility,2026-10-01 11:19:56,SETTLED,2026-10-01 11:31:14
1248,237,G_mechanical_reversion,GBP/NZD,SELL,sizing,2026-10-01 11:19:56,SETTLED,2026-10-01 11:31:14
1249,237,I_bollinger_extremity,GBP/NZD,SELL,eligibility,2026-10-01 11:19:56,SETTLED,2026-10-01 11:31:14
1250,238,A_control,AUD/USD,BUY,eligibility,2026-10-01 11:19:56,SETTLED,2026-10-01 15:31:27
1251,238,B_conf6_rr15,AUD/USD,BUY,eligibility,2026-10-01 11:19:56,SETTLED,2026-10-01 15:31:27
1252,238,C_grade_based,AUD/USD,BUY,eligibility,2026-10-01 11:19:56,SETTLED,2026-10-01 15:31:27
1253,238,D_no_da,AUD/USD,BUY,eligibility,2026-10-01 11:19:56,SETTLED,2026-10-01 15:31:27
1254,238,E_no_dd_gate,AUD/USD,BUY,eligibility,2026-10-01 11:19:56,SETTLED,2026-10-01 15:31:27
1255,238,F_sentiment_only,AUD/USD,BUY,eligibility,2026-10-01 11:19:56,SETTLED,2026-10-01 15:31:27
1256,238,G_mechanical_reversion,AUD/USD,BUY,eligibility,2026-10-01 11:19:56,SETTLED,2026-10-01 15:31:27
1257,239,A_control,NZD/USD,BUY,eligibility,2026-10-01 11:19:56,SETTLED,2026-10-02 00:31:18
1258,239,B_conf6_rr15,NZD/USD,BUY,eligibility,2026-10-01 11:19:56,SETTLED,2026-10-02 00:31:18
1259,239,C_grade_based,NZD/USD,BUY,eligibility,2026-10-01 11:19:56,SETTLED,2026-10-02 00:31:18
1260,239,D_no_da,NZD/USD,BUY,eligibility,2026-10-01 11:19:56,SETTLED,2026-10-02 00:31:18
1261,239,E_no_dd_gate,NZD/USD,BUY,eligibility,2026-10-01 11:19:56,SETTLED,2026-10-02 00:31:18
1262,239,F_sentiment_only,NZD/USD,BUY,eligibility,2026-10-01 11:19:56,SETTLED,2026-10-02 00:31:18
1264,240,A_control,CHF/JPY,BUY,eligibility,2026-10-01 14:38:39,PENDING,
1265,240,B_conf6_rr15,CHF/JPY,BUY,eligibility,2026-10-01 14:38:39,PENDING,
1266,240,C_grade_based,CHF/JPY,BUY,eligibility,2026-10-01 14:38:39,PENDING,
1267,240,D_no_da,CHF/JPY,BUY,eligibility,2026-10-01 14:38:39,PENDING,
1268,240,E_no_dd_gate,CHF/JPY,BUY,eligibility,2026-10-01 14:38:39,PENDING,
1269,240,F_sentiment_only,CHF/JPY,BUY,eligibility,2026-10-01 14:38:39,PENDING,
1271,240,I_bollinger_extremity,CHF/JPY,BUY,eligibility,2026-10-01 14:38:39,PENDING,
1272,241,A_control,EUR/GBP,BUY,eligibility,2026-10-02 05:20:17,PENDING,
1273,241,B_conf6_rr15,EUR/GBP,BUY,eligibility,2026-10-02 05:20:17,PENDING,
1274,241,C_grade_based,EUR/GBP,BUY,eligibility,2026-10-02 05:20:17,PENDING,
1275,241,D_no_da,EUR/GBP,BUY,eligibility,2026-10-02 05:20:17,PENDING,
1276,241,E_no_dd_gate,EUR/GBP,BUY,eligibility,2026-10-02 05:20:17,PENDING,
1277,241,F_sentiment_only,EUR/GBP,BUY,eligibility,2026-10-02 05:20:17,PENDING,
1278,241,G_mechanical_reversion,EUR/GBP,BUY,eligibility,2026-10-02 05:20:17,PENDING,
1279,241,H_oscillator_extremity,EUR/GBP,BUY,eligibility,2026-10-02 05:20:17,PENDING,
1280,242,A_control,EUR/GBP,BUY,eligibility,2026-10-02 11:18:55,SETTLED,2026-10-02 11:31:16
1281,242,B_conf6_rr15,EUR/GBP,BUY,eligibility,2026-10-02 11:18:55,SETTLED,2026-10-02 11:31:16
1282,242,C_grade_based,EUR/GBP,BUY,eligibility,2026-10-02 11:18:55,SETTLED,2026-10-02 11:31:16
1283,242,D_no_da,EUR/GBP,BUY,eligibility,2026-10-02 11:18:55,SETTLED,2026-10-02 11:31:16
1284,242,E_no_dd_gate,EUR/GBP,BUY,eligibility,2026-10-02 11:18:55,SETTLED,2026-10-02 11:31:16
1285,242,F_sentiment_only,EUR/GBP,BUY,eligibility,2026-10-02 11:18:55,SETTLED,2026-10-02 11:31:16
1286,242,G_mechanical_reversion,EUR/GBP,BUY,eligibility,2026-10-02 11:18:55,SETTLED,2026-10-02 11:31:17
1287,242,H_oscillator_extremity,EUR/GBP,BUY,eligibility,2026-10-02 11:18:55,SETTLED,2026-10-02 11:31:17
1288,243,A_control,USD/CHF,SELL,eligibility,2026-10-02 11:18:55,SETTLED,2026-10-02 12:31:17
1289,243,B_conf6_rr15,USD/CHF,SELL,eligibility,2026-10-02 11:18:55,SETTLED,2026-10-02 12:31:17
1290,243,C_grade_based,USD/CHF,SELL,eligibility,2026-10-02 11:18:55,SETTLED,2026-10-02 12:31:17
1291,243,D_no_da,USD/CHF,SELL,eligibility,2026-10-02 11:18:55,SETTLED,2026-10-02 12:31:17
1292,243,E_no_dd_gate,USD/CHF,SELL,eligibility,2026-10-02 11:18:55,SETTLED,2026-10-02 12:31:17
1293,243,F_sentiment_only,USD/CHF,SELL,eligibility,2026-10-02 11:18:55,SETTLED,2026-10-02 12:31:17
1294,244,A_control,NZD/JPY,BUY,eligibility,2026-10-02 11:18:55,PENDING,
1295,244,B_conf6_rr15,NZD/JPY,BUY,eligibility,2026-10-02 11:18:55,PENDING,
1296,244,C_grade_based,NZD/JPY,BUY,eligibility,2026-10-02 11:18:55,PENDING,
1297,244,F_sentiment_only,NZD/JPY,BUY,eligibility,2026-10-02 11:18:55,PENDING,
1298,244,I_bollinger_extremity,NZD/JPY,BUY,eligibility,2026-10-02 11:18:55,PENDING,
1299,245,A_control,EUR/USD,BUY,eligibility,2026-10-02 11:18:55,SETTLED,2026-10-02 11:31:17
1300,245,B_conf6_rr15,EUR/USD,BUY,eligibility,2026-10-02 11:18:55,SETTLED,2026-10-02 11:31:17
1301,245,C_grade_based,EUR/USD,BUY,eligibility,2026-10-02 11:18:55,SETTLED,2026-10-02 11:31:17
1302,245,F_sentiment_only,EUR/USD,BUY,eligibility,2026-10-02 11:18:55,SETTLED,2026-10-02 11:31:17
1303,246,A_control,CAD/JPY,BUY,eligibility,2026-10-02 11:18:55,PENDING,
1304,246,B_conf6_rr15,CAD/JPY,BUY,eligibility,2026-10-02 11:18:55,PENDING,
1305,246,C_grade_based,CAD/JPY,BUY,eligibility,2026-10-02 11:18:55,PENDING,
1306,246,F_sentiment_only,CAD/JPY,BUY,eligibility,2026-10-02 11:18:55,PENDING,
1307,247,A_control,USD/CAD,SELL,eligibility,2026-10-02 11:18:55,PENDING,
1308,247,B_conf6_rr15,USD/CAD,SELL,eligibility,2026-10-02 11:18:55,PENDING,
1309,247,C_grade_based,USD/CAD,SELL,eligibility,2026-10-02 11:18:55,PENDING,
1310,247,F_sentiment_only,USD/CAD,SELL,eligibility,2026-10-02 11:18:55,PENDING,
1311,248,A_control,GBP/NZD,SELL,eligibility,2026-10-02 11:18:55,PENDING,
1312,248,B_conf6_rr15,GBP/NZD,SELL,eligibility,2026-10-02 11:18:55,PENDING,
1313,248,C_grade_based,GBP/NZD,SELL,eligibility,2026-10-02 11:18:55,PENDING,
1314,248,D_no_da,GBP/NZD,SELL,eligibility,2026-10-02 11:18:55,PENDING,
1315,248,E_no_dd_gate,GBP/NZD,SELL,eligibility,2026-10-02 11:18:55,PENDING,
1316,248,F_sentiment_only,GBP/NZD,SELL,eligibility,2026-10-02 11:18:55,PENDING,
1317,249,A_control,AUD/USD,BUY,eligibility,2026-10-02 11:18:55,PENDING,
1318,249,B_conf6_rr15,AUD/USD,BUY,eligibility,2026-10-02 11:18:55,PENDING,
1319,249,C_grade_based,AUD/USD,BUY,eligibility,2026-10-02 11:18:55,PENDING,
1320,249,D_no_da,AUD/USD,BUY,eligibility,2026-10-02 11:18:55,PENDING,
1321,249,F_sentiment_only,AUD/USD,BUY,eligibility,2026-10-02 11:18:55,PENDING,
1322,249,G_mechanical_reversion,AUD/USD,BUY,eligibility,2026-10-02 11:18:55,PENDING,
