Date,EUR/USD,GBP/USD,USD/JPY,USD/CHF,USD/CAD,AUD/USD,NZD/USD,EUR/JPY,EUR/GBP,EUR/CHF,EUR/CAD,EUR/AUD,EUR/NZD,GBP/JPY,GBP/CHF,GBP/CAD,GBP/AUD,GBP/NZD,CAD/JPY,AUD/JPY,NZD/JPY,CHF/JPY,AUD/CAD,AUD/CHF,AUD/NZD,NZD/CAD,NZD/CHF,CAD/CHF
2023-09-07,1.0724204778671265,1.2498750686645508,147.70899963378906,0.8913599848747253,1.3638999462127686,0.6383001804351807,0.5870990753173828,158.39700317382812,0.8579699993133545,0.9558699727058411,1.4626100063323975,1.6804200410842896,1.826550006866455,184.60800170898438,1.1139600276947021,1.7046600580215454,1.958490014076233,2.128809928894043,108.28900146484375,94.25299835205078,86.70600128173828,165.6909942626953,0.8700000047683716,0.5683000087738037,1.0868799686431885,0.8006299734115601,0.5232399702072144,0.6534900069236755
2023-09-08,1.0697818994522095,1.2475050687789917,147.33099365234375,0.8926699757575989,1.3683500289916992,0.6377400159835815,0.588200032711029,157.60299682617188,0.857450008392334,0.9549400210380554,1.4637500047683716,1.6772799491882324,1.819640040397644,183.77999877929688,1.1134999990463257,1.7069000005722046,1.955899953842163,2.1219000816345215,107.66899871826172,93.96099853515625,86.60199737548828,165.02200317382812,0.8726300001144409,0.5692999958992004,1.0847890377044678,0.8039000034332275,0.5247200131416321,0.6523399949073792
2023-09-11,1.071811318397522,1.2489992380142212,147.11300659179688,0.8920000195503235,1.3626999855041504,0.6397993564605713,0.5901411175727844,157.6540069580078,0.8580700159072876,0.9559299945831299,1.460479974746704,1.6750099658966064,1.8159300088882446,183.71499633789062,1.113919973373413,1.7018799781799316,1.951859951019287,2.11611008644104,107.93900299072266,94.0999984741211,86.79000091552734,164.90692138671875,0.8718600273132324,0.5706499814987183,1.0840799808502197,0.804069995880127,0.5262799859046936,0.65447998046875
2023-09-12,1.0750375986099243,1.2508755922317505,146.67799377441406,0.8912100195884705,1.3578699827194214,0.643200159072876,0.5916810035705566,157.64100646972656,0.8591899871826172,0.9578499794006348,1.459380030632019,1.6713000535964966,1.8164199590682983,183.4510040283203,1.1146199703216553,1.6982500553131104,1.9449100494384766,2.1138598918914795,108.01300048828125,94.322998046875,86.7770004272461,164.56382751464844,0.8731499910354614,0.5730900168418884,1.0858999490737915,0.8032699823379517,0.5272200107574463,0.6562899947166443
2023-09-13,1.075326681137085,1.2491724491119385,147.1580047607422,0.8913900256156921,1.3551000356674194,0.6428180932998657,0.5909885764122009,158.22500610351562,0.8607000112533569,0.9585199952125549,1.4572299718856812,1.6728299856185913,1.8194500207901,183.7989959716797,1.1134300231933594,1.6927900314331055,1.943060040473938,2.112799882888794,108.572998046875,94.58699798583984,86.9540023803711,165.05499267578125,0.8711299896240234,0.5729950070381165,1.087630033493042,0.8008000254631042,0.5267300009727478,0.6577000021934509
2023-09-14,1.0734220743179321,1.248953938484192,147.3459930419922,0.8931999802589417,1.3552500009536743,0.6421617865562439,0.5920312404632568,158.1320037841797,0.859279990196228,0.958899974822998,1.4544099569320679,1.6712900400161743,1.8123600482940674,184.01100158691406,1.1158299446105957,1.6924699544906616,1.9447599649429321,2.1094400882720947,108.71800231933594,94.61000061035156,87.21800231933594,164.89218139648438,0.8701900243759155,0.5733000040054321,1.084589958190918,0.8021699786186218,0.5288299918174744,0.6592400074005127
2023-09-15,1.0637166500091553,1.2401869297027588,147.48199462890625,0.896399974822998,1.3514800071716309,0.6432398557662964,0.5906001329421997,156.8459930419922,0.8575500249862671,0.9531000256538391,1.4373300075531006,1.6534099578857422,1.801259994506836,182.87399291992188,1.111299991607666,1.6759099960327148,1.9278500080108643,2.1002800464630127,109.12000274658203,94.86100006103516,87.06400299072266,164.5465545654297,0.8692399859428406,0.5763999819755554,1.089359998703003,0.797789990901947,0.5290200114250183,0.6630600094795227
2023-09-18,1.0668259859085083,1.2397565841674805,147.8679962158203,0.8968799710273743,1.3521900177001953,0.6440501809120178,0.5905383825302124,157.74099731445312,0.8604599833488464,0.9567800164222717,1.4425100088119507,1.656350016593933,1.8064299821853638,183.30799865722656,1.1118299961090088,1.6762399673461914,1.9247599840164185,2.0992000102996826,109.34600067138672,95.22699737548828,87.30599975585938,164.8470001220703,0.8702999949455261,0.5776000022888184,1.0905640125274658,0.7983800172805786,0.5291000008583069,0.6632500290870667
2023-09-19,1.0692671537399292,1.2383747100830078,147.60499572753906,0.8972499966621399,1.3487000465393066,0.643960177898407,0.5921399593353271,157.81500244140625,0.8633800148963928,0.9593700170516968,1.442039966583252,1.660290002822876,1.8056399822235107,182.77000427246094,1.111050009727478,1.669600009918213,1.9227999448776245,2.0911600589752197,109.4000015258789,95.04900360107422,87.38400268554688,164.48599243164062,0.8684800267219543,0.5778200030326843,1.0874899625778198,0.7985050082206726,0.5312100052833557,0.6652399897575378
2023-09-20,1.0682048797607422,1.2393569946289062,147.74200439453125,0.8973100185394287,1.3442699909210205,0.646600067615509,0.5951495170593262,157.80499267578125,0.8618299961090088,0.9584500193595886,1.4357800483703613,1.6523300409317017,1.794819951057434,183.08900451660156,1.111989974975586,1.6656899452209473,1.917009949684143,2.0822501182556152,109.89600372314453,95.5,87.91200256347656,164.61000061035156,0.8683000206947327,0.5798799991607666,1.0861300230026245,0.7996000051498413,0.5339400172233582,0.667460024356842
2023-09-21,1.065303087234497,1.2328935861587524,148.3209991455078,0.8992000222206116,1.3476699590682983,0.6436100006103516,0.5925294160842896,157.9720001220703,0.8639100193977356,0.9579399824142456,1.4353699684143066,1.6549400091171265,1.7976800203323364,182.83399963378906,1.1086699962615967,1.661180019378662,1.9152599573135376,2.079900026321411,110.04900360107422,95.45500183105469,87.86499786376953,164.89199829101562,0.8673200011253357,0.5788099765777588,1.0862599611282349,0.7983499765396118,0.5327799916267395,0.6672999858856201
2023-09-22,1.0661548376083374,1.2294225692749023,147.6439971923828,0.9044700264930725,1.347749948501587,0.6409598588943481,0.5931796431541443,157.39700317382812,0.8671200275421143,0.9643099904060364,1.4367200136184692,1.6632699966430664,1.7962000370025635,181.49899291992188,1.1117700338363647,1.656440019607544,1.9174699783325195,2.0717999935150146,109.53700256347656,94.62699890136719,87.57099914550781,163.17327880859375,0.8638399839401245,0.5798130035400391,1.0804200172424316,0.7993800044059753,0.5361999869346619,0.6711999773979187
2023-09-25,1.0648492574691772,1.2241849899291992,148.4340057373047,0.9071000218391418,1.3476999998092651,0.6440999507904053,0.595710039138794,158.04400634765625,0.8697500228881836,0.9658799767494202,1.4345999956130981,1.6531800031661987,1.787350058555603,181.69200134277344,1.1103800535202026,1.6496800184249878,1.9005099534988403,2.0547900199890137,110.12899780273438,95.58999633789062,88.40499877929688,163.60800170898438,0.8679199814796448,0.5841900110244751,1.0810699462890625,0.8027210235595703,0.5402799844741821,0.673039972782135
2023-09-26,1.0591648817062378,1.2213143110275269,148.81100463867188,0.9120799899101257,1.345039963722229,0.6422001123428345,0.5967299342155457,157.6009979248047,0.867110013961792,0.9660400152206421,1.4245400428771973,1.6492400169372559,1.7749199867248535,181.72999572753906,1.113759994506836,1.6424299478530884,1.9014400243759155,2.0465400218963623,110.625,95.55799865722656,88.79000091552734,163.1269989013672,0.8637400269508362,0.5857750177383423,1.0762100219726562,0.802515983581543,0.5441799759864807,0.6780700087547302
2023-09-27,1.0569483041763306,1.2146830558776855,149.0449981689453,0.9157599806785583,1.3519599437713623,0.6393861770629883,0.5947707891464233,157.51699829101562,0.8700299859046936,0.9678999781608582,1.428760051727295,1.6532700061798096,1.7769700288772583,181.02000427246094,1.1121000051498413,1.6420400142669678,1.8997199535369873,2.042069911956787,110.2300033569336,95.2770004272461,88.62899780273438,162.72506713867188,0.8639630079269409,0.5854300260543823,1.074869990348816,0.8039600253105164,0.5445799827575684,0.6773200035095215
2023-09-28,1.0505305528640747,1.2135332822799683,149.4980010986328,0.9208199977874756,1.350100040435791,0.634759783744812,0.591621458530426,157.04200744628906,0.8656200170516968,0.9673100113868713,1.4181300401687622,1.6550300121307373,1.775570034980774,181.40699768066406,1.1173499822616577,1.6380300521850586,1.911389946937561,2.0510499477386475,110.7239990234375,94.87899780273438,88.43000030517578,162.33299255371094,0.8565999865531921,0.5845190286636353,1.072890043258667,0.7985900044441223,0.5446699857711792,0.6819900274276733
2023-09-29,1.0562450885772705,1.2204796075820923,149.33700561523438,0.9147599935531616,1.3490999937057495,0.6427974700927734,0.5964398384094238,157.7310028076172,0.8653900027275085,0.9662200212478638,1.4249099493026733,1.6435799598693848,1.7709499597549438,182.2480010986328,1.116320013999939,1.6463700532913208,1.8989499807357788,2.046109914779663,110.68800354003906,95.93000030517578,89.05400085449219,163.22940063476562,0.8666629791259766,0.58787602186203,1.0774199962615967,0.8044800162315369,0.545520007610321,0.6780499815940857
2023-10-02,1.0565240383148193,1.2193039655685425,149.5399932861328,0.9154800176620483,1.3573700189590454,0.6437202095985413,0.5995886921882629,157.96200561523438,0.866349995136261,0.9670699834823608,1.4338699579238892,1.641029953956604,1.7617900371551514,182.30999755859375,1.1161199808120728,1.6548700332641602,1.8939599990844727,2.033360004425049,110.15899658203125,96.25199890136719,89.64399719238281,163.2899932861328,0.8736900091171265,0.5889000296592712,1.0735299587249756,0.8137099742889404,0.5488100051879883,0.6743999719619751
2023-10-03,1.0480751991271973,1.209116816520691,149.8509979248047,0.917900025844574,1.3676300048828125,0.6362699270248413,0.5941911935806274,157.04200744628906,0.8667399883270264,0.9619699716567993,1.4332599639892578,1.6471699476242065,1.7638700008392334,181.17300415039062,1.109760046005249,1.6534700393676758,1.9000799655914307,2.0347399711608887,109.56500244140625,95.34300231933594,89.01000213623047,163.23300170898438,0.870140016078949,0.5840100049972534,1.0707800388336182,0.8124799728393555,0.5453100204467773,0.6711199879646301
2023-10-04,1.0472300052642822,1.2078461647033691,149.19200134277344,0.9209700226783752,1.3709100484848022,0.6308901309967041,0.5913485288619995,156.16000366210938,0.8667200207710266,0.9642000198364258,1.4347000122070312,1.659369945526123,1.7702900171279907,180.1820068359375,1.1123199462890625,1.655650019645691,1.914080023765564,2.0423099994659424,108.81199645996094,94.11900329589844,88.19999694824219,161.94200134277344,0.8648300170898438,0.581059992313385,1.066890001296997,0.8105300068855286,0.5445399880409241,0.6717900037765503
2023-10-05,1.0507071018218994,1.2137395143508911,148.96600341796875,0.9166100025177002,1.3744200468063354,0.6329101920127869,0.5918700695037842,156.5070037841797,0.8656100034713745,0.9631699919700623,1.4440300464630127,1.6597000360488892,1.7750999927520752,180.78900146484375,1.1122900247573853,1.6680599451065063,1.9175699949264526,2.050529956817627,108.3740005493164,94.2750015258789,88.14900207519531,162.4709930419922,0.8693000078201294,0.5801699757575989,1.0692700147628784,0.8133299946784973,0.5424900054931641,0.666949987411499
2023-10-06,1.0546631813049316,1.2187690734863281,148.46299743652344,0.9125900268554688,1.3705699443817139,0.6371049880981445,0.596640944480896,156.56300354003906,0.8652899861335754,0.9625599980354309,1.4455100297927856,1.6559300422668457,1.7675700187683105,180.9219970703125,1.1119799613952637,1.6704100370407104,1.9135099649429321,2.0425400733947754,108.302001953125,94.54299926757812,88.56099700927734,162.64500427246094,0.8728830218315125,0.5812399983406067,1.066499948501587,0.8176599740982056,0.5444599986076355,0.6658300161361694
2023-10-09,1.056747317314148,1.222090482711792,149.16000366210938,0.9086999893188477,1.3661099672317505,0.6371999979019165,0.5972787737846375,157.61599731445312,0.8646600246429443,0.9604099988937378,1.4435499906539917,1.6589499711990356,1.7691700458526611,182.2740020751953,1.1106599569320679,1.6693899631500244,1.9185199737548828,2.0459399223327637,109.1729965209961,94.9990005493164,89.0719985961914,164.0917205810547,0.8700600266456604,0.5788599848747253,1.0663199424743652,0.8157899975776672,0.5427500009536743,0.6647999882698059
2023-10-10,1.0578875541687012,1.2250398397445679,148.32699584960938,0.9048399925231934,1.358049988746643,0.6420900225639343,0.6031108498573303,156.90914916992188,0.8635299801826477,0.9573000073432922,1.436579942703247,1.6475499868392944,1.753890037536621,181.68299865722656,1.108199954032898,1.6635199785232544,1.9076499938964844,2.030940055847168,109.2030029296875,95.2300033569336,89.44100189208984,163.87399291992188,0.8719499707221985,0.5810199975967407,1.0645500421524048,0.8189399838447571,0.5457000136375427,0.6662799715995789
2023-10-11,1.0604791641235352,1.229135513305664,148.6280059814453,0.9045500159263611,1.3583600521087646,0.643347442150116,0.6041894555091858,157.5989990234375,0.8628299832344055,0.9592499732971191,1.4403899908065796,1.64860999584198,1.755210041999817,182.63600158691406,1.1115299463272095,1.6692609786987305,1.9104520082473755,2.033900022506714,109.40599822998047,95.59500122070312,89.7699966430664,164.281005859375,0.8735780119895935,0.5818610191345215,1.0638999938964844,0.8201000094413757,0.5463899970054626,0.6658200025558472
2023-10-12,1.0624282360076904,1.2316333055496216,149.03599548339844,0.9009900093078613,1.3594499826431274,0.6418097615242004,0.6019490957260132,158.32899475097656,0.8624899983406067,0.9572100043296814,1.4441800117492676,1.65516996383667,1.7649099826812744,183.53399658203125,1.1095399856567383,1.6740399599075317,1.9186899662017822,2.0455000400543213,109.6259994506836,95.6500015258789,89.69200134277344,165.39199829101562,0.872439980506897,0.5782880187034607,1.0661499500274658,0.818149983882904,0.5422499775886536,0.6627200245857239
2023-10-13,1.0536741018295288,1.2183235883712769,149.7899932861328,0.9078199863433838,1.3683799505233765,0.6316800117492676,0.5921609997749329,157.81199645996094,0.8647699952125549,0.9564800262451172,1.4416799545288086,1.6679699420928955,1.7792400121688843,182.47000122070312,1.1058900356292725,1.6668599843978882,1.928320050239563,2.0572099685668945,109.4520034790039,94.61599731445312,88.68800354003906,164.97000122070312,0.8643199801445007,0.5734300017356873,1.0667200088500977,0.8101850152015686,0.5374900102615356,0.6633800268173218
2023-10-16,1.0521553754806519,1.215376853942871,149.5659942626953,0.9024900197982788,1.3644299507141113,0.6312999725341797,0.5906604528427124,157.35499572753906,0.8656200170516968,0.9495999813079834,1.4354599714279175,1.6671299934387207,1.7811599969863892,181.75999450683594,1.096500039100647,1.658120036125183,1.9256999492645264,2.0574400424957275,109.60900115966797,94.37300109863281,88.3270034790039,165.6690216064453,0.8609099984169006,0.569100022315979,1.0682499408721924,0.8057600259780884,0.5329700112342834,0.6613799929618835
2023-10-17,1.0554312467575073,1.2211503982543945,149.5780029296875,0.9004700183868408,1.3614399433135986,0.6337798237800598,0.5901515483856201,157.86300659179688,0.864139974117279,0.9502999782562256,1.4368000030517578,1.665120005607605,1.7883000373840332,182.656005859375,1.0995800495147705,1.6625399589538574,1.9266400337219238,2.069240093231201,109.8550033569336,94.7979965209961,88.25700378417969,166.1020050048828,0.8628290295600891,0.5706949830055237,1.0739200115203857,0.8033459782600403,0.5313000082969666,0.6613199710845947
2023-10-18,1.057305932044983,1.2178784608840942,149.75900268554688,0.9001100063323975,1.3653000593185425,0.6362699270248413,0.5894801616668701,158.30999755859375,0.8680999875068665,0.9516100287437439,1.443410038948059,1.6616599559783936,1.7935400009155273,182.36000061035156,1.0961300134658813,1.662500023841858,1.9139089584350586,2.0657999515533447,109.68599700927734,95.27999877929688,88.2699966430664,166.3560028076172,0.868619978427887,0.5726699829101562,1.0792700052261353,0.804669976234436,0.5305100083351135,0.6592299938201904
2023-10-19,1.053851842880249,1.214343786239624,149.74200439453125,0.8985700011253357,1.3713799715042114,0.6332400441169739,0.5853909850120544,157.78900146484375,0.8678200244903564,0.9471200108528137,1.4451500177383423,1.6641199588775635,1.80007004737854,181.78700256347656,1.091249942779541,1.66457998752594,1.9165600538253784,2.0731000900268555,109.18699645996094,94.81999969482422,87.62799835205078,166.57699584960938,0.8683000206947327,0.5690699815750122,1.0815999507904053,0.8026400208473206,0.5256999731063843,0.6553199887275696
2023-10-20,1.0586491823196411,1.2137248516082764,149.802001953125,0.891789972782135,1.3715300559997559,0.6326999664306641,0.5842998623847961,158.54800415039062,0.8720899820327759,0.9439100027084351,1.4517500400543213,1.6737300157546997,1.8121700286865234,181.76800537109375,1.0822399854660034,1.6645400524139404,1.9188799858093262,2.0776898860931396,109.20500183105469,94.73200225830078,87.46199798583984,167.93600463867188,0.8673400282859802,0.5639200210571289,1.0824919939041138,0.8006410002708435,0.5207899808883667,0.6496999859809875
2023-10-23,1.0589966773986816,1.2163970470428467,149.8800048828125,0.8931999802589417,1.370300054550171,0.6320393085479736,0.5829306244850159,158.71200561523438,0.8705400228500366,0.9458799958229065,1.4512799978256226,1.6754000186920166,1.8165500164031982,182.29600524902344,1.0860999822616577,1.6669299602508545,1.9243600368499756,2.086479902267456,109.3489990234375,94.69999694824219,87.35199737548828,167.7689971923828,0.8661500215530396,0.564520001411438,1.0841399431228638,0.798770010471344,0.5206000208854675,0.6516900062561035
2023-10-24,1.0669853687286377,1.2250248193740845,149.7689971923828,0.8906000256538391,1.3688499927520752,0.6336702108383179,0.5851101279258728,159.7899932861328,0.8708999752998352,0.9504200220108032,1.4604500532150269,1.683750033378601,1.8235499858856201,183.447998046875,1.0911500453948975,1.6765600442886353,1.9328999519348145,2.0934500694274902,109.40699768066406,94.90399932861328,87.62200164794922,168.1020050048828,0.8673459887504578,0.564454972743988,1.083009958267212,0.8007599711418152,0.521120011806488,0.6507200002670288
2023-10-25,1.059535264968872,1.216189980506897,149.85400390625,0.893060028553009,1.3741600513458252,0.6360999345779419,0.5846996307373047,158.76400756835938,0.8711299896240234,0.9461699724197388,1.455880045890808,1.665809988975525,1.8111000061035156,182.2310028076172,1.0859700441360474,1.671049952507019,1.9118900299072266,2.0797998905181885,109.04499816894531,95.30899810791016,87.61000061035156,167.7740020751953,0.8739500045776367,0.5679799914360046,1.0877699851989746,0.803309977054596,0.5220900177955627,0.6498500108718872
2023-10-26,1.056725025177002,1.210345983505249,150.09800720214844,0.8967000246047974,1.3802900314331055,0.6296999454498291,0.5792199373245239,158.5989990234375,0.873009979724884,0.9474499821662903,1.4585000276565552,1.6786199808120728,1.8242599964141846,181.64999389648438,1.085170030593872,1.6703300476074219,1.9225900173187256,2.0894999504089355,108.73899841308594,94.47599792480469,86.91799926757812,167.33999633789062,0.8687800168991089,0.5638999938964844,1.086806058883667,0.7993299961090088,0.5192499756813049,0.6495500206947327
2023-10-27,1.0564459562301636,1.213710069656372,150.36599731445312,0.898829996585846,1.3813999891281128,0.6335999369621277,0.5828898549079895,158.8419952392578,0.8704100251197815,0.9495199918746948,1.4594999551773071,1.6679099798202515,1.8123799562454224,182.4720001220703,1.0906599760055542,1.6765300035476685,1.915869951248169,2.0817999839782715,108.8290023803711,95.23400115966797,87.63099670410156,167.26600646972656,0.8750100135803223,0.569176971912384,1.086590051651001,0.8051699995994568,0.5234000086784363,0.6505200266838074
2023-10-30,1.0562450885772705,1.2113723754882812,149.73300170898438,0.902400016784668,1.3863400220870972,0.6338903307914734,0.5808415412902832,158.14599609375,0.8719000220298767,0.9531099796295166,1.4642200469970703,1.6661900281906128,1.8183200359344482,181.36900329589844,1.09306001663208,1.6792500019073486,1.9108599424362183,2.0853700637817383,107.99800109863281,94.90699768066406,86.95700073242188,165.90899658203125,0.8787199854850769,0.5719799995422363,1.0912790298461914,0.8051270246505737,0.5240499973297119,0.6508600115776062
2023-10-31,1.061503529548645,1.2165746688842773,149.11099243164062,0.9020599722862244,1.3828599452972412,0.637100100517273,0.584030270576477,158.26199340820312,0.8723999857902527,0.9575099945068359,1.4678000211715698,1.6664999723434448,1.8174899816513062,181.38299560546875,1.097390055656433,1.6821800470352173,1.91034996509552,2.0824999809265137,107.81900024414062,94.94599914550781,87.05999755859375,165.2740020751953,0.8799999952316284,0.5744100213050842,1.0903199911117554,0.807479977607727,0.5267400145530701,0.6522899866104126
2023-11-01,1.0579099655151367,1.215214490890503,151.29400634765625,0.9097999930381775,1.387660026550293,0.6339948177337646,0.5807403326034546,160.05799865722656,0.8707000017166138,0.962440013885498,1.467900037765503,1.6687999963760376,1.8208999633789062,183.8350067138672,1.105299949645996,1.6861000061035156,1.917099952697754,2.0922799110412598,109.02200317382812,95.89099884033203,87.83999633789062,166.3090057373047,0.8792470097541809,0.5765500068664551,1.0912400484085083,0.8057299852371216,0.5282599925994873,0.6555799841880798
2023-11-02,1.05870521068573,1.2182197570800781,150.5749969482422,0.9055500030517578,1.3834400177001953,0.642259955406189,0.5879793763160706,159.41000366210938,0.8689699769020081,0.9586600065231323,1.4645299911499023,1.6483999490737915,1.8005499839782715,183.40699768066406,1.103060007095337,1.684999942779541,1.8968000411987305,2.071660041809082,108.8270034790039,96.70899963378906,88.52100372314453,166.2740020751953,0.8884850144386292,0.5816029906272888,1.0923099517822266,0.8133100271224976,0.5323399901390076,0.6544899940490723
2023-11-03,1.0619093179702759,1.2191851139068604,150.4969940185547,0.9060999751091003,1.3746999502182007,0.6427900195121765,0.5895808935165405,159.75399780273438,0.8707699775695801,0.9618800282478333,1.4593100547790527,1.651550054550171,1.8004800081253052,183.43899536132812,1.1045399904251099,1.6755000352859497,1.8964200019836426,2.06754994392395,109.46700286865234,96.7300033569336,88.71700286865234,166.0679931640625,0.8835499882698059,0.5823919773101807,1.0902099609375,0.8103100061416626,0.5341200232505798,0.6590700149536133
2023-11-06,1.0732147693634033,1.237378716468811,149.44900512695312,0.8992099761962891,1.3660600185394287,0.6516865491867065,0.5996102690696716,160.3820037841797,0.867330014705658,0.964900016784668,1.465939998626709,1.6468600034713745,1.7897100448608398,184.8939971923828,1.1124600172042847,1.6900700330734253,1.8986400365829468,2.0632998943328857,109.39399719238281,97.37200164794922,89.5979995727539,166.1909942626953,0.8899419903755188,0.5858500003814697,1.0866199731826782,0.8189839720726013,0.5390599966049194,0.6581699848175049
2023-11-07,1.0721560716629028,1.2345526218414307,149.98899841308594,0.8992000222206116,1.369729995727539,0.6489419341087341,0.5963000655174255,160.7550048828125,0.8680999875068665,0.9638199806213379,1.4675999879837036,1.6516599655151367,1.797719955444336,185.14199829101562,1.110010027885437,1.6908600330352783,1.9021799564361572,2.0703799724578857,109.49099731445312,97.33000183105469,89.40799713134766,166.7689971923828,0.8888429999351501,0.5835300087928772,1.0883699655532837,0.816540002822876,0.5357999801635742,0.6559000015258789
2023-11-08,1.0696102380752563,1.2291808128356934,150.39599609375,0.8999699950218201,1.3768500089645386,0.6430099010467529,0.5936000347137451,160.8520050048828,0.8700799942016602,0.9625999927520752,1.4726099967956543,1.6633700132369995,1.8022500276565552,184.83900451660156,1.1060800552368164,1.692139983177185,1.9112299680709839,2.070930004119873,109.22599792480469,96.7040023803711,89.24400329589844,167.0850067138672,0.8853210210800171,0.5787230134010315,1.0835100412368774,0.8164989948272705,0.5340399742126465,0.6535999774932861
2023-11-09,1.0710422992706299,1.2285012006759644,150.86399841308594,0.8990799784660339,1.3793200254440308,0.6405698657035828,0.5912017226219177,161.5679931640625,0.8717399835586548,0.9629200100898743,1.4772100448608398,1.6713000535964966,1.8115500211715698,185.3070068359375,1.104099988937378,1.6943199634552002,1.917199969291687,2.077739953994751,109.36799621582031,96.63600158691406,89.177001953125,167.77699279785156,0.8830999732017517,0.5759099721908569,1.0827000141143799,0.815310001373291,0.5314300060272217,0.6517800092697144
2023-11-10,1.0667576789855957,1.2217023372650146,151.3489990234375,0.9031500220298767,1.3806999921798706,0.6361699104309082,0.5889298915863037,161.4320068359375,0.8730400204658508,0.9634400010108948,1.47298002243042,1.676800012588501,1.8112800121307373,184.86700439453125,1.1031800508499146,1.68681001663208,1.9199899435043335,2.074199914932251,109.59400177001953,96.27999877929688,89.11599731445312,167.5375213623047,0.8784499764442444,0.5745970010757446,1.08024001121521,0.8130900263786316,0.5318099856376648,0.654009997844696
2023-11-13,1.069015622138977,1.2228227853775024,151.468994140625,0.9019799828529358,1.379889965057373,0.6364598870277405,0.5894210338592529,161.91099548339844,0.8741599917411804,0.964169979095459,1.4750200510025024,1.6794899702072144,1.81358003616333,185.20599365234375,1.1028800010681152,1.687250018119812,1.9211299419403076,2.0744800567626953,109.76000213623047,96.39600372314453,89.26300048828125,167.91200256347656,0.8781800270080566,0.5740299820899963,1.0797539949417114,0.8131899833679199,0.5315399765968323,0.6535900235176086
2023-11-14,1.0701825618743896,1.228063702583313,151.64599609375,0.901199996471405,1.3801499605178833,0.6381002068519592,0.5882906913757324,162.27000427246094,0.8713300228118896,0.964460015296936,1.4768699407577515,1.6772799491882324,1.8188999891281128,186.1999969482422,1.1064300537109375,1.6945500373840332,1.9248600006103516,2.087399959564209,109.85900115966797,96.73799896240234,89.19100189208984,168.22682189941406,0.8799999952316284,0.5748869776725769,1.0844000577926636,0.8118199706077576,0.5299000144004822,0.6524999737739563
2023-11-15,1.0878314971923828,1.2494533061981201,150.48500061035156,0.8891000151634216,1.3699400424957275,0.6499837636947632,0.6004491448402405,163.68899536132812,0.8705999851226807,0.9671599864959717,1.4901399612426758,1.6738100051879883,1.8107000589370728,187.9980010986328,1.1102999448776245,1.7114800214767456,1.922410011291504,2.080620050430298,109.83799743652344,97.79000091552734,90.34600067138672,169.2480010986328,0.889959990978241,0.5774509906768799,1.0822800397872925,0.8224499821662903,0.53329998254776,0.6488699913024902
2023-11-16,1.0854581594467163,1.2422360181808472,151.21499633789062,0.8870800137519836,1.368340015411377,0.6511502265930176,0.6028890609741211,164.1300048828125,0.8737499713897705,0.9628700017929077,1.4851399660110474,1.6669399738311768,1.8003699779510498,187.82400512695312,1.1018699407577515,1.6995199918746948,1.9075000286102295,2.060270071029663,110.50700378417969,98.46199798583984,91.15399932861328,170.4469451904297,0.8909400105476379,0.5776559710502625,1.0800410509109497,0.8248100280761719,0.5347300171852112,0.6482599973678589
2023-11-17,1.0853756666183472,1.2414957284927368,150.7050018310547,0.888480007648468,1.3752100467681885,0.6470816731452942,0.596530556678772,163.55599975585938,0.874180018901825,0.9642400145530701,1.4924800395965576,1.6775599718093872,1.8193399906158447,187.0749969482422,1.1029499769210815,1.7070399522781372,1.9187599420547485,2.0810298919677734,109.5780029296875,97.49199676513672,89.88500213623047,169.59478759765625,0.8894460201263428,0.574629008769989,1.0844260454177856,0.8202210068702698,0.5298799872398376,0.6460000276565552
2023-11-20,1.090702772140503,1.2454540729522705,149.94200134277344,0.8859300017356873,1.371899962425232,0.6513597369194031,0.599621057510376,163.53399658203125,0.8757200241088867,0.9662500023841858,1.4962600469589233,1.6744199991226196,1.818910002708435,186.72799682617188,1.1032600402832031,1.7084599733352661,1.9119199514389038,2.076819896697998,109.28700256347656,97.65399932861328,89.8949966430664,169.23300170898438,0.8934999704360962,0.5770000219345093,1.0861999988555908,0.8224899768829346,0.5311200022697449,0.6456900238990784
2023-11-21,1.0945948362350464,1.2509069442749023,148.36199951171875,0.8843600153923035,1.3724100589752197,0.6564001441001892,0.6039800047874451,162.37899780273438,0.8749799728393555,0.9679499864578247,1.5019899606704712,1.6681900024414062,1.8122199773788452,185.5679931640625,1.1061400175094604,1.716539978981018,1.9064300060272217,2.070930004119873,108.09700012207031,97.33399963378906,89.59100341796875,167.73851013183594,0.9002230167388916,0.5801799893379211,1.0862400531768799,0.828790009021759,0.5340399742126465,0.6443099975585938
2023-11-22,1.0918222665786743,1.2544218301773071,148.15199279785156,0.8831800222396851,1.3701000213623047,0.6559097170829773,0.6054185032844543,161.73599243164062,0.870199978351593,0.9643999934196472,1.4957200288772583,1.664639949798584,1.8030200004577637,185.83399963378906,1.1080399751663208,1.718250036239624,1.9122799634933472,2.0717999935150146,108.11000061035156,97.13999938964844,89.677001953125,167.6959991455078,0.8982369899749756,0.5792739987373352,1.0831400156021118,0.8293499946594238,0.5346999764442444,0.6446800231933594
2023-11-23,1.0890873670578003,1.2490007877349854,149.4600067138672,0.8840299844741821,1.3692500591278076,0.6542789936065674,0.6021299958229065,162.72999572753906,0.8717399835586548,0.9625399708747864,1.4907499551773071,1.6638000011444092,1.8082000017166138,186.66299438476562,1.1040699481964111,1.7100199460983276,1.908750057220459,2.073199987411499,109.15499877929688,97.77999877929688,89.9800033569336,169.04600524902344,0.8953999876976013,0.5778999924659729,1.0865800380706787,0.8243100047111511,0.5321999788284302,0.6455900073051453
2023-11-24,1.0906314849853516,1.2533526420593262,149.63499450683594,0.8844699859619141,1.3695000410079956,0.6560100317001343,0.604880154132843,163.16000366210938,0.8700000047683716,0.964460015296936,1.4933700561523438,1.6621500253677368,1.802649974822998,187.5279998779297,1.1084599494934082,1.7163399457931519,1.9102699756622314,2.071199893951416,109.22000122070312,98.16400146484375,90.5,169.15899658203125,0.898419976234436,0.5802580118179321,1.084570050239563,0.8282999992370605,0.534500002861023,0.6456500291824341
2023-11-27,1.0940439701080322,1.2600330114364624,149.5709991455078,0.8822500109672546,1.3630499839782715,0.658129870891571,0.6077501177787781,163.6280059814453,0.8682000041007996,0.9651700258255005,1.4910000562667847,1.6621700525283813,1.7999500036239624,188.44900512695312,1.1115599870681763,1.717360019683838,1.9142800569534302,2.0731799602508545,109.7229995727539,98.43199920654297,90.88899993896484,169.52200317382812,0.8969799876213074,0.5806260108947754,1.082800030708313,0.82819002866745,0.536080002784729,0.6471999883651733
2023-11-28,1.0958423614501953,1.2634397745132446,148.45199584960938,0.8799999952316284,1.360700011253357,0.661250114440918,0.6103999614715576,162.63999938964844,0.8673099875450134,0.9643800258636475,1.4908699989318848,1.6571400165557861,1.7955800294876099,187.54200744628906,1.1118299961090088,1.718500018119812,1.910390019416809,2.070050001144409,109.05999755859375,98.13999938964844,90.58499908447266,168.66099548339844,0.8998609781265259,0.5820149779319763,1.0835399627685547,0.8302900195121765,0.5370000004768372,0.6467199921607971
2023-11-29,1.100594401359558,1.2712295055389404,147.06300354003906,0.8769000172615051,1.3562999963760376,0.6658999919891357,0.614601731300354,161.8159942626953,0.8655800223350525,0.9650999903678894,1.492400050163269,1.6526000499725342,1.7903499603271484,186.92999267578125,1.1145999431610107,1.7238999605178833,1.909559965133667,2.0678999423980713,108.40399932861328,97.88600158691406,90.36900329589844,167.62533569335938,0.9026380181312561,0.5837100148200989,1.0830320119857788,0.8331000208854675,0.5389500260353088,0.6464800238609314
2023-11-30,1.0973695516586304,1.2696397304534912,147.03900146484375,0.8733199834823608,1.3590199947357178,0.6619009971618652,0.6155892014503479,161.34300231933594,0.8642899990081787,0.9583500027656555,1.4912300109863281,1.6581900119781494,1.7825000286102295,186.65899658203125,1.1083999872207642,1.7252399921417236,1.9183000326156616,2.0621700286865234,108.18599700927734,97.3010025024414,90.48999786376953,168.34803771972656,0.8992699980735779,0.5778599977493286,1.0749399662017822,0.8364700078964233,0.5374900102615356,0.6425300240516663
2023-12-01,1.0892059803009033,1.2631685733795166,147.99899291992188,0.8746600151062012,1.3556499481201172,0.6606799960136414,0.6157673001289368,161.1929931640625,0.8622000217437744,0.952709972858429,1.4764699935913086,1.648550033569336,1.7689100503921509,186.927001953125,1.1047899723052979,1.7122999429702759,1.911679983139038,2.0512800216674805,109.16500091552734,97.77799987792969,91.11199951171875,169.1772003173828,0.8953570127487183,0.5778599977493286,1.0730199813842773,0.8345999717712402,0.5383999943733215,0.6451699733734131
2023-12-04,1.088814616203308,1.2713103294372559,146.39300537109375,0.8678500056266785,1.348870038986206,0.6682884097099304,0.6215388178825378,159.38699340820312,0.856410026550293,0.944890022277832,1.4685800075531006,1.6291699409484863,1.7517000436782837,186.0919952392578,1.1031899452209473,1.71465003490448,1.9021199941635132,2.0451300144195557,108.52300262451172,97.82099914550781,90.97599792480469,168.66799926757812,0.9013199806213379,0.5799099802970886,1.0750900506973267,0.8382499814033508,0.5393099784851074,0.6433299779891968
2023-12-05,1.0837758779525757,1.2634079456329346,147.32699584960938,0.8725100159645081,1.3538999557495117,0.6617100238800049,0.6165000200271606,159.66299438476562,0.8577799797058105,0.9453999996185303,1.4667999744415283,1.6373000144958496,1.7578599452972412,186.1199951171875,1.1022499799728394,1.7101000547409058,1.9091099500656128,2.049139976501465,108.80000305175781,97.48200225830078,90.81300354003906,168.83737182617188,0.8958600163459778,0.5773730278015137,1.073330044746399,0.8345699906349182,0.5378100275993347,0.6443600058555603
2023-12-06,1.0793657302856445,1.2594457864761353,147.18499755859375,0.8749359846115112,1.3590999841690063,0.6554699540138245,0.613399088382721,158.85499572753906,0.8569499850273132,0.9444199800491333,1.4669300317764282,1.6466599702835083,1.7595800161361694,185.35699462890625,1.101930022239685,1.711590051651001,1.921239972114563,2.053109884262085,108.28600311279297,96.44000244140625,90.26699829101562,168.186767578125,0.8907999992370605,0.5735660195350647,1.0685499906539917,0.833558976650238,0.5366299748420715,0.643750011920929
2023-12-07,1.076669692993164,1.2558711767196655,147.1840057373047,0.8746399879455566,1.359179973602295,0.6551401019096375,0.6140506863594055,158.4510040283203,0.8571699857711792,0.9416199922561646,1.4632500410079956,1.6433500051498413,1.7533600330352783,184.8159942626953,1.0982799530029297,1.7067400217056274,1.9166699647903442,2.044980049133301,108.23999786376953,96.42400360107422,90.36499786376953,168.25799560546875,0.8903899788856506,0.5730140209197998,1.0669399499893188,0.8344600200653076,0.5364999771118164,0.6434299945831299
2023-12-08,1.079214334487915,1.258954405784607,144.2779998779297,0.8754400014877319,1.3598599433898926,0.6594479084014893,0.616158127784729,155.66900634765625,0.8569999933242798,0.9446600079536438,1.4672600030899048,1.6363500356674194,1.7511999607086182,181.5989990234375,1.1019500494003296,1.7117400169372559,1.9089499711990356,2.042910099029541,106.08399963378906,95.13099670410156,88.88600158691406,164.77789306640625,0.8965799808502197,0.5772349834442139,1.070106029510498,0.8377730250358582,0.5393000245094299,0.6436899900436401
2023-12-11,1.0765769481658936,1.2554770708084106,144.98300170898438,0.8796200156211853,1.3580800294876099,0.6579799652099609,0.6124711632728577,156.0760040283203,0.8574399948120117,0.9469199776649475,1.461959958076477,1.6361000537872314,1.75764000415802,182.0070037841797,1.1042499542236328,1.7049000263214111,1.9079099893569946,2.0496599674224854,106.74700164794922,95.38700103759766,88.77999877929688,164.8070068359375,0.8935099840164185,0.5787330269813538,1.074280023574829,0.8316599726676941,0.5386199951171875,0.6475899815559387
2023-12-12,1.076658010482788,1.2554612159729004,146.0850067138672,0.8780999779701233,1.357800006866455,0.6565001010894775,0.612291157245636,157.2570037841797,0.8575000166893005,0.9453999996185303,1.4616999626159668,1.6394000053405762,1.7582000494003296,183.3719940185547,1.10247004032135,1.7044099569320679,1.912019968032837,2.049299955368042,107.58200073242188,95.9000015258789,89.43299865722656,166.3070068359375,0.8907999992370605,0.5765780210494995,1.0722299814224243,0.831250011920929,0.5374000072479248,0.6463000178337097
2023-12-13,1.0798670053482056,1.2570710182189941,145.27999877929688,0.8751299977302551,1.3585000038146973,0.6564600467681885,0.6137492060661316,156.8679962158203,0.8589800000190735,0.9449700117111206,1.4669100046157837,1.644860029220581,1.7593599557876587,182.59800720214844,1.0999599695205688,1.7074999809265137,1.914639949798584,2.0479800701141357,106.93099975585938,95.36900329589844,89.15299987792969,165.9836883544922,0.8917499780654907,0.5744500160217285,1.0696500539779663,0.8336499929428101,0.5370100140571594,0.6437000036239624
2023-12-14,1.0886130332946777,1.2622915506362915,142.7729949951172,0.8709700107574463,1.3508100509643555,0.6665000319480896,0.6190800070762634,155.3800048828125,0.8621199727058411,0.9478499889373779,1.4699599742889404,1.632830023765564,1.7578599452972412,180.2100067138672,1.099269986152649,1.704800009727478,1.8936599493026733,2.0385899543762207,105.68800354003906,95.14800262451172,88.38999938964844,163.90084838867188,0.9002789855003357,0.5805310010910034,1.0765810012817383,0.8361499905586243,0.5391200184822083,0.6447100043296814
2023-12-15,1.0993602275848389,1.2771391868591309,142.2790069580078,0.8671299815177917,1.3407000303268433,0.6702682375907898,0.6213298439979553,156.4080047607422,0.8608599901199341,0.9532600045204163,1.4738199710845947,1.6401400566101074,1.7693099975585938,181.66099548339844,1.1072200536727905,1.7119799852371216,1.9050300121307373,2.055039882659912,106.11299896240234,95.35900115966797,88.38999938964844,164.0399932861328,0.8985900282859802,0.5811700224876404,1.0786999464035034,0.8329200148582458,0.5382000207901001,0.6466900110244751
2023-12-18,1.0895264148712158,1.2672343254089355,142.31300354003906,0.8706120252609253,1.3381600379943848,0.6698910593986511,0.6209907531738281,155.05099487304688,0.8597400188446045,0.9485700130462646,1.4579099416732788,1.6263699531555176,1.7544499635696411,180.32899475097656,1.1031999588012695,1.6956000328063965,1.891510009765625,2.040440082550049,106.34400177001953,95.32499694824219,88.36100006103516,163.4484100341797,0.8963329792022705,0.5832080245018005,1.0786700248718262,0.8308500051498413,0.5405600070953369,0.6505699753761292
2023-12-19,1.092382788658142,1.2651821374893188,142.7220001220703,0.867110013961792,1.3397799730300903,0.6703715920448303,0.6213804483413696,155.89300537109375,0.863349974155426,0.9471799731254578,1.4634499549865723,1.6294900178909302,1.7579900026321411,180.5449981689453,1.096940040588379,1.6949399709701538,1.8871400356292725,2.035599946975708,106.51899719238281,95.66899871826172,88.66999816894531,164.56500244140625,0.8980799913406372,0.5812699794769287,1.0787899494171143,0.8323699831962585,0.5387300252914429,0.6471700072288513
2023-12-20,1.0981045961380005,1.2732689380645752,143.88900756835938,0.8603000044822693,1.3334200382232666,0.6762998700141907,0.6270418167114258,157.9969940185547,0.8624100089073181,0.9451000094413757,1.4641599655151367,1.6240299940109253,1.751189947128296,183.16400146484375,1.0953600406646729,1.6973999738693237,1.882949948310852,2.0303499698638916,107.89099884033203,97.27999877929688,90.20500183105469,167.13031005859375,0.9015700221061707,0.5816119909286499,1.0782400369644165,0.8360499739646912,0.5390999913215637,0.6452699899673462
2023-12-21,1.0945708751678467,1.2641266584396362,143.5229949951172,0.8624600172042847,1.335819959640503,0.6739816665649414,0.6253986954689026,157.01699829101562,0.8656899929046631,0.9440199732780457,1.461609959602356,1.6236799955368042,1.7496600151062012,181.40899658203125,1.090019941329956,1.6878999471664429,1.874959945678711,2.0210299491882324,107.4280014038086,96.70999908447266,89.72599792480469,166.31300354003906,0.9002299904823303,0.5813400149345398,1.077589988708496,0.8353000283241272,0.5393700003623962,0.6456999778747559
2023-12-22,1.100618600845337,1.268499493598938,142.07000732421875,0.8562700152397156,1.3283900022506714,0.6796802878379822,0.6294692158699036,156.3070068359375,0.8676499724388123,0.9423900246620178,1.4619499444961548,1.6192500591278076,1.7483999729156494,180.11399841308594,1.0859500169754028,1.6847599744796753,1.8660999536514282,2.014780044555664,106.93800354003906,96.52100372314453,89.40699768066406,165.8470001220703,0.9027829766273499,0.5819550156593323,1.0797200202941895,0.8360400199890137,0.53889000415802,0.6445299983024597
2023-12-25,1.102657437324524,1.2677003145217896,142.3419952392578,0.8550699949264526,1.3256800174713135,0.6808788776397705,0.6319299340248108,156.7899932861328,0.8649200201034546,0.9422199726104736,1.4573500156402588,1.6177699565887451,1.7471400499343872,181.17361450195312,1.085510015487671,1.6829299926757812,1.8670920133590698,2.0030899047851562,107.20037078857422,96.83375549316406,89.722900390625,165.7519989013672,0.8989400267601013,0.5817959904670715,1.0784419775009155,0.8326900005340576,0.5384330153465271,0.6436399817466736
2023-12-26,1.1020255088806152,1.27048659324646,142.22999572753906,0.8557400107383728,1.3250000476837158,0.6806008219718933,0.6306001543998718,156.71200561523438,0.8670300245285034,0.9431700110435486,1.4601600170135498,1.6190299987792969,1.7475700378417969,180.66400146484375,1.0871100425720215,1.6833000183105469,1.8665000200271606,2.015089988708496,107.31999969482422,96.77899932861328,89.64800262451172,166.13241577148438,0.9018070101737976,0.5824599862098694,1.0793700218200684,0.8353000283241272,0.5395200252532959,0.6458600163459778
2023-12-27,1.1043012142181396,1.272718071937561,142.46099853515625,0.8535799980163574,1.3195199966430664,0.6823800802230835,0.6328513026237488,157.2949981689453,0.8676199913024902,0.9426900148391724,1.4572099447250366,1.6182199716567993,1.744789958000183,181.26300048828125,1.0861599445343018,1.679419994354248,1.8648799657821655,2.010890007019043,107.93900299072266,97.20500183105469,90.11499786376953,166.83700561523438,0.9004700183868408,0.5825549960136414,1.078220009803772,0.8346999883651733,0.5401600003242493,0.646399974822998
2023-12-28,1.110864281654358,1.2800819873809814,141.3990020751953,0.8423299789428711,1.320199966430664,0.6854700446128845,0.6349488496780396,157.06300354003906,0.8674700260162354,0.9358000159263611,1.466539978981018,1.6204899549484253,1.7494200468063354,180.9499969482422,1.0783300399780273,1.689620018005371,1.8666900396347046,2.0157999992370605,107.08100128173828,96.9209976196289,89.76000213623047,167.79600524902344,0.9045000076293945,0.577476978302002,1.0794600248336792,0.8382499814033508,0.5347800254821777,0.6379500031471252
2023-12-29,1.1068191528320312,1.2733986377716064,141.42999267578125,0.8433600068092346,1.3229600191116333,0.6826302409172058,0.6334887742996216,156.52699279785156,0.8691400289535522,0.933459997177124,1.4640899896621704,1.621250033378601,1.746940016746521,180.04100036621094,1.073889970779419,1.6841200590133667,1.864840030670166,2.009850025177002,106.88500213623047,96.54000091552734,89.5719985961914,167.6580047607422,0.9027000069618225,0.575689971446991,1.0774999856948853,0.8379799723625183,0.5341899991035461,0.6374300122261047
2024-01-01,1.1055831909179688,1.272999882698059,140.95199584960938,0.8407589793205261,1.3239200115203857,0.6820491552352905,0.6319698691368103,155.8993377685547,0.8665300011634827,0.9283699989318848,1.460710048675537,1.6180200576782227,1.7461899518966675,179.38800048828125,1.0706499814987183,1.6859689950942993,1.866400957107544,2.013969898223877,106.36693572998047,96.21942138671875,89.23309326171875,167.46299743652344,0.9015610218048096,0.5721110105514526,1.0777250528335571,0.8369989991188049,0.5314499735832214,0.634119987487793
2024-01-02,1.1038745641708374,1.2728800773620605,141.12600708007812,0.8418899774551392,1.3242000341415405,0.6810504198074341,0.6315284371376038,155.76499938964844,0.8670700192451477,0.9291700124740601,1.461609959602356,1.6202000379562378,1.7476199865341187,179.61399841308594,1.0712000131607056,1.6855299472808838,1.8687599897384644,2.01528000831604,106.55500030517578,96.10199737548828,89.10399627685547,167.62600708007812,0.901881992816925,0.5733259916305542,1.0783519744873047,0.836201012134552,0.5315200090408325,0.635640025138855
2024-01-03,1.0941756963729858,1.2623074054718018,142.15499877929688,0.8501200079917908,1.332200050354004,0.6765698194503784,0.625,155.53599548339844,0.8667700290679932,0.9302499890327454,1.4574600458145142,1.6171599626541138,1.7507100105285645,179.427001953125,1.0729999542236328,1.681439995765686,1.8655400276184082,2.0190000534057617,106.697998046875,96.177001953125,88.83300018310547,167.18600463867188,0.9012789726257324,0.5751789808273315,1.0825599431991577,0.8320000171661377,0.5311899781227112,0.6380400061607361
2024-01-04,1.0927767753601074,1.2674272060394287,142.99899291992188,0.8489000201225281,1.3347699642181396,0.6736002564430237,0.6251289248466492,156.22799682617188,0.8620100021362305,0.9276999831199646,1.458240032196045,1.6223100423812866,1.7476600408554077,181.2030029296875,1.0758999586105347,1.691580057144165,1.8816399574279785,2.0272600650787354,107.12899780273438,96.30400085449219,89.37799835205078,168.3800048828125,0.8988699913024902,0.5718600153923035,1.0773780345916748,0.8338000178337097,0.5307499766349792,0.636139988899231
2024-01-05,1.0947387218475342,1.2684078216552734,144.76499938964844,0.8500000238418579,1.3355000019073486,0.6706593036651611,0.6231298446655273,158.46800231933594,0.8630300164222717,0.9305999875068665,1.461840033531189,1.6318999528884888,1.7567700147628784,183.60499572753906,1.078279972076416,1.6937899589538574,1.8911199569702148,2.0346999168395996,108.39199829101562,97.072998046875,90.19400024414062,170.25799560546875,0.8955199718475342,0.5700929760932922,1.0762300491333008,0.8320299983024597,0.52920001745224,0.6365500092506409
2024-01-08,1.0942236185073853,1.271779179573059,144.71600341796875,0.8507300019264221,1.3359800577163696,0.6716412901878357,0.6248789429664612,158.33999633789062,0.860319972038269,0.9308300018310547,1.4617199897766113,1.6290500164031982,1.7509700059890747,184.03799438476562,1.08187997341156,1.6989599466323853,1.8934400081634521,2.0351099967956543,108.31600189208984,97.20099639892578,90.41000366210938,170.08999633789062,0.8972399830818176,0.571370005607605,1.0748460292816162,0.834630012512207,0.531470000743866,0.6367300152778625
2024-01-09,1.095170259475708,1.274518609046936,144.22999572753906,0.8478999733924866,1.3349000215530396,0.6720001101493835,0.6251797676086426,157.9340057373047,0.8592100143432617,0.9286999702453613,1.4618500471115112,1.6301900148391724,1.751520037651062,183.7899932861328,1.0806299448013306,1.7008999586105347,1.8969000577926636,2.037600040435791,108.0260009765625,96.8740005493164,90.15599822998047,170.0570068359375,0.8967000246047974,0.5691999793052673,1.0736000537872314,0.8345199823379517,0.5300800204277039,0.6351400017738342
2024-01-10,1.0932426452636719,1.2712942361831665,144.42799377441406,0.852370023727417,1.338919997215271,0.6684702038764954,0.6238303184509277,157.88600158691406,0.8599600195884705,0.931850016117096,1.4636499881744385,1.6353700160980225,1.7524100542068481,183.57699584960938,1.0834200382232666,1.7018799781799316,1.901319980621338,2.0374999046325684,107.86000061035156,96.5469970703125,90.08599853515625,169.4199981689453,0.8948829770088196,0.5698170065879822,1.0713599920272827,0.8349800109863281,0.5315799713134766,0.6365299820899963
2024-01-11,1.0975141525268555,1.274518609046936,145.73399353027344,0.8504999876022339,1.3378499746322632,0.6703999042510986,0.6229597926139832,159.93899536132812,0.8610100150108337,0.9333800077438354,1.4681999683380127,1.6369999647140503,1.7611000537872314,185.7310028076172,1.0836999416351318,1.704990029335022,1.9012000560760498,2.045599937438965,108.92400360107422,97.6729965209961,90.77400207519531,171.3350067138672,0.896619975566864,0.5699689984321594,1.075850009918213,0.8332800269126892,0.5292999744415283,0.635640025138855
2024-01-12,1.0981649160385132,1.2777756452560425,145.04600524902344,0.8510100245475769,1.3379900455474854,0.6698498129844666,0.6242314577102661,159.26800537109375,0.8593900203704834,0.934499979019165,1.4692399501800537,1.6393400430679321,1.7590800523757935,185.3070068359375,1.0872999429702759,1.7093000411987305,1.907289981842041,2.046299934387207,108.39600372314453,97.15699768066406,90.5260009765625,170.42100524902344,0.8962200284004211,0.5700719952583313,1.0731199979782104,0.8350600004196167,0.5306000113487244,0.6359699964523315
2024-01-15,1.0945708751678467,1.273658275604248,145.1490020751953,0.8533200025558472,1.340939998626709,0.6689097881317139,0.6232999563217163,158.86399841308594,0.8593299984931946,0.9339600205421448,1.467650055885315,1.6362199783325195,1.7559599876403809,184.85699462890625,1.0867500305175781,1.7077900171279907,1.9039299488067627,2.0432400703430176,108.23600006103516,97.08100128173828,90.4580078125,170.0780029296875,0.8968700170516968,0.5707299709320068,1.0731029510498047,0.835686981678009,0.5317699909210205,0.6362900137901306
2024-01-16,1.0945708751678467,1.2716174125671387,145.79400634765625,0.8559799790382385,1.3435800075531006,0.6650399565696716,0.6190685629844666,159.56300354003906,0.8606100082397461,0.9369099736213684,1.4704400300979614,1.645740032196045,1.7680000066757202,185.36700439453125,1.0883699655532837,1.7083899974822998,1.9118900299072266,2.053920030593872,108.50299835205078,96.95800018310547,90.24199676513672,170.2899932861328,0.8930000066757202,0.5692750215530396,1.0743000507354736,0.8316100239753723,0.5297799706459045,0.6370099782943726
2024-01-17,1.087878942489624,1.26385498046875,147.24600219726562,0.861299991607666,1.3489999771118164,0.6588900089263916,0.6140884160995483,160.17999267578125,0.8607199788093567,0.9371799826622009,1.4674299955368042,1.6509000062942505,1.7714300155639648,186.07699584960938,1.0885000228881836,1.7044999599456787,1.9178800582885742,2.0578699111938477,109.1449966430664,97.01200103759766,90.40799713134766,170.9029998779297,0.8887799978256226,0.567579984664917,1.0729399919509888,0.8282949924468994,0.5289199948310852,0.6381999850273132
2024-01-18,1.0885775089263916,1.2676842212677002,148.1179962158203,0.8643220067024231,1.3502800464630127,0.6551997661590576,0.611340343952179,161.22300720214844,0.8586199879646301,0.9408000111579895,1.469730019569397,1.6616899967193604,1.7797000408172607,187.74200439453125,1.095460057258606,1.7113900184631348,1.9349100589752197,2.0734100341796875,109.68800354003906,97.01000213623047,90.53399658203125,171.3470001220703,0.8844900131225586,0.56598299741745,1.0714999437332153,0.8253700137138367,0.527999997138977,0.6400499939918518
2024-01-19,1.0879143476486206,1.2709871530532837,148.1280059814453,0.8680800199508667,1.348620057106018,0.6582845449447632,0.6120250821113586,161.1269989013672,0.85589998960495,0.944350004196167,1.4671200513839722,1.6532700061798096,1.7778400182724,188.22300720214844,1.103219985961914,1.7139300107955933,1.9312700033187866,2.0768001079559326,109.82499694824219,97.46499633789062,90.61000061035156,170.61355590820312,0.8873599767684937,0.571179986000061,1.0753799676895142,0.8251399993896484,0.5311099886894226,0.6436200141906738
2024-01-22,1.089229702949524,1.2699863910675049,148.12100219726562,0.8684800267219543,1.3431600332260132,0.6595479249954224,0.6118303537368774,161.33999633789062,0.8576599955558777,0.9459199905395508,1.463189959526062,1.651360034942627,1.7803800106048584,188.10299682617188,1.102910041809082,1.7057199478149414,1.9254399538040161,2.0755999088287354,110.25800323486328,97.69200134277344,90.61100006103516,170.5450897216797,0.8859699964523315,0.5727499723434448,1.0780500173568726,0.821690022945404,0.5312700271606445,0.6463900208473206
2024-01-23,1.088020920753479,1.2706964015960693,148.14199829101562,0.8691200017929077,1.347790002822876,0.6570599675178528,0.607389509677887,161.13699340820312,0.8560100197792053,0.945389986038208,1.4660099744796753,1.6553599834442139,1.7908200025558472,188.2310028076172,1.1043200492858887,1.7124899625778198,1.933650016784668,2.0918800830841064,109.9000015258789,97.33499908447266,89.96600341796875,170.427001953125,0.8855400085449219,0.5710499882698059,1.081760048866272,0.8185240030288696,0.5278099775314331,0.64478999376297
2024-01-24,1.0857881307601929,1.269196629524231,148.25100708007812,0.8695999979972839,1.3456000089645386,0.6586300730705261,0.610340416431427,160.94900512695312,0.8553100228309631,0.9441999793052673,1.4608999490737915,1.6485999822616577,1.7790100574493408,188.12600708007812,1.1035499572753906,1.7077499628067017,1.9267300367355347,2.0793099403381348,110.16400146484375,97.59400177001953,90.46399688720703,170.44007873535156,0.8862339854240417,0.5727840065956116,1.0790300369262695,0.8211590051651001,0.5306699872016907,0.6462100148200989
2024-01-25,1.088174819946289,1.271876335144043,147.59100341796875,0.8630200028419495,1.3525400161743164,0.6576697826385498,0.6108586192131042,160.58999633789062,0.8555200099945068,0.9390699863433838,1.471709966659546,1.6548199653625488,1.7813999652862549,187.68800354003906,1.0975500345230103,1.7201000452041626,1.9339499473571777,2.0818800926208496,109.11599731445312,97.03299713134766,90.13099670410156,170.98353576660156,0.8893499970436096,0.5674800276756287,1.0764440298080444,0.8260980248451233,0.5270400047302246,0.6380100250244141
2024-01-26,1.0847046375274658,1.270825743675232,147.72300720214844,0.8669000267982483,1.3477699756622314,0.6585879921913147,0.6108884811401367,160.218994140625,0.8535000085830688,0.9403600096702576,1.4618300199508667,1.647570013999939,1.775480031967163,187.70700073242188,1.1016900539398193,1.7126400470733643,1.9302300214767456,2.0800700187683105,109.59400177001953,97.23699951171875,90.2239990234375,170.35699462890625,0.8871899843215942,0.5706999897956848,1.0775799751281738,0.823199987411499,0.52920001745224,0.6432099938392639
2024-01-29,1.0843517780303955,1.2697607278823853,148.13999938964844,0.864139974117279,1.3453999757766724,0.6578601002693176,0.609289824962616,160.61700439453125,0.8539199829101562,0.9369800090789795,1.4587700366973877,1.648169994354248,1.7794899940490723,188.0800018310547,1.0971699953079224,1.7082099914550781,1.9299800395965576,2.083820104598999,110.1043472290039,97.44100189208984,90.24199676513672,171.4040069580078,0.8849999904632568,0.5684300065040588,1.0796300172805786,0.8196099996566772,0.526419997215271,0.6422299742698669
2024-01-30,1.0834470987319946,1.2713264226913452,147.46800231933594,0.8613200187683105,1.3411400318145752,0.6614194512367249,0.613481879234314,159.75599670410156,0.8521000146865845,0.933139979839325,1.4527000188827515,1.6379300355911255,1.7659399509429932,187.46200561523438,1.094920039176941,1.7048799991607666,1.921910047531128,2.07207989692688,109.94999694824219,97.52999877929688,90.45500183105469,171.1840057373047,0.8869799971580505,0.5696499943733215,1.0780600309371948,0.822655975818634,0.5283200144767761,0.6421700119972229
2024-01-31,1.08433997631073,1.269551157951355,147.36900329589844,0.8618599772453308,1.3401700258255005,0.659480094909668,0.613180935382843,159.781005859375,0.8540300130844116,0.934499979019165,1.4530999660491943,1.6441700458526611,1.7683299779891968,187.07899475097656,1.0939799547195435,1.70114004611969,1.9247699975967407,2.0692999362945557,109.94999694824219,97.18000030517578,90.3499984741211,170.9499969482422,0.8837299942970276,0.5683199763298035,1.075456976890564,0.8216540217399597,0.5281999707221985,0.6430299878120422
2024-02-01,1.0803920030593872,1.2678449153900146,146.99600219726562,0.862339973449707,1.3435499668121338,0.656150758266449,0.611190915107727,158.7830047607422,0.8521000146865845,0.9316200017929077,1.451449990272522,1.6464200019836426,1.7675199508666992,186.3459930419922,1.0931799411773682,1.7031999826431274,1.931980013847351,2.0736000537872314,109.4010009765625,96.44499969482422,89.8290023803711,170.41000366210938,0.8812000155448914,0.5657899975776672,1.0735100507736206,0.8210399746894836,0.526960015296936,0.6417700052261353
2024-02-02,1.0874648094177246,1.27472984790802,146.4510040283203,0.8576200008392334,1.3382999897003174,0.6574898362159729,0.6145714521408081,159.24899291992188,0.8530700206756592,0.9326000213623047,1.4553300142288208,1.6539000272750854,1.7694100141525269,186.63699340820312,1.093019962310791,1.7056000232696533,1.9384000301361084,2.0739500522613525,109.41699981689453,96.28600311279297,89.97000122070312,170.7429962158203,0.8792999982833862,0.5638989806175232,1.0701760053634644,0.8220000267028809,0.526960015296936,0.640749990940094
2024-02-05,1.0780043601989746,1.2621959447860718,148.50100708007812,0.8669800162315369,1.3470100164413452,0.6505080461502075,0.6064502000808716,160.08099365234375,0.8540499806404114,0.9345800280570984,1.4520200490951538,1.6570199728012085,1.7777999639511108,187.427001953125,1.094249963760376,1.7001099586486816,1.9401799440383911,2.081549882888794,110.23999786376953,96.59600067138672,90.02999877929688,171.262451171875,0.8761749863624573,0.5639619827270508,1.0726029872894287,0.8164880275726318,0.525600016117096,0.6435700058937073
2024-02-06,1.0741831064224243,1.2534469366073608,148.63999938964844,0.8707000017166138,1.3543000221252441,0.6480293273925781,0.6053085327148438,159.65199279785156,0.856939971446991,0.9352399706840515,1.4543999433517456,1.657520055770874,1.7745100259780884,186.30099487304688,1.0912799835205078,1.6972600221633911,1.9340900182724,2.0705699920654297,109.7490005493164,96.31800079345703,89.95800018310547,170.68299865722656,0.8775299787521362,0.5641800165176392,1.070512056350708,0.8196510076522827,0.5269399881362915,0.6428499817848206
2024-02-07,1.075719952583313,1.2606525421142578,147.8179931640625,0.8694999814033508,1.34893000125885,0.6529674530029297,0.6099792718887329,158.99099731445312,0.8533300161361694,0.9352800250053406,1.450950026512146,1.6476099491119385,1.7635300159454346,186.27999877929688,1.0956000089645386,1.7000800371170044,1.9301999807357788,2.066309928894043,109.55000305175781,96.47000122070312,90.1520004272461,169.9499969482422,0.880299985408783,0.5673999786376953,1.070289969444275,0.8226600289344788,0.530269980430603,0.6445299983024597
2024-02-08,1.077574610710144,1.2627378702163696,148.08599853515625,0.8739100098609924,1.3464000225067139,0.6521880626678467,0.6109594106674194,159.5724334716797,0.8530200123786926,0.9419699907302856,1.4503999948501587,1.6523200273513794,1.7636100053787231,186.98399353027344,1.1038000583648682,1.6995999813079834,1.9362200498580933,2.0665900707244873,109.98400115966797,96.56500244140625,90.45999908447266,169.3820037841797,0.8777539730072021,0.5699869990348816,1.067168951034546,0.8224300146102905,0.5339900255203247,0.6492400169372559
2024-02-09,1.0777255296707153,1.2620525360107422,149.25900268554688,0.873449981212616,1.3459999561309814,0.6497599482536316,0.6107914447784424,160.8459930419922,0.8538900017738342,0.9412999749183655,1.450469970703125,1.6582000255584717,1.7645000219345093,188.35400390625,1.1022499799728394,1.6985199451446533,1.9420599937438965,2.0660300254821777,110.88500213623047,96.98400115966797,91.14800262451172,170.86099243164062,0.8745399713516235,0.567566990852356,1.0638500452041626,0.8219900131225586,0.5334100127220154,0.6488699913024902
2024-02-12,1.0798202753067017,1.2637271881103516,149.16700744628906,0.8741599917411804,1.3457800149917603,0.6525583267211914,0.6147717237472534,161.0679931640625,0.8544399738311768,0.9439100027084351,1.4531199932098389,1.654829978942871,1.756410002708435,188.49200439453125,1.1046099662780762,1.7005399465560913,1.936579942703247,2.055419921875,110.83499908447266,97.3239974975586,91.68900299072266,170.6230010986328,0.8779659867286682,0.5703499913215637,1.0613199472427368,0.827210009098053,0.5372800230979919,0.6495000123977661
2024-02-13,1.0772264003753662,1.2627538442611694,149.40499877929688,0.8758000135421753,1.3455300331115723,0.6528898477554321,0.6127901673316956,160.91000366210938,0.8529599905014038,0.9433000087738037,1.4492000341415405,1.6491999626159668,1.7575600147247314,188.63299560546875,1.105739951133728,1.6985599994659424,1.9336199760437012,2.059969902038574,111.04000091552734,97.54299926757812,91.55500030517578,170.54896545410156,0.8779000043869019,0.5718730092048645,1.0653400421142578,0.8244699835777283,0.5366899967193604,0.6509199738502502
2024-02-14,1.0708931684494019,1.2590652704238892,150.7239990234375,0.8874099850654602,1.3565800189971924,0.6453399062156677,0.6057815551757812,161.38999938964844,0.850409984588623,0.9502800107002258,1.4525699615478516,1.659250020980835,1.7677799463272095,189.72900390625,1.1171000003814697,1.707919955253601,1.9507700204849243,2.078310012817383,111.0989990234375,97.26399993896484,91.28900146484375,169.81900024414062,0.8754249811172485,0.5727059841156006,1.0652999877929688,0.8216500282287598,0.5374799966812134,0.6541000008583069
2024-02-15,1.0732147693634033,1.2568340301513672,150.54400634765625,0.8851000070571899,1.3538700342178345,0.6498798131942749,0.609061598777771,161.55996704101562,0.8538600206375122,0.9498999714851379,1.4529000520706177,1.6512800455093384,1.761989951133728,189.19500732421875,1.1124800443649292,1.7014700174331665,1.933769941329956,2.063390016555786,111.18800354003906,97.82599639892578,91.6760025024414,170.04800415039062,0.8797900080680847,0.5752769708633423,1.0669399499893188,0.8244600296020508,0.5390499830245972,0.6537700295448303
2024-02-16,1.0773887634277344,1.259921908378601,149.9459991455078,0.879800021648407,1.3465299606323242,0.6525498628616333,0.6111199259757996,161.53399658203125,0.8550999760627747,0.9478499889373779,1.450659990310669,1.6509599685668945,1.7627999782562256,188.89100646972656,1.1083699464797974,1.6963499784469604,1.9305700063705444,2.0608999729156494,111.34700012207031,97.84300231933594,91.62100219726562,170.4029998779297,0.8786200284957886,0.5741479992866516,1.0669000148773193,0.8227499723434448,0.5375800132751465,0.6533399820327759
2024-02-19,1.0784927606582642,1.2611136436462402,150.09100341796875,0.880649983882904,1.3477799892425537,0.6537913680076599,0.6136400103569031,161.86700439453125,0.8551599979400635,0.9497500061988831,1.453510046005249,1.649530053138733,1.7574700117111206,189.27099609375,1.1105300188064575,1.6995999813079834,1.9287899732589722,2.0549800395965576,111.3550033569336,98.12100219726562,92.08799743652344,170.41600036621094,0.8810999989509583,0.5757200121879578,1.065382957458496,0.8269439935684204,0.5403100252151489,0.6533399820327759
2024-02-20,1.0775396823883057,1.2587641477584839,150.27000427246094,0.8827469944953918,1.3497999906539917,0.6530783176422119,0.6142581701278687,161.89300537109375,0.8560000061988831,0.9512500166893005,1.4545700550079346,1.649839997291565,1.7541199922561646,189.11399841308594,1.1110999584197998,1.699139952659607,1.9272199869155884,2.0490000247955322,111.3030014038086,98.13099670410156,92.28900146484375,170.18800354003906,0.8815699815750122,0.576479971408844,1.0631300210952759,0.8291040062904358,0.5421599745750427,0.6538599729537964
2024-02-21,1.0813149213790894,1.2627378702163696,149.93899536132812,0.8818100094795227,1.3521900177001953,0.6553500890731812,0.616819441318512,162.11099243164062,0.8561699986457825,0.9532999992370605,1.4618099927902222,1.6496100425720215,1.7527600526809692,189.3090057373047,1.1132899522781372,1.7071800231933594,1.9264600276947021,2.0468599796295166,110.88899993896484,98.26599884033203,92.47200012207031,170.03492736816406,0.8861100077629089,0.5779079794883728,1.062540054321289,0.8339300155639648,0.5438100099563599,0.6520599722862244
2024-02-22,1.0820403099060059,1.2638070583343506,150.35499572753906,0.8792499899864197,1.3496999740600586,0.6553199887275696,0.6180316805839539,162.6840057373047,0.8561300039291382,0.9513499736785889,1.4603300094604492,1.6511000394821167,1.7507400512695312,189.99000549316406,1.111109972000122,1.7056299448013306,1.928320050239563,2.044719934463501,111.39199829101562,98.52999877929688,92.91000366210938,170.98782348632812,0.8844500184059143,0.576170027256012,1.0603200197219849,0.8340299725532532,0.5433099865913391,0.6513800024986267
2024-02-23,1.0825674533843994,1.266367793083191,150.48300170898438,0.8799499869346619,1.348140001296997,0.6559101939201355,0.6195287704467773,162.8979949951172,0.8548200130462646,0.9526799917221069,1.4593499898910522,1.6503000259399414,1.7473100423812866,190.53900146484375,1.1144100427627563,1.7071199417114258,1.9304900169372559,2.0439300537109375,111.61499786376953,98.69999694824219,93.21353912353516,170.9739990234375,0.8842099905014038,0.5772200226783752,1.0587029457092285,0.835096001625061,0.5451570153236389,0.6527400016784668
2024-02-26,1.0820051431655884,1.2672665119171143,150.4980010986328,0.8812500238418579,1.3507200479507446,0.6565384864807129,0.6186893582344055,162.83099365234375,0.8537700176239014,0.95346999168396,1.461400032043457,1.6479400396347046,1.748769998550415,190.70700073242188,1.1166900396347046,1.7115999460220337,1.9300700426101685,2.0481300354003906,111.41300201416016,98.79900360107422,93.09700012207031,170.75999450683594,0.8867300152778625,0.5785300135612488,1.0611079931259155,0.8355500102043152,0.5451200008392334,0.6523699760437012
2024-02-27,1.0850930213928223,1.268455982208252,150.5659942626953,0.8798999786376953,1.3501299619674683,0.6539598107337952,0.6167091131210327,163.3509979248047,0.8553400039672852,0.9548199772834778,1.4651399850845337,1.6592700481414795,1.7596299648284912,190.9669952392578,1.1161099672317505,1.7125999927520752,1.939560055732727,2.056999921798706,111.48400115966797,98.44300079345703,92.81800079345703,171.06295776367188,0.8829699754714966,0.5754200220108032,1.059499979019165,0.8325099945068359,0.5419999957084656,0.6516199707984924
2024-02-28,1.084481120109558,1.268166422843933,150.4949951171875,0.8787999749183655,1.3531700372695923,0.6543898582458496,0.6170287728309631,163.14700317382812,0.8548099994659424,0.953000009059906,1.4670000076293945,1.656749963760376,1.757099986076355,190.83399963378906,1.1144499778747559,1.71589994430542,1.937690019607544,2.055079936981201,111.20899963378906,98.4739990234375,92.84200286865234,171.18800354003906,0.8851000070571899,0.5751649737358093,1.060539960861206,0.8348199725151062,0.5421000123023987,0.6488999724388123
2024-02-29,1.0838816165924072,1.2663036584854126,150.656005859375,0.8787099719047546,1.3577500581741333,0.6494700312614441,0.6097100377082825,163.24600219726562,0.8560199737548828,0.9523100256919861,1.4714800119400024,1.6687500476837158,1.7776800394058228,190.66900634765625,1.1124600172042847,1.718850016593933,1.9492700099945068,2.0766899585723877,110.94400024414062,97.82099914550781,91.80899810791016,171.37548828125,0.8817200064659119,0.5705400109291077,1.0652400255203247,0.8275499939918518,0.5351999998092651,0.6467000246047974
2024-03-01,1.0804970264434814,1.2625465393066406,150.09500122070312,0.8844000101089478,1.3573700189590454,0.6498401165008545,0.6085797548294067,162.16700744628906,0.8557500243186951,0.9557099938392639,1.4665100574493408,1.6626700162887573,1.7753100395202637,189.48300170898438,1.1166599988937378,1.713629961013794,1.9427000284194946,2.074429988861084,110.5719985961914,97.53199768066406,91.33300018310547,169.66900634765625,0.8820199966430664,0.5747900009155273,1.0677599906921387,0.8259400129318237,0.5382199883460999,0.6516100168228149
2024-03-04,1.084269404411316,1.26603102684021,150.10499572753906,0.8833400011062622,1.355239987373352,0.6527883410453796,0.6103813648223877,162.7469940185547,0.8563799858093262,0.9577100276947021,1.469349980354309,1.6608699560165405,1.7762800455093384,190.02999877929688,1.1182500123977661,1.7157000303268433,1.9393099546432495,2.074049949645996,110.75299835205078,97.9800033569336,91.60800170898438,169.91600036621094,0.8846349716186523,0.5765969753265381,1.069424033164978,0.8270900249481201,0.5390599966049194,0.6517199873924255
2024-03-05,1.0855170488357544,1.269196629524231,150.46600341796875,0.885200023651123,1.357200026512146,0.6507620811462402,0.6096594333648682,163.31900024414062,0.8552899956703186,0.9607999920845032,1.4733400344848633,1.6679699420928955,1.780500054359436,190.9320068359375,1.1232399940490723,1.7224500179290771,1.949970006942749,2.0814199447631836,110.84200286865234,97.90599822998047,91.71900177001953,169.9600067138672,0.8832730054855347,0.5761299729347229,1.0674099922180176,0.8273800015449524,0.5395699739456177,0.6520799994468689
2024-03-06,1.0855995416641235,1.27048659324646,150.0489959716797,0.8835800290107727,1.3589999675750732,0.6503900289535522,0.6087798476219177,162.8719940185547,0.8544399738311768,0.9591599702835083,1.4752299785614014,1.6691099405288696,1.7832499742507935,190.6199951171875,1.122439980506897,1.7263000011444092,1.9532500505447388,2.086790084838867,110.40299987792969,97.57599639892578,91.33100128173828,169.78799438476562,0.8839370012283325,0.5746600031852722,1.0683599710464478,0.8271899819374084,0.5378100275993347,0.6501200199127197
2024-03-07,1.089953899383545,1.2735446691513062,149.2689971923828,0.882099986076355,1.3512699604034424,0.6566298604011536,0.6127901673316956,162.6840057373047,0.8557800054550171,0.9614400267601013,1.4726300239562988,1.6592999696731567,1.778540015220642,190.09100341796875,1.123420000076294,1.7208000421524048,1.9393099546432495,2.078160047531128,110.45800018310547,98.00700378417969,91.4540023803711,169.18600463867188,0.8872299790382385,0.579230010509491,1.0715099573135376,0.8278999924659729,0.5404800176620483,0.6527900099754333
2024-03-08,1.0950144529342651,1.2815583944320679,147.8679962158203,0.8770999908447266,1.3451999425888062,0.6621301770210266,0.6178789138793945,161.9080047607422,0.854449987411499,0.9606999754905701,1.4731099605560303,1.653730034828186,1.772189974784851,189.46499633789062,1.124060034751892,1.7237399816513062,1.9350899457931519,2.073699951171875,109.90399932861328,97.9000015258789,91.35099792480469,168.5189971923828,0.890608012676239,0.5808339715003967,1.0715700387954712,0.8311499953269958,0.5419899821281433,0.6520599722862244
2024-03-11,1.0942955017089844,1.2855123281478882,146.7740020751953,0.8775100111961365,1.348449945449829,0.6624314785003662,0.6179400086402893,160.60899353027344,0.8512300252914429,0.9602299928665161,1.4755500555038452,1.6518800258636475,1.7708300352096558,188.6709747314453,1.1279900074005127,1.7333699464797974,1.940500020980835,2.080199956893921,108.83799743652344,97.22212219238281,90.68350982666016,167.24456787109375,0.8931800127029419,0.5812399983406067,1.0719410181045532,0.8331400156021118,0.5421839952468872,0.6506900191307068
2024-03-12,1.093135118484497,1.2819806337356567,146.73199462890625,0.8772500157356262,1.347749948501587,0.6615506410598755,0.6170782446861267,160.38900756835938,0.8526099920272827,0.9589999914169312,1.4731700420379639,1.6522300243377686,1.7714799642562866,188.0970001220703,1.1245399713516235,1.7276500463485718,1.937790036201477,2.077359914779663,108.86399841308594,97.06500244140625,90.53099822998047,167.20681762695312,0.8915650248527527,0.580299973487854,1.0720100402832031,0.8310999870300293,0.5412300229072571,0.6508299708366394
2024-03-13,1.0927767753601074,1.2795906066894531,147.61900329589844,0.8773900270462036,1.349310040473938,0.6607297658920288,0.614960789680481,161.29100036621094,0.8539199829101562,0.9587000012397766,1.4743200540542603,1.653749942779541,1.7768299579620361,188.8719940185547,1.1225899457931519,1.7263799905776978,1.9364399909973145,2.0805699825286865,109.39800262451172,97.5260009765625,90.76399993896484,168.218994140625,0.8914899826049805,0.5797160267829895,1.0744500160217285,0.8296300172805786,0.5394600033760071,0.6502000093460083
2024-03-14,1.0955302715301514,1.2802129983901978,147.62100219726562,0.8783800005912781,1.3466299772262573,0.6627599000930786,0.6165000200271606,161.68699645996094,0.8555499911308289,0.9620800018310547,1.4749300479888916,1.6526000499725342,1.7766200304031372,188.94000244140625,1.1244200468063354,1.7238600254058838,1.931399941444397,2.0761001110076904,109.61599731445312,97.83000183105469,90.99400329589844,168.0431671142578,0.8924540281295776,0.5821539759635925,1.0750199556350708,0.8300700187683105,0.5410000085830688,0.652209997177124
2024-03-15,1.0883406400680542,1.2745835781097412,148.29600524902344,0.8842700123786926,1.3537700176239014,0.6579297780990601,0.6124786734580994,161.3769989013672,0.8538500070571899,0.9623399972915649,1.473289966583252,1.6541199684143066,1.776900053024292,188.99899291992188,1.126979947090149,1.725350022315979,1.9371299743652344,2.0808300971984863,109.54000091552734,97.56300354003906,90.81600189208984,167.69400024414062,0.8902000188827515,0.5817959904670715,1.0742199420928955,0.8290259838104248,0.5414999723434448,0.6531299948692322
2024-03-18,1.0882576704025269,1.2731393575668335,148.9550018310547,0.8835899829864502,1.3546099662780762,0.6557978987693787,0.608698308467865,162.0970001220703,0.8547599911689758,0.9615600109100342,1.474120020866394,1.6593899726867676,1.7877999544143677,189.6300048828125,1.1248699426651,1.724519968032837,1.941230058670044,2.091439962387085,109.9540023803711,97.677001953125,90.65499877929688,168.5623016357422,0.8883110284805298,0.5794199705123901,1.0773199796676636,0.8244199752807617,0.5377399921417236,0.6522200107574463
2024-03-19,1.087393879890442,1.272718071937561,149.1439971923828,0.8875100016593933,1.3534799814224243,0.655750572681427,0.6082687973976135,162.17300415039062,0.8542199730873108,0.9650300145149231,1.4716999530792236,1.6579999923706055,1.7875900268554688,189.8040008544922,1.1294699907302856,1.7224199771881104,1.9406299591064453,2.0915000438690186,110.18399810791016,97.80400085449219,90.70600128173828,168.03900146484375,0.8875010013580322,0.5820170044898987,1.078070044517517,0.823170006275177,0.5397499799728394,0.6556599736213684
2024-03-20,1.0863306522369385,1.2719409465789795,151.03500366210938,0.8885400295257568,1.3573100566864014,0.6526401042938232,0.6048984527587891,164.05499267578125,0.8540099859237671,0.9652199745178223,1.474429965019226,1.664389967918396,1.7950999736785889,192.0959930419922,1.1300599575042725,1.7263200283050537,1.948830008506775,2.10263991355896,111.26899719238281,98.56199645996094,91.34700012207031,169.9573211669922,0.8857799768447876,0.5798699855804443,1.0788899660110474,0.8209249973297119,0.5373700261116028,0.6545699834823608
2024-03-21,1.0937210321426392,1.2798361778259277,150.75999450683594,0.8855500221252441,1.347190022468567,0.6597799062728882,0.6089614629745483,164.87899780273438,0.8544099926948547,0.9685800075531006,1.4733099937438965,1.6576900482177734,1.7960599660873413,192.93600463867188,1.1333099603652954,1.723960041999817,1.9396799802780151,2.1015400886535645,111.90499877929688,99.4540023803711,91.79399871826172,170.21600341796875,0.8885120153427124,0.5842819809913635,1.0834399461746216,0.8202499747276306,0.5392000079154968,0.6573200225830078
2024-03-22,1.0862362384796143,1.2661913633346558,151.63299560546875,0.8976799845695496,1.3526999950408936,0.657418966293335,0.6046388149261475,164.7030029296875,0.8578000068664551,0.9750000238418579,1.4692800045013428,1.6527899503707886,1.7964600324630737,191.97500610351562,1.1365000009536743,1.712589979171753,1.9264800548553467,2.0938498973846436,112.09300231933594,99.64099884033203,91.6719970703125,168.88999938964844,0.8889099955558777,0.5893999934196472,1.0859999656677246,0.8177800178527832,0.5426989793777466,0.6636000275611877
2024-03-25,1.0807539224624634,1.25979483127594,151.30499267578125,0.8976200222969055,1.3611500263214111,0.6515804529190063,0.5990211963653564,163.52099609375,0.8578500151634216,0.9700899720191956,1.4710400104522705,1.6664999723434448,1.8041499853134155,190.67771911621094,1.131100058555603,1.7041000127792358,1.933500051498413,2.102979898452759,111.15399932861328,98.58000183105469,90.62300109863281,168.54800415039062,0.8868489861488342,0.5848469734191895,1.0876699686050415,0.8152300119400024,0.5375999808311462,0.6593800187110901
2024-03-26,1.0838228464126587,1.2637910842895508,151.3730010986328,0.8994699716567993,1.3584599494934082,0.6538896560668945,0.6001608371734619,164.04800415039062,0.8575699925422668,0.9748499989509583,1.4722599983215332,1.6574499607086182,1.805840015411377,191.28399658203125,1.1366599798202515,1.7166399955749512,1.9323999881744385,2.1055800914764404,111.427001953125,98.96700286865234,90.83200073242188,168.27198791503906,0.888159990310669,0.5880900025367737,1.0894490480422974,0.8151609897613525,0.5397300124168396,0.6620799899101257
2024-03-27,1.0832358598709106,1.2628495693206787,151.52999877929688,0.9036499857902527,1.3581000566482544,0.6538982391357422,0.6007593870162964,164.0399932861328,0.8578000068664551,0.9788399934768677,1.470960021018982,1.6565200090408325,1.8031200170516968,191.21800231933594,1.1411199569702148,1.7149800062179565,1.9311699867248535,2.1019599437713623,111.50599670410156,99.0780029296875,90.96099853515625,167.55999755859375,0.8879799842834473,0.5908499956130981,1.0883699655532837,0.8152999877929688,0.5427899956703186,0.6653199791908264
2024-03-28,1.0813382863998413,1.261670470237732,151.28700256347656,0.9054999947547913,1.3586000204086304,0.6521999835968018,0.5992509126663208,163.5290069580078,0.85698002576828,0.979200005531311,1.4689600467681885,1.657770037651062,1.8035999536514282,190.80999755859375,1.142300009727478,1.714020013809204,1.934340000152588,2.105340003967285,111.3489990234375,98.63300323486328,90.61599731445312,166.99400329589844,0.8860399723052979,0.5906789898872375,1.0883599519729614,0.8140000104904175,0.5425699949264526,0.6664999723434448
2024-03-29,1.0794472694396973,1.26262629032135,151.44000244140625,0.9010699987411499,1.353600025177002,0.6516780853271484,0.5974700450897217,163.41000366210938,0.8547899723052979,0.9724000096321106,1.4606499671936035,1.6555299758911133,1.806399941444397,191.1529998779297,1.1375099420547485,1.7086600065231323,1.9368200302124023,2.113219976425171,111.86199951171875,98.62999725341797,90.43599700927734,167.9600067138672,0.8816159963607788,0.5871210098266602,1.0901700258255005,0.8082600235939026,0.5379999876022339,0.6656100153923035
2024-04-01,1.0792726278305054,1.2637271881103516,151.3979949951172,0.9020000100135803,1.3521900177001953,0.6533001661300659,0.5986589789390564,163.3939971923828,0.8540099859237671,0.9734600186347961,1.45933997631073,1.6519700288772583,1.802780032157898,191.3000030517578,1.139799952507019,1.7087199687957764,1.934000015258789,2.1108100414276123,111.95700073242188,98.88999938964844,90.61000061035156,167.8336639404297,0.8833199739456177,0.5889000296592712,1.0912230014801025,0.8093799948692322,0.5398799777030945,0.6669899821281433
2024-04-02,1.0737217664718628,1.2545477151870728,151.58099365234375,0.9050700068473816,1.3573700189590454,0.6487903594970703,0.5952416062355042,162.75100708007812,0.8557400107383728,0.9717400074005127,1.4573899507522583,1.6548999547958374,1.8032000064849854,190.1719970703125,1.1354800462722778,1.7029600143432617,1.9337689876556396,2.107719898223877,111.66400146484375,98.33599853515625,90.21199798583984,167.468994140625,0.880611002445221,0.5871850252151489,1.0899300575256348,0.8078299760818481,0.5386199951171875,0.666700005531311
2024-04-03,1.076855182647705,1.2576876878738403,151.5399932861328,0.9078199863433838,1.3564300537109375,0.651439905166626,0.5969401001930237,163.1790008544922,0.8561800122261047,0.9775500297546387,1.4606000185012817,1.6529500484466553,1.803820013999939,190.5800018310547,1.1416300535202026,1.7058299779891968,1.9305200576782227,2.106790065765381,111.71600341796875,98.70999908447266,90.45099639892578,166.9080047607422,0.8835700154304504,0.5913500189781189,1.0912100076675415,0.8096100091934204,0.5418199896812439,0.6692100167274475
2024-04-04,1.0838346481323242,1.2651821374893188,151.58099365234375,0.9028900265693665,1.3523800373077393,0.6568998694419861,0.6014711856842041,164.27699279785156,0.8566399812698364,0.9785900115966797,1.465649962425232,1.6499600410461426,1.8019299507141113,191.76100158691406,1.142300009727478,1.7107599973678589,1.9259999990463257,2.1033599376678467,112.08200073242188,99.55599975585938,91.15699768066406,167.8489990234375,0.888260006904602,0.5930500030517578,1.092039942741394,0.813289999961853,0.5429800152778625,0.6675900220870972
2024-04-05,1.0837054252624512,1.26401948928833,151.29200744628906,0.9015100002288818,1.354449987411499,0.6587702035903931,0.6027800440788269,163.94500732421875,0.857200026512146,0.9769399762153625,1.4676799774169922,1.6449400186538696,1.797819972038269,191.22999572753906,1.1394699811935425,1.7119300365447998,1.9186899662017822,2.09689998626709,111.69499969482422,99.66100311279297,91.18280029296875,167.8046112060547,0.8919000029563904,0.5939069986343384,1.0929100513458252,0.8162699937820435,0.5432999730110168,0.6654599905014038
2024-04-08,1.0830481052398682,1.2625305652618408,151.69000244140625,0.9031699895858765,1.3604099750518799,0.6570215821266174,0.6004491448402405,164.2830047607422,0.8578199744224548,0.9779999852180481,1.4733400344848633,1.6483700275421143,1.803689956665039,191.5,1.1402000188827515,1.717460036277771,1.9214500188827515,2.1024699211120605,111.49500274658203,99.65599822998047,91.06800079345703,167.93600463867188,0.8937600255012512,0.5933600068092346,1.0941669940948486,0.8167440295219421,0.5422099828720093,0.6638299822807312
2024-04-09,1.0863661766052246,1.2658709287643433,151.84300231933594,0.9050099849700928,1.3570799827575684,0.6604998111724854,0.6034383773803711,164.9219970703125,0.8580600023269653,0.9830300211906433,1.4739700555801392,1.6444900035858154,1.80007004737854,192.18499755859375,1.1454700231552124,1.7176200151443481,1.9163000583648682,2.0964999198913574,111.88600158691406,100.28600311279297,91.61399841308594,167.7570037841797,0.8963410258293152,0.5977720022201538,1.094580054283142,0.8188080191612244,0.546019971370697,0.6668400168418884
2024-04-10,1.0859296321868896,1.2677645683288574,151.77699279785156,0.9029800295829773,1.3572900295257568,0.662850022315979,0.6067924499511719,164.802001953125,0.856440007686615,0.9805899858474731,1.473829984664917,1.6382100582122803,1.7901999950408936,192.39999389648438,1.1447700262069702,1.7206300497055054,1.9124599695205688,2.0899300575256348,111.81800079345703,100.59600067138672,92.05000305175781,168.0500030517578,0.899619996547699,0.5985400080680847,1.0923340320587158,0.8228780031204224,0.5476599931716919,0.6652600169181824
2024-04-11,1.074171543121338,1.2537612915039062,152.96400451660156,0.9130399823188782,1.3687000274658203,0.6507201194763184,0.5974607467651367,164.29200744628906,0.8568000197410583,0.9807199835777283,1.4703400135040283,1.6506400108337402,1.7978099584579468,191.74000549316406,1.1446199417114258,1.7160999774932861,1.9265400171279907,2.098259925842285,111.73500061035156,99.52899932861328,91.3759994506836,167.5050048828125,0.8906999826431274,0.5940899848937988,1.0891170501708984,0.8177419900894165,0.5454000234603882,0.6669300198554993
2024-04-12,1.0726851224899292,1.2554770708084106,153.19200134277344,0.9098299741744995,1.368690013885498,0.6540607213973999,0.600121259689331,164.31700134277344,0.8543400168418884,0.9759200215339661,1.4680999517440796,1.6399600505828857,1.7874699831008911,192.31700134277344,1.1422200202941895,1.7182799577713013,1.919409990310669,2.0919198989868164,111.91799926757812,100.18800354003906,91.9209976196289,168.35499572753906,0.8951550126075745,0.5950589776039124,1.0898900032043457,0.8212659955024719,0.5458800196647644,0.664680004119873
2024-04-15,1.0649627447128296,1.2461835145950317,153.2830047607422,0.9137700200080872,1.3758000135421753,0.6475803256034851,0.594558596611023,163.2100067138672,0.8543999791145325,0.9729599952697754,1.465000033378601,1.6438000202178955,1.7899999618530273,191.00999450683594,1.138700008392334,1.7145229578018188,1.9241000413894653,2.095860004425049,111.39800262451172,99.25599670410156,91.12200164794922,167.72799682617188,0.8909400105476379,0.59170001745224,1.0891289710998535,0.8177000284194946,0.5432000160217285,0.664080023765564
2024-04-16,1.0625749826431274,1.2447409629821777,154.20599365234375,0.9115999937057495,1.3786300420761108,0.644250214099884,0.5902804136276245,163.8300018310547,0.8536199927330017,0.9688100218772888,1.4648100137710571,1.6492899656295776,1.8000500202178955,191.92999267578125,1.1348400115966797,1.715809941291809,1.9319100379943848,2.1082000732421875,111.8489990234375,99.33799743652344,91.01100158691406,169.0956573486328,0.8881199955940247,0.5873630046844482,1.0912699699401855,0.8136540055274963,0.5376999974250793,0.6613500118255615
2024-04-17,1.0621461868286133,1.2431007623672485,154.697998046875,0.912559986114502,1.3818800449371338,0.6412801146507263,0.5892091989517212,164.29600524902344,0.8543999791145325,0.9692400097846985,1.4676599502563477,1.6562299728393555,1.8026399612426758,192.2899932861328,1.1343799829483032,1.7176799774169922,1.9383900165557861,2.109649896621704,111.93699645996094,99.19400024414062,91.13400268554688,169.48699951171875,0.8862320184707642,0.5852090120315552,1.0883500576019287,0.8137000203132629,0.5376200079917908,0.6603500247001648
2024-04-18,1.0669398307800293,1.2453765869140625,154.3419952392578,0.9103999733924866,1.3771799802780151,0.6439813375473022,0.5912995934486389,164.66200256347656,0.856689989566803,0.9715499877929688,1.4693200588226318,1.6568299531936646,1.8043299913406372,192.20199584960938,1.1339399814605713,1.7148900032043457,1.9337600469589233,2.106029987335205,112.06900024414062,99.38400268554688,91.25,169.4669952392578,0.8867999911308289,0.5863699913024902,1.089020013809204,0.8138999938964844,0.538349986076355,0.6611499786376953
2024-04-19,1.0644185543060303,1.2437657117843628,154.61000061035156,0.9121000170707703,1.3769299983978271,0.6424699425697327,0.5903501510620117,164.5590057373047,0.8558200001716614,0.9711300134658813,1.4655400514602661,1.6566400527954102,1.802940011024475,192.27099609375,1.1344000101089478,1.7122999429702759,1.935629963874817,2.1065399646759033,112.26000213623047,99.3239974975586,91.25800323486328,169.43600463867188,0.8845599889755249,0.5861499905586243,1.0882610082626343,0.812720000743866,0.5385299921035767,0.6625800132751465
2024-04-22,1.065825343132019,1.2375777959823608,154.63999938964844,0.9109830260276794,1.373900055885315,0.6425991654396057,0.5900297164916992,164.80999755859375,0.8611999750137329,0.9709600210189819,1.4643000364303589,1.6582000255584717,1.8063600063323975,191.36500549316406,1.1273599863052368,1.7001999616622925,1.9257400035858154,2.0973100662231445,112.5479965209961,99.36399841308594,91.22799682617188,169.72799682617188,0.8827999830245972,0.5849000215530396,1.0890439748764038,0.810509979724884,0.5374199748039246,0.6630200147628784
2024-04-23,1.065405249595642,1.2350252866744995,154.81300354003906,0.9118899703025818,1.3700499534606934,0.6452862024307251,0.5921199917793274,164.9250030517578,0.8626000285148621,0.9714999794960022,1.4595500230789185,1.6511000394821167,1.799430012702942,191.18299865722656,1.1261199712753296,1.6918799877166748,1.914199948310852,2.085710048675537,112.99199676513672,99.84600067138672,91.63899993896484,169.7480010986328,0.8835769891738892,0.5882589817047119,1.0894999504089355,0.8110399842262268,0.5398200154304504,0.6655300259590149
2024-04-24,1.0704345703125,1.2453300952911377,154.74400329589844,0.9114000201225281,1.3660600185394287,0.6488901376724243,0.5936902165412903,165.61300659179688,0.8594200015068054,0.9757800102233887,1.4615999460220337,1.6493300199508667,1.8020000457763672,192.69500732421875,1.1352100372314453,1.70114004611969,1.9191099405288696,2.0968000888824463,113.26599884033203,100.40399932861328,91.85199737548828,169.71798706054688,0.8863800168037415,0.591500997543335,1.092960000038147,0.8105999827384949,0.5411400198936462,0.6672899723052979
2024-04-25,1.0699878931045532,1.2459505796432495,155.25900268554688,0.9144399762153625,1.370419979095459,0.6496999263763428,0.593591570854187,166.11599731445312,0.858709990978241,0.9783899784088135,1.4662400484085083,1.6468199491500854,1.8024699687957764,193.43699645996094,1.139299988746643,1.7074099779129028,1.917580008506775,2.098900079727173,113.2969970703125,100.86900329589844,92.14600372314453,169.76400756835938,0.8903949856758118,0.5941299796104431,1.0944980382919312,0.8133969902992249,0.5425000190734863,0.6672099828720093
2024-04-26,1.072961449623108,1.2509069442749023,155.5970001220703,0.9125199913978577,1.3658000230789185,0.6523199677467346,0.5958410501480103,166.9080047607422,0.8575999736785889,0.9789299964904785,1.465190052986145,1.6444900035858154,1.7996000051498413,194.61700439453125,1.1413899660110474,1.7083499431610107,1.9174200296401978,2.099220037460327,113.9209976196289,101.49500274658203,92.69599914550781,170.48699951171875,0.8908699750900269,0.5952200293540955,1.0947400331497192,0.8136600255966187,0.5436099767684937,0.6680600047111511
2024-04-29,1.0706866979599,1.2510477304458618,158.2239990234375,0.9136880040168762,1.36558997631073,0.6541398763656616,0.5947707891464233,169.39999389648438,0.85589998960495,0.9782999753952026,1.4620800018310547,1.63673996925354,1.800130009651184,197.91099548339844,1.142799973487854,1.7081600427627563,1.9122099876403809,2.1030800342559814,115.85399627685547,103.48999786376953,94.08000183105469,173.14700317382812,0.8932200074195862,0.5976499915122986,1.099768042564392,0.8121020197868347,0.5433400273323059,0.6686999797821045
2024-04-30,1.0715701580047607,1.2559815645217896,156.31399536132812,0.9107199907302856,1.36667001247406,0.6561899185180664,0.5971611142158508,167.39599609375,0.8531399965286255,0.9760000109672546,1.4643900394439697,1.632949948310852,1.794100046157837,196.3179931640625,1.1437900066375732,1.7164100408554077,1.9139200448989868,2.103100061416626,114.36900329589844,102.55000305175781,93.33100128173828,171.46829223632812,0.8967419862747192,0.5975599884986877,1.0987999439239502,0.816012978553772,0.543749988079071,0.6663299798965454
2024-05-01,1.0666552782058716,1.2490164041519165,157.7220001220703,0.9194899797439575,1.3776999711990356,0.6478001475334167,0.5879517197608948,168.21499633789062,0.8539699912071228,0.9807800054550171,1.469480037689209,1.646880030632019,1.81413996219635,196.98199462890625,1.148419976234436,1.7206900119781494,1.9284499883651733,2.1242198944091797,114.48799896240234,102.13700103759766,92.70999908447266,171.56300354003906,0.8922100067138672,0.5954899787902832,1.1015000343322754,0.8098899722099304,0.5405200123786926,0.6673600077629089
2024-05-02,1.0721560716629028,1.2539342641830444,155.70399475097656,0.9163600206375122,1.3723000288009644,0.653190016746521,0.5930107831954956,166.8800048828125,0.8547400236129761,0.9821699857711792,1.470710039138794,1.6407999992370605,1.8073999881744385,195.2030029296875,1.1488100290298462,1.7205100059509277,1.919469952583313,2.113800048828125,113.45700073242188,101.69999694824219,92.35901641845703,169.95652770996094,0.8960270285606384,0.5985919833183289,1.1015160083770752,0.8136720061302185,0.5433890223503113,0.6677600145339966
2024-05-03,1.073306918144226,1.2540600299835205,153.0449981689453,0.9097700119018555,1.3666199445724487,0.6571398973464966,0.5963882803916931,164.21600341796875,0.8555099964141846,0.976170003414154,1.4662799835205078,1.6328400373458862,1.7989599704742432,191.91299438476562,1.1406199932098389,1.7135800123214722,1.908120036125183,2.1025400161743164,111.98500061035156,100.56800079345703,91.26100158691406,168.20899963378906,0.8980200290679932,0.5978310108184814,1.101699948310852,0.8149099946022034,0.5424799919128418,0.6656399965286255
2024-05-06,1.0758124589920044,1.2541072368621826,153.5659942626953,0.9059399962425232,1.3691500425338745,0.6609079837799072,0.6007593870162964,165.2010040283203,0.8578000068664551,0.974590003490448,1.472890019416809,1.627709984779358,1.7898999452590942,192.5760040283203,1.136080026626587,1.7169699668884277,1.8974299430847168,2.087399959564209,112.15299987792969,101.48600006103516,92.24199676513672,169.44000244140625,0.9048410058021545,0.5987300276756287,1.1002739667892456,0.8224210143089294,0.5441960096359253,0.661620020866394
2024-05-07,1.0767507553100586,1.2559815645217896,154.23699951171875,0.9067000150680542,1.3670899868011475,0.6623920202255249,0.6009507179260254,166.0780029296875,0.8572700023651123,0.9762300252914429,1.4718999862670898,1.625480055809021,1.7916899919509888,193.7169952392578,1.1387100219726562,1.7169100046157837,1.8961000442504883,2.08978009223938,112.81800079345703,102.15799713134766,92.68099975585938,170.08099365234375,0.9054819941520691,0.6005200147628784,1.1021900177001953,0.821399986743927,0.54475998878479,0.6631699800491333
2024-05-08,1.0750491619110107,1.25014066696167,154.7480010986328,0.9084799885749817,1.3733199834823608,0.6589199900627136,0.5997199416160583,166.35699462890625,0.8599200248718262,0.9767699837684631,1.4758000373840332,1.63100004196167,1.7925900220870972,193.44700622558594,1.1356699466705322,1.7167400121688843,1.8971199989318848,2.0844199657440186,112.67500305175781,101.96299743652344,92.79100036621094,170.3038330078125,0.9048699736595154,0.5987420082092285,1.0987299680709839,0.8234699964523315,0.544730007648468,0.6614699959754944
2024-05-09,1.0746910572052002,1.2493284940719604,155.41900634765625,0.9079899787902832,1.3727200031280518,0.657680094242096,0.6004202961921692,166.99899291992188,0.8601599931716919,0.9757800102233887,1.4751800298690796,1.6339800357818604,1.7898600101470947,194.15899658203125,1.134310007095337,1.714900016784668,1.8994699716567993,2.080620050430298,113.21099853515625,102.21199798583984,93.302001953125,171.14442443847656,0.9027799963951111,0.5971729755401611,1.0953700542449951,0.8241009712219238,0.5450699925422668,0.6613799929618835
2024-05-10,1.078515887260437,1.2525677680969238,155.38900756835938,0.9058499932289124,1.3677799701690674,0.6620998978614807,0.6036205291748047,167.53399658203125,0.8607800006866455,0.9766899943351746,1.4746500253677368,1.6290899515151978,1.786180019378662,194.6230010986328,1.1345499753952026,1.7130600214004517,1.892449975013733,2.0749099254608154,113.60399627685547,102.83300018310547,93.78199768066406,171.52099609375,0.9051300287246704,0.5994700193405151,1.0952999591827393,0.825469970703125,0.5466899871826172,0.6622300148010254
2024-05-13,1.077040672302246,1.2522854804992676,155.8179931640625,0.9064499735832214,1.3676999807357788,0.6601008772850037,0.6018512845039368,167.81700134277344,0.8600299954414368,0.9762600064277649,1.4730199575424194,1.6315900087356567,1.7895100116729736,195.11900329589844,1.1350799798965454,1.7126799821853638,1.8970199823379517,2.0806100368499756,113.91899871826172,102.84400177001953,93.76799774169922,171.88099670410156,0.9028599858283997,0.5982800126075745,1.096690058708191,0.8230199813842773,0.54544997215271,0.6626899838447571
2024-05-14,1.079354166984558,1.2561867237091064,156.23300170898438,0.9078999757766724,1.366569995880127,0.6612882018089294,0.6023406982421875,168.58999633789062,0.8592000007629395,0.9797999858856201,1.4749499559402466,1.6325600147247314,1.7908999919891357,196.24000549316406,1.1404399871826172,1.7165600061416626,1.8999600410461426,2.085330009460449,114.29000091552734,103.2750015258789,94.06999969482422,172.05799865722656,0.9033899903297424,0.6002539992332458,1.0975099802017212,0.8230100274085999,0.546779990196228,0.6643199920654297
2024-05-15,1.0814552307128906,1.2585265636444092,156.4980010986328,0.9067000150680542,1.365280032157898,0.6626027226448059,0.6043282151222229,169.24099731445312,0.859279990196228,0.9806200265884399,1.476449966430664,1.6325000524520874,1.7894799709320068,196.94700622558594,1.1411399841308594,1.7181700468063354,1.8997100591659546,2.08240008354187,114.61900329589844,103.66300201416016,94.56099700927734,172.57122802734375,0.9043499827384949,0.6006690263748169,1.0960999727249146,0.8249499797821045,0.5478900074958801,0.6640999913215637
2024-05-16,1.0889805555343628,1.2690032720565796,154.28199768066406,0.9005299806594849,1.3596999645233154,0.6701065301895142,0.6130606532096863,168.0019989013672,0.857990026473999,0.9806200265884399,1.480430006980896,1.6251599788665771,1.7762199640274048,195.76699829101562,1.1426299810409546,1.7253700494766235,1.8937300443649292,2.069809913635254,113.45999908447266,103.37100219726562,94.56999969482422,171.281005859375,0.9106349945068359,0.6033859848976135,1.0929499864578247,0.8334500193595886,0.5519800186157227,0.6622400283813477
2024-05-17,1.0867793560028076,1.2672007083892822,155.37899780273438,0.9059900045394897,1.3614599704742432,0.6683151721954346,0.6124201416969299,168.85400390625,0.8576099872589111,0.9846500158309937,1.4795900583267212,1.6264699697494507,1.7745800018310547,196.88400268554688,1.1480599641799927,1.7251399755477905,1.8961999416351318,2.068700075149536,114.0999984741211,103.80999755859375,95.13899993896484,171.4459991455078,0.9093809723854065,0.6053400039672852,1.090980052947998,0.8336300253868103,0.5544000267982483,0.6654300093650818
2024-05-20,1.0875475406646729,1.2706480026245117,155.75399780273438,0.9086999893188477,1.3607900142669678,0.6700705885887146,0.6136701107025146,169.34500122070312,0.8556699752807617,0.9882100224494934,1.4795299768447876,1.6225999593734741,1.770900011062622,197.89999389648438,1.1548199653625488,1.7290199995040894,1.8961900472640991,2.070349931716919,114.44999694824219,104.35900115966797,95.5719985961914,171.35269165039062,0.9117699861526489,0.6089800000190735,1.091858983039856,0.8349499702453613,0.5576900243759155,0.6678400039672852
2024-05-21,1.086082935333252,1.2710840702056885,156.3699951171875,0.9101200103759766,1.3621000051498413,0.6672093272209167,0.6108101606369019,169.82200622558594,0.8544399738311768,0.9883999824523926,1.4795000553131104,1.6276999711990356,1.7771999835968018,198.74600219726562,1.1567100286483765,1.7314499616622925,1.9047000408172607,2.0808401107788086,114.77400207519531,104.3239974975586,95.49800109863281,171.7989959716797,0.9088900089263916,0.6071900129318237,1.0922880172729492,0.8319900035858154,0.555400013923645,0.6679900288581848
2024-05-22,1.0855170488357544,1.2711325883865356,156.25100708007812,0.9111599922180176,1.3640300035476685,0.6667097806930542,0.6093807816505432,169.60699462890625,0.8539400100708008,0.9890999794006348,1.48062002658844,1.6281399726867676,1.7812999486923218,198.60499572753906,1.1581499576568604,1.733739972114563,1.9064699411392212,2.085829973220825,114.54299926757812,104.16600036621094,95.20099639892578,171.46214294433594,0.9093499779701233,0.6075080037117004,1.0940300226211548,0.8311010003089905,0.5551599860191345,0.667959988117218
2024-05-23,1.0825204849243164,1.2721028327941895,156.70399475097656,0.9150000214576721,1.368899941444397,0.6619185209274292,0.6100090146064758,169.6320037841797,0.8509600162506104,0.9907000064849854,1.4818799495697021,1.635390043258667,1.7745699882507324,199.33900451660156,1.1641499996185303,1.7413400411605835,1.9217000007629395,2.0852200984954834,114.46700286865234,103.72200012207031,95.56999969482422,171.21200561523438,0.9061819911003113,0.6057500243186951,1.0850600004196167,0.8345000147819519,0.5577999949455261,0.6684799790382385
2024-05-24,1.0812681913375854,1.2694060802459717,156.97300720214844,0.914330005645752,1.3732099533081055,0.6601487994194031,0.609730064868927,169.71400451660156,0.8517199754714966,0.9886500239372253,1.4847999811172485,1.637910008430481,1.7733500003814697,199.22300720214844,1.1604700088500977,1.743090033531189,1.9227800369262695,2.081670045852661,114.30000305175781,103.61699676513672,95.6989974975586,171.65499877929688,0.9064819812774658,0.6035699844360352,1.082669973373413,0.8371739983558655,0.557420015335083,0.6657999753952026
2024-05-27,1.0847634077072144,1.2736095190048218,156.8699951171875,0.9143999814987183,1.3666000366210938,0.6624007821083069,0.6121711730957031,170.16099548339844,0.8517000079154968,0.991890013217926,1.4826699495315552,1.6375700235366821,1.7719500064849854,199.781005859375,1.164199948310852,1.7404999732971191,1.9225000143051147,2.080359935760498,114.75900268554688,103.90299987792969,96.01599884033203,171.5380859375,0.9053400158882141,0.6051999926567078,1.082000970840454,0.8365979790687561,0.5596699714660645,0.668910026550293
2024-05-28,1.0861891508102417,1.2772371768951416,156.84500122070312,0.9132000207901001,1.3628900051116943,0.6655617952346802,0.6152294278144836,170.3470001220703,0.8502900004386902,0.9919000267982483,1.4802800416946411,1.6319400072097778,1.7654099464416504,200.3090057373047,1.1663000583648682,1.7405799627304077,1.9188799858093262,2.0758299827575684,115.0739974975586,104.38099670410156,96.48100280761719,171.7259979248047,0.9070199728012085,0.6077799797058105,1.0817500352859497,0.838379979133606,0.5617600083351135,0.6700199842453003
2024-05-29,1.0851871967315674,1.275835633277893,157.26199340820312,0.9122899770736694,1.3645999431610107,0.6647999286651611,0.6140695810317993,170.6540069580078,0.8505399823188782,0.9900400042533875,1.4809199571609497,1.6323299407958984,1.7671899795532227,200.63099670410156,1.1639399528503418,1.741070032119751,1.9190000295639038,2.0775599479675293,115.20999908447266,104.53900146484375,96.55400085449219,172.34800720214844,0.9072020053863525,0.6065149903297424,1.0825999975204468,0.8378999829292297,0.5601400136947632,0.6684600114822388
2024-05-30,1.0801819562911987,1.2697993516921997,157.60800170898438,0.9128000140190125,1.3717000484466553,0.6613699793815613,0.6113590598106384,170.21600341796875,0.8506500124931335,0.9862800240516663,1.481660008430481,1.6332000494003296,1.766800045967102,200.11900329589844,1.1593400239944458,1.7416000366210938,1.9198600053787231,2.0768699645996094,114.88999938964844,104.2249984741211,96.34200286865234,172.5749969482422,0.9071400165557861,0.6038600206375122,1.0817099809646606,0.8384900093078613,0.5581499934196472,0.6656100153923035
2024-05-31,1.0835410356521606,1.27304208278656,156.9530029296875,0.9033100008964539,1.3683300018310547,0.6630301475524902,0.6116507053375244,169.99600219726562,0.8508800268173218,0.9784799814224243,1.4820899963378906,1.6336300373077393,1.7709499597549438,199.78599548339844,1.1498099565505981,1.7417500019073486,1.9197700023651123,2.0810699462890625,114.69599914550781,104.05699920654297,95.98500061035156,173.7239990234375,0.9067000150680542,0.5989199876785278,1.0840100049972534,0.8368099927902222,0.5524399876594543,0.6601399779319763
2024-06-03,1.0853049755096436,1.2743724584579468,157.17999267578125,0.9013199806213379,1.3618899583816528,0.6656903028488159,0.6148586869239807,170.5800018310547,0.8515300154685974,0.9781799912452698,1.4780000448226929,1.630519986152649,1.7650599479675293,200.31100463867188,1.1486599445343018,1.735640048980713,1.9147100448608398,2.072690010070801,115.40399932861328,104.60900115966797,96.62799835205078,174.3690643310547,0.9060969948768616,0.5998700261116028,1.0824780464172363,0.8367999792098999,0.5540900230407715,0.6617500185966492
2024-06-04,1.0907385349273682,1.2810165882110596,156.0760040283203,0.8950200080871582,1.3628699779510498,0.669008195400238,0.6193599700927734,170.22799682617188,0.8514000177383423,0.9762300252914429,1.48649001121521,1.6303000450134277,1.7610299587249756,199.9199981689453,1.1464899778366089,1.74576997756958,1.914680004119873,2.067500114440918,114.5,104.40899658203125,96.65299987792969,174.35800170898438,0.9117349982261658,0.5987640023231506,1.079200029373169,0.8439800143241882,0.5542500019073486,0.6566600203514099
2024-06-05,1.0881866216659546,1.2773023843765259,155.12399291992188,0.8899499773979187,1.3676199913024902,0.6646201014518738,0.6174706816673279,168.79600524902344,0.8519499897956848,0.968500018119812,1.4881700277328491,1.6372499465942383,1.7622599601745605,198.1199951171875,1.1366000175476074,1.7466399669647217,1.9216599464416504,2.0685200691223145,113.41999816894531,103.08999633789062,95.76699829101562,174.2693328857422,0.9088799953460693,0.591517984867096,1.0763399600982666,0.8443400263786316,0.5494499802589417,0.65065997838974
2024-06-06,1.087453007698059,1.2794759273529053,155.9290008544922,0.8924999833106995,1.36899995803833,0.6657789945602417,0.6196286082267761,169.55599975585938,0.8498899936676025,0.9706400036811829,1.4885499477386475,1.633970022201538,1.7549899816513062,199.48500061035156,1.141950011253357,1.7512600421905518,1.9222300052642822,2.063800096511841,113.9020004272461,103.73999786376953,96.60399627685547,174.6775665283203,0.9107000231742859,0.5940300226211548,1.0740400552749634,0.8481410145759583,0.5529999732971191,0.6519700288772583
2024-06-07,1.0894432067871094,1.2793285846710205,155.69700622558594,0.8897200226783752,1.366819977760315,0.6669601202011108,0.6197015643119812,169.5749969482422,0.85139000415802,0.968999981880188,1.4886399507522583,1.6330699920654297,1.7575600147247314,199.1649932861328,1.1378999948501587,1.7483400106430054,1.9179099798202515,2.0642099380493164,113.90399932861328,103.83599853515625,96.47000122070312,174.98013305664062,0.9115599989891052,0.5933809876441956,1.0762100219726562,0.8468599915504456,0.5512499809265137,0.6508600115776062
2024-06-10,1.0778882503509521,1.2729448080062866,156.83299255371094,0.8960999846458435,1.3759000301361084,0.6582714915275574,0.6106199026107788,169.0399932861328,0.8467299938201904,0.9659600257873535,1.4829800128936768,1.637369990348816,1.7651499509811401,199.61000061035156,1.1404000520706177,1.7513600587844849,1.9336600303649902,2.084549903869629,113.97799682617188,103.22899627685547,95.75,174.9600067138672,0.9056400060653687,0.5898900032043457,1.0779809951782227,0.8400200009346008,0.5471400022506714,0.6512899994850159
2024-06-11,1.0764262676239014,1.2726370096206665,157.0399932861328,0.8965799808502197,1.3761199712753296,0.6608948111534119,0.6128314733505249,169.02000427246094,0.845740020275116,0.9650200009346008,1.4811400175094604,1.6289600133895874,1.7554999589920044,199.843994140625,1.1409599781036377,1.7512099742889404,1.9258500337600708,2.076509952545166,114.08000183105469,103.75106048583984,96.2229995727539,175.1199951171875,0.908972978591919,0.5918999910354614,1.078220009803772,0.8431900143623352,0.5493500232696533,0.6514700055122375
2024-06-12,1.0740330219268799,1.274047613143921,157.10499572753906,0.8977800011634827,1.3754899501800537,0.6607699394226074,0.614601731300354,168.7209930419922,0.8428999781608582,0.9642199873924255,1.477220058441162,1.625349998474121,1.747499942779541,200.14300537109375,1.143720030784607,1.7522799968719482,1.9279899597167969,2.0725998878479004,114.21499633789062,103.80500030517578,96.54299926757812,174.97000122070312,0.9088199734687805,0.5932260155677795,1.0751299858093262,0.8452489972114563,0.5516600012779236,0.6526399850845337
2024-06-13,1.0813149213790894,1.27962327003479,156.8000030517578,0.8942599892616272,1.372189998626709,0.6662899851799011,0.6186816692352295,169.52000427246094,0.8450000286102295,0.966949999332428,1.4831000566482544,1.6228100061416626,1.747730016708374,200.63099670410156,1.1440000534057617,1.755660057067871,1.9203499555587769,2.068190097808838,114.27300262451172,104.46800231933594,96.99299621582031,175.3213348388672,0.9142100214958191,0.5958099961280823,1.076930046081543,0.8482999801635742,0.5531600117683411,0.6516600251197815
2024-06-14,1.0738831758499146,1.2755101919174194,157.1280059814453,0.8939300179481506,1.3740999698638916,0.6633102893829346,0.6161011457443237,168.7259979248047,0.8418200016021729,0.9599300026893616,1.4757299423217773,1.6188900470733643,1.7429499626159668,200.4199981689453,1.140239953994751,1.752940058708191,1.9229799509048462,2.070319890975952,114.33100128173828,104.21499633789062,96.79100036621094,175.75543212890625,0.9114999771118164,0.5924999713897705,1.0765759944915771,0.8465780019760132,0.5506500005722046,0.650409996509552
2024-06-17,1.0702168941497803,1.2683112621307373,157.54600524902344,0.8907300233840942,1.3732999563217163,0.6612882018089294,0.6137416958808899,168.60400390625,0.8438000082969666,0.953249990940094,1.4698699712753296,1.6183300018310547,1.7430000305175781,199.80299377441406,1.1296299695968628,1.7418700456619263,1.9177600145339966,2.0663399696350098,114.68000030517578,104.12999725341797,96.6780014038086,176.85400390625,0.9082000255584717,0.5885999798774719,1.0774199962615967,0.8428549766540527,0.5461000204086304,0.6484599709510803
2024-06-18,1.0740677118301392,1.2715997695922852,157.6999969482422,0.8883000016212463,1.3713300228118896,0.6622077822685242,0.613800048828125,169.36900329589844,0.8447999954223633,0.9541100263595581,1.47284996509552,1.6225899457931519,1.750309944152832,200.48899841308594,1.1294200420379639,1.74344003200531,1.9207500219345093,2.0718600749969482,114.99299621582031,104.3740005493164,96.75599670410156,177.4980010986328,0.9075980186462402,0.5879999995231628,1.078544020652771,0.8409299850463867,0.5446000099182129,0.6477400064468384
2024-06-19,1.0742292404174805,1.2707449197769165,157.87100219726562,0.8841800093650818,1.3716200590133667,0.6661200523376465,0.614058256149292,169.49400329589844,0.8450000286102295,0.9495999813079834,1.4730099439620972,1.6122000217437744,1.7487200498580933,200.56199645996094,1.1236000061035156,1.7429800033569336,1.907670021057129,2.0692999362945557,115.05999755859375,105.12699890136719,96.927001953125,178.4770050048828,0.913707971572876,0.588949978351593,1.0846240520477295,0.8421450257301331,0.5428299903869629,0.6445800065994263
2024-06-20,1.0751532316207886,1.2721998691558838,157.95799255371094,0.8842999935150146,1.3705799579620361,0.6675300002098083,0.6139414310455322,169.76300048828125,0.8449000120162964,0.9505100250244141,1.472499966621399,1.6100599765777588,1.7506200075149536,200.927001953125,1.1249799728393555,1.7433099746704102,1.9056099653244019,2.071500062942505,115.24400329589844,105.43299865722656,96.96099853515625,178.58799743652344,0.9148439764976501,0.5903099775314331,1.0872390270233154,0.841323971748352,0.5428599715232849,0.6452199816703796
2024-06-21,1.0706409215927124,1.2660471200942993,158.93099975585938,0.8914899826049805,1.3684699535369873,0.6660698652267456,0.6122798919677734,170.1510009765625,0.8456100225448608,0.9543700218200684,1.4650499820709229,1.6072399616241455,1.7487200498580933,201.20599365234375,1.128559947013855,1.7323600053787231,1.9006400108337402,2.067620038986206,116.14099884033203,105.85700225830078,97.2959976196289,178.26100158691406,0.9114199876785278,0.59375,1.0878900289535522,0.8377299904823303,0.545740008354187,0.6514000296592712
2024-06-24,1.0687757730484009,1.2639029026031494,159.86099243164062,0.89410001039505,1.370129942893982,0.6635000109672546,0.6111199259757996,170.85000610351562,0.8456699848175049,0.9559000134468079,1.4643100500106812,1.6108800172805786,1.748829960823059,202.0189971923828,1.1301000118255615,1.7314599752426147,1.9047600030899048,2.067850112915039,116.66699981689453,106.05000305175781,97.67900085449219,178.68333435058594,0.9089609980583191,0.5930100083351135,1.0855599641799927,0.8372049927711487,0.5464699864387512,0.6527000069618225
2024-06-25,1.0732723474502563,1.268343448638916,159.68600463867188,0.8931900262832642,1.3657900094985962,0.6654599905014038,0.6120513081550598,171.375,0.8461899757385254,0.9585999846458435,1.4657700061798096,1.6127699613571167,1.7532700300216675,202.51300048828125,1.1327400207519531,1.7320499420166016,1.9057999849319458,2.072010040283203,116.91699981689453,106.25700378417969,97.72200012207031,178.75599670410156,0.908814013004303,0.5943920016288757,1.0872700214385986,0.8358039855957031,0.5465800166130066,0.6539300084114075
2024-06-26,1.0709619522094727,1.268399715423584,159.68600463867188,0.8952000141143799,1.3661099672317505,0.6644800901412964,0.6119089722633362,171.00999450683594,0.844290018081665,0.9587799906730652,1.462980031967163,1.6116700172424316,1.7504500150680542,202.5399932861328,1.1355400085449219,1.7327200174331665,1.9088200330734253,2.0728800296783447,116.88700103759766,106.10399627685547,97.64800262451172,178.3470001220703,0.9075700044631958,0.5949490070343018,1.0859800577163696,0.8357999920845032,0.5475299954414368,0.6552900075912476
2024-06-27,1.068010926246643,1.262179970741272,160.62100219726562,0.8967000246047974,1.3704500198364258,0.6644783020019531,0.6080284118652344,171.53500366210938,0.8461300134658813,0.9579799771308899,1.4634499549865723,1.607200026512146,1.7566100358963013,202.71600341796875,1.132099986076355,1.7294299602508545,1.8992999792099,2.075730085372925,117.1719970703125,106.71900177001953,97.63300323486328,179.04400634765625,0.9105929732322693,0.5959179997444153,1.092900037765503,0.8331500291824341,0.5450999736785889,0.6541000008583069
2024-06-28,1.0708472728729248,1.2645741701126099,160.68699645996094,0.8985199928283691,1.3699300289154053,0.6650599241256714,0.6084686517715454,172.06500244140625,0.846780002117157,0.9621999859809875,1.4669300317764282,1.6101100444793701,1.7598999738693237,203.18899536132812,1.1361600160598755,1.7321900129318237,1.9012500047683716,2.077500104904175,117.29399871826172,106.86299896240234,97.76000213623047,178.7755889892578,0.9110199809074402,0.5975599884986877,1.093000054359436,0.8334000110626221,0.5466200113296509,0.6558499932289124
2024-07-01,1.0735257863998413,1.2648621797561646,160.90699768066406,0.9002000093460083,1.3672699928283691,0.6674007773399353,0.6099197268486023,172.72999572753906,0.8487100005149841,0.9664499759674072,1.4677499532699585,1.6084699630737305,1.7600699663162231,203.47999572753906,1.138659954071045,1.7293100357055664,1.8950999975204468,2.0736899375915527,117.67900085449219,107.37000274658203,98.1259994506836,178.72476196289062,0.9124500155448914,0.6008729934692383,1.0942000150680542,0.8337900042533875,0.54899001121521,0.6583899855613708
2024-07-02,1.0737102031707764,1.2645741701126099,161.51199340820312,0.9031599760055542,1.3737800121307373,0.6654599905014038,0.6064796447753906,173.3990020751953,0.8490200042724609,0.9697399735450745,1.4749499559402466,1.6133999824523926,1.7701599597930908,204.22900390625,1.1420199871063232,1.7369999885559082,1.9001799821853638,2.0849499702453613,117.56600189208984,107.47100067138672,97.94100189208984,178.7963409423828,0.9141299724578857,0.6010259985923767,1.0972100496292114,0.8330540060997009,0.5476800203323364,0.6568999886512756
2024-07-03,1.0748412609100342,1.2690355777740479,161.50399780273438,0.903689980506897,1.3676799535751343,0.6668298244476318,0.6082206964492798,173.5850067138672,0.8468999862670898,0.971310019493103,1.4699900150299072,1.6118099689483643,1.7672499418258667,204.89999389648438,1.146630048751831,1.7353399991989136,1.902400016784668,2.0861001014709473,118.0780029296875,107.69499969482422,98.21700286865234,178.69700622558594,0.9119700193405151,0.602590024471283,1.0963530540466309,0.8317390084266663,0.5495499968528748,0.6606900095939636
2024-07-04,1.0793308019638062,1.2747784852981567,161.62100219726562,0.9007599949836731,1.3633300065994263,0.6710900068283081,0.6107205748558044,174.3939971923828,0.8464999794960022,0.972100019454956,1.4711500406265259,1.6074999570846558,1.7661999464035034,206.00900268554688,1.1481900215148926,1.7378400564193726,1.899399995803833,2.087100028991699,118.54000091552734,108.44999694824219,98.68599700927734,179.3800048828125,0.914870023727417,0.6045179963111877,1.0988099575042725,0.8324900269508362,0.550059974193573,0.6607000231742859
2024-07-05,1.0810693502426147,1.2755752801895142,161.35800170898438,0.9002500176429749,1.3615200519561768,0.6725085377693176,0.611340343952179,174.4290008544922,0.8475000262260437,0.9731699824333191,1.471809983253479,1.6074600219726562,1.7683199644088745,205.80799865722656,1.148210048675537,1.7365200519561768,1.8966000080108643,2.0857999324798584,118.51200103759766,108.50800323486328,98.6259994506836,179.22300720214844,0.9155709743499756,0.6053599715232849,1.1000399589538574,0.8322100043296814,0.5502399802207947,0.6611400246620178
2024-07-08,1.082602620124817,1.2806508541107178,160.63800048828125,0.8952299952507019,1.363800048828125,0.6746591329574585,0.6141110062599182,173.9029998779297,0.8453099727630615,0.9691699743270874,1.476639986038208,1.6046199798583984,1.7627899646759033,205.70899963378906,1.1461999416351318,1.746749997138977,1.8980000019073486,2.085239887237549,117.75900268554688,108.36599731445312,98.63400268554688,179.41534423828125,0.9201800227165222,0.6039400100708008,1.0985469818115234,0.8375290036201477,0.5493999719619751,0.6562600135803223
2024-07-09,1.0830950736999512,1.2815583944320679,160.85699462890625,0.8978099822998047,1.3629499673843384,0.6743202209472656,0.6131207942962646,174.21299743652344,0.8450899720191956,0.9723399877548218,1.4761699438095093,1.606220006942749,1.766469955444336,206.14199829101562,1.1505500078201294,1.7466200590133667,1.9005299806594849,2.0901100635528564,118.0,108.46099853515625,98.61299896240234,179.15199279785156,0.918969988822937,0.605368971824646,1.0997899770736694,0.8349999785423279,0.5503399968147278,0.6586300134658813
2024-07-10,1.0814785957336426,1.2787723541259766,161.33099365234375,0.8974000215530396,1.3630000352859497,0.6741496920585632,0.6127113103866577,174.44000244140625,0.8456299901008606,0.9706199765205383,1.4742100238800049,1.6042200326919556,1.7650699615478516,206.31199645996094,1.1477500200271606,1.743340015411377,1.8969999551773071,2.0871200561523438,118.33999633789062,108.75299835205078,98.83599853515625,179.7301025390625,0.9189540147781372,0.6050199866294861,1.100219964981079,0.8348000049591064,0.549560010433197,0.6578999757766724
2024-07-11,1.083329677581787,1.285264492034912,161.60699462890625,0.8992000222206116,1.3617199659347534,0.6751797795295715,0.6087983250617981,175.0709991455078,0.8428000211715698,0.9741700291633606,1.475100040435791,1.6044299602508545,1.77947998046875,207.7030029296875,1.155769944190979,1.7499799728393555,1.9035500288009644,2.111030101776123,118.68499755859375,109.1050033569336,98.37100219726562,179.71499633789062,0.9190000295639038,0.6071619987487793,1.1090500354766846,0.8284000158309937,0.5473600029945374,0.6603299975395203
2024-07-12,1.0872756242752075,1.292373776435852,158.2010040283203,0.8960300087928772,1.3624399900436401,0.6768500804901123,0.6094588041305542,172.0070037841797,0.8413400053977966,0.9742299914360046,1.4812500476837158,1.6063400506973267,1.783869981765747,204.4340057373047,1.1578199863433838,1.7604600191116333,1.909119963645935,2.1201798915863037,116.09500122070312,107.03900146484375,96.36100006103516,176.53195190429688,0.9218670129776001,0.6064879894256592,1.1105400323867798,0.83023601770401,0.5460100173950195,0.6576200127601624
2024-07-15,1.0885539054870605,1.2966804504394531,158.31300354003906,0.8968899846076965,1.3645999431610107,0.6771998405456543,0.6095516681671143,172.32699584960938,0.8394500017166138,0.9761999845504761,1.485550045967102,1.6077100038528442,1.785770058631897,205.2689971923828,1.1629199981689453,1.769569993019104,1.915060043334961,2.12716007232666,115.99299621582031,107.1780014038086,96.48300170898438,176.4949951171875,0.9239500164985657,0.6068999767303467,1.110651969909668,0.8318549990653992,0.5465999841690063,0.6571199893951416
2024-07-16,1.0901559591293335,1.2970000505447388,158.14100646972656,0.8954700231552124,1.3675999641418457,0.6763300895690918,0.6076810956001282,172.33599853515625,0.8402799963951111,0.9758999943733215,1.4900000095367432,1.611340045928955,1.793470025062561,205.08200073242188,1.1613199710845947,1.7737200260162354,1.9175299406051636,2.134160041809082,115.61000061035156,106.95099639892578,96.08000183105469,176.5749969482422,0.9249699711799622,0.6056100130081177,1.112969994544983,0.8309800028800964,0.5440499782562256,0.6546599864959717
2024-07-17,1.0902509689331055,1.29776930809021,158.35000610351562,0.8932200074195862,1.3669500350952148,0.6731998324394226,0.6069099307060242,172.6179962158203,0.839959979057312,0.9738699793815613,1.4902199506759644,1.619420051574707,1.7963299751281738,205.48199462890625,1.1591999530792236,1.7738499641418457,1.927590012550354,2.137500047683716,115.83799743652344,106.59200286865234,96.0892105102539,177.22500610351562,0.9197999835014343,0.6013500094413757,1.1091899871826172,0.8295109868049622,0.5420899987220764,0.6534799933433533
2024-07-18,1.094020128250122,1.3007453680038452,155.68600463867188,0.8823500275611877,1.3678699731826782,0.6730697751045227,0.608061671257019,170.29600524902344,0.8410300016403198,0.9650700092315674,1.4964599609375,1.6253299713134766,1.7991100549697876,202.48599243164062,1.1476199626922607,1.779229998588562,1.9324300289154053,2.1390299797058105,113.80799865722656,104.77400207519531,94.6449966430664,176.4146270751953,0.9206500053405762,0.5935230255126953,1.1066310405731201,0.8317070007324219,0.5360000133514404,0.6449499726295471
2024-07-19,1.0901559591293335,1.2951691150665283,157.14999389648438,0.8873000144958496,1.3702000379562378,0.6705500483512878,0.6043793559074402,171.31700134277344,0.8416399955749512,0.9673200249671936,1.493589997291565,1.6257100105285645,1.8035900592803955,203.51499938964844,1.1490600109100342,1.7742999792099,1.9312599897384644,2.14274001121521,114.67900085449219,105.37100219726562,94.96399688720703,177.07200622558594,0.9187700152397156,0.595009982585907,1.1094499826431274,0.8280199766159058,0.5360000133514404,0.6475600004196167
2024-07-22,1.0899182558059692,1.2933096885681152,157.4219970703125,0.8880100250244141,1.3707000017166138,0.6696308851242065,0.6024205088615417,171.3000030517578,0.842710018157959,0.9678300023078918,1.4939700365066528,1.6275800466537476,1.8091800212860107,203.5850067138672,1.1484099626541138,1.7727400064468384,1.9312700033187866,2.1467199325561523,114.83399963378906,105.40599822998047,94.63999938964844,177.07000732421875,0.9179199934005737,0.5945799946784973,1.1115000247955322,0.8257390260696411,0.534850001335144,0.6477599740028381
2024-07-23,1.0889805555343628,1.2932428121566772,156.89100646972656,0.8895000219345093,1.3761199712753296,0.6640105843544006,0.5978501439094543,170.84300231933594,0.8420400023460388,0.9686999917030334,1.498460054397583,1.6399500370025635,1.8206000328063965,202.88699340820312,1.15038001537323,1.7794699668884277,1.9474600553512573,2.1629600524902344,114.00900268554688,104.16899871826172,93.78199768066406,176.3509979248047,0.9136930108070374,0.5907160043716431,1.1106499433517456,0.8220999836921692,0.5317299962043762,0.6463900208473206
2024-07-24,1.0850694179534912,1.2901561260223389,155.76800537109375,0.8915200233459473,1.3785799741744995,0.6612094640731812,0.595291256904602,168.98800659179688,0.840910017490387,0.9672499895095825,1.4956400394439697,1.6407999992370605,1.82260000705719,200.9499969482422,1.1500799655914307,1.7784600257873535,1.9510799646377563,2.1670899391174316,112.98400115966797,102.98799896240234,92.69000244140625,174.697998046875,0.9114890098571777,0.5894200205802917,1.1106599569320679,0.8205299973487854,0.5306000113487244,0.6466100215911865
2024-07-25,1.0839520692825317,1.289989709854126,153.89100646972656,0.8850200176239014,1.3810299634933472,0.6574798822402954,0.5927295684814453,166.79400634765625,0.8402199745178223,0.9592499732971191,1.4967900514602661,1.648550033569336,1.8284800052642822,198.5,1.1415799856185913,1.7814300060272217,1.961899995803833,2.176229953765869,111.43299865722656,101.1719970703125,91.1969985961914,173.85899353027344,0.9079880118370056,0.5818949937820435,1.1091400384902954,0.818464994430542,0.5244600176811218,0.6407600045204163
2024-07-26,1.0851283073425293,1.2856775522232056,153.69700622558594,0.8806399703025818,1.3819299936294556,0.6542999744415283,0.5889801979064941,166.76100158691406,0.8439099788665771,0.9556599855422974,1.499500036239624,1.6590700149536133,1.8423800468444824,197.57400512695312,1.1321099996566772,1.7760000228881836,1.965499997138977,2.1826701164245605,111.20899963378906,100.51899719238281,90.5009994506836,174.47999572753906,0.9038100242614746,0.5759900212287903,1.1104400157928467,0.8138099908828735,0.5186200141906738,0.6372299790382385
2024-07-29,1.0853756666183472,1.2868356704711914,154.13900756835938,0.8842999935150146,1.3827999830245972,0.6554999947547913,0.5889000296592712,167.28900146484375,0.8434000015258789,0.9598699808120728,1.5008900165557861,1.6560499668121338,1.8421000242233276,198.33900451660156,1.1380200386047363,1.7794899940490723,1.9631999731063843,2.184999942779541,111.45099639892578,101.00900268554688,90.75800323486328,174.26699829101562,0.9057999849319458,0.5794360041618347,1.1119999885559082,0.8140000104904175,0.5207300186157227,0.639460027217865
2024-07-30,1.081946611404419,1.286041259765625,153.83299255371094,0.8860999941825867,1.3855799436569214,0.6551405787467957,0.5877305269241333,166.41000366210938,0.8412799835205078,0.9586799740791321,1.4990099668502808,1.6514099836349487,1.8408499956130981,197.81199645996094,1.1394799947738647,1.7816799879074097,1.9628299474716187,2.1879899501800537,111.01799774169922,100.7699966430664,90.38999938964844,173.58700561523438,0.9077060222625732,0.5805060267448425,1.1146800518035889,0.8143529891967773,0.5206800103187561,0.639460027217865
2024-07-31,1.0816072225570679,1.2836971282958984,152.6699981689453,0.8820300102233887,1.3849600553512573,0.6541501879692078,0.5902003049850464,165.11199951171875,0.8424000144004822,0.9539899826049805,1.4979699850082397,1.6534299850463867,1.83256995677948,195.97000122070312,1.1322499513626099,1.777899980545044,1.9623500108718872,2.1749000549316406,110.22699737548828,99.85700225830078,90.08699798583984,172.9770050048828,0.9059200286865234,0.5769659876823425,1.1082979440689087,0.8172910213470459,0.5199999809265137,0.6367899775505066
2024-08-01,1.082391619682312,1.2853139638900757,149.74400329589844,0.8781399726867676,1.3808300495147705,0.6547001004219055,0.595181405544281,162.072998046875,0.8420000076293945,0.9504799842834473,1.4942899942398071,1.6533399820327759,1.8185700178146362,192.46099853515625,1.1285799741744995,1.7747199535369873,1.9631600379943848,2.159409999847412,108.43800354003906,98.02799987792969,89.11000061035156,170.5030059814453,0.9039400219917297,0.5748599767684937,1.0999200344085693,0.8217099905014038,0.5225499868392944,0.635890007019043
2024-08-02,1.0787602663040161,1.27289617061615,149.2010040283203,0.8729000091552734,1.3880599737167358,0.6494898200035095,0.5936197638511658,160.9459991455078,0.8474400043487549,0.941569983959198,1.4972699880599976,1.6609300374984741,1.8171700239181519,189.91000366210938,1.111009955406189,1.7667299509048462,1.9597400426864624,2.144160032272339,107.48699951171875,96.9010009765625,88.55500030517578,170.91600036621094,0.9014700055122375,0.5669280290603638,1.0941200256347656,0.8238300085067749,0.518060028553009,0.6287999749183655
2024-08-05,1.0910836458206177,1.278788685798645,145.58399963378906,0.8561000227928162,1.3883099555969238,0.6497219204902649,0.594700038433075,159.85000610351562,0.8531500101089478,0.9340400099754333,1.5146600008010864,1.6792000532150269,1.8308000564575195,186.16400146484375,1.0947200059890747,1.7752399444580078,1.9656000137329102,2.1501500606536865,104.85800170898438,94.58200073242188,87.29000091552734,170.03599548339844,0.9019500017166138,0.556190013885498,1.0924710035324097,0.8254910111427307,0.5090299844741821,0.6165900230407715
2024-08-06,1.0950982570648193,1.2788705825805664,145.7899932861328,0.8548300266265869,1.3805299997329712,0.6515498757362366,0.5950503945350647,157.88999938964844,0.8562800288200378,0.9360799789428711,1.5117199420928955,1.6807199716567993,1.8402899503707886,186.43600463867188,1.0931099653244019,1.7653199434280396,1.9626400470733643,2.149009943008423,105.59100341796875,94.98500061035156,86.72000122070312,170.45799255371094,0.8993899822235107,0.5569319725036621,1.094939947128296,0.8213199973106384,0.5085499882698059,0.6191400289535522
2024-08-07,1.0926215648651123,1.2684721946716309,144.73199462890625,0.8525500297546387,1.3786499500274658,0.6515001654624939,0.5974107980728149,158.13299560546875,0.8610000014305115,0.9315000176429749,1.5062400102615356,1.6770800352096558,1.8288899660110474,183.58200073242188,1.0814000368118286,1.7485699653625488,1.9470000267028809,2.12280011177063,104.96700286865234,94.26499938964844,86.43099975585938,169.70542907714844,0.8981099724769592,0.5554599761962891,1.0904200077056885,0.8235300183296204,0.5093100070953369,0.6184099912643433
2024-08-08,1.0928125381469727,1.2680377960205078,146.12399291992188,0.8592699766159058,1.3754700422286987,0.6515973806381226,0.5986088514328003,159.6959991455078,0.8618800044059753,0.9389299750328064,1.5029499530792236,1.6773099899291992,1.8254499435424805,185.2729949951172,1.0893499851226807,1.743649959564209,1.945930004119873,2.1179699897766113,106.24600219726562,95.20099639892578,87.46600341796875,170.05462646484375,0.8960599899291992,0.5598030090332031,1.0883300304412842,0.8231199979782104,0.5142300128936768,0.6247000098228455
2024-08-09,1.0915720462799072,1.2747459411621094,147.66900634765625,0.8668500185012817,1.3735400438308716,0.659200131893158,0.6007015705108643,161.1909942626953,0.8561999797821045,0.9462599754333496,1.4992400407791138,1.6558400392532349,1.8164000511169434,188.21299743652344,1.1049400568008423,1.7507100105285645,1.9336700439453125,2.1219699382781982,107.50700378417969,97.3219985961914,88.65899658203125,170.30599975585938,0.9053850173950195,0.5714430212974548,1.097350001335144,0.8249499797821045,0.5206500291824341,0.631089985370636
2024-08-12,1.091381311416626,1.2750385999679565,147.04200744628906,0.8650400042533875,1.3735899925231934,0.6569784283638,0.5994916558265686,160.4720001220703,0.8559200167655945,0.9440199732780457,1.4986000061035156,1.6606999635696411,1.820430040359497,187.4669952392578,1.1025999784469604,1.7508000135421753,1.941100001335144,2.126620054244995,107.03900146484375,96.59300231933594,88.13700103759766,169.35000610351562,0.9018999934196472,0.5682299733161926,1.0954999923706055,0.8233299851417542,0.5184699892997742,0.6296499967575073
2024-08-13,1.0936251878738403,1.2771228551864624,146.98199462890625,0.8647300004959106,1.3742300271987915,0.6585316061973572,0.6023406982421875,160.71499633789062,0.8562899827957153,0.9457100033760071,1.5027199983596802,1.6606199741363525,1.8153200149536133,187.68699645996094,1.1041799783706665,1.7546900510787964,1.9390699863433838,2.1200199127197266,106.94999694824219,96.77799987792969,88.51100158691406,169.88999938964844,0.9048799872398376,0.5694599747657776,1.0932199954986572,0.8273000121116638,0.5205000042915344,0.6292700171470642
2024-08-14,1.0996986627578735,1.2866700887680054,146.9709930419922,0.8650500178337097,1.3709100484848022,0.6638598442077637,0.6079211831092834,161.61300659179688,0.8546199798583984,0.9514099955558777,1.5074199438095093,1.6564500331878662,1.8087300062179565,189.08999633789062,1.1131600141525269,1.7638100385665894,1.9380199909210205,2.1163299083709717,107.1917724609375,97.5469970703125,89.31999969482422,169.81700134277344,0.9100459814071655,0.5743240118026733,1.0918699502944946,0.8332800269126892,0.5256999731063843,0.6310300230979919
2024-08-15,1.1013215780258179,1.2828736305236816,147.2530059814453,0.8648059964179993,1.3715699911117554,0.6600006818771362,0.6000707745552063,162.14199829101562,0.8585000038146973,0.9524800181388855,1.5097999572753906,1.6684600114822388,1.8351099491119385,188.86500549316406,1.1092000007629395,1.7587000131607056,1.9432899951934814,2.137360095977783,107.35399627685547,97.18000030517578,88.3489990234375,170.2270050048828,0.9051929712295532,0.5708299875259399,1.0998200178146362,0.8228999972343445,0.5189399719238281,0.6305699944496155
2024-08-16,1.0972732305526733,1.2859420776367188,149.2220001220703,0.8724899888038635,1.37336003780365,0.6612488627433777,0.5980896949768066,163.7259979248047,0.8531200289726257,0.9574099779129028,1.506890058517456,1.659409999847412,1.834630012512207,191.8800048828125,1.1219300031661987,1.765910029411316,1.9446200132369995,2.1498799324035645,108.64600372314453,98.66100311279297,89.22899627685547,171.0019989013672,0.9080380201339722,0.5769100189208984,1.1055699586868286,0.8212500214576721,0.5217599868774414,0.6352800130844116
2024-08-19,1.1024993658065796,1.294716238975525,147.95599365234375,0.867579996585846,1.3678300380706787,0.6672983765602112,0.6057485342025757,163.11700439453125,0.8514900207519531,0.9564800262451172,1.5079699754714966,1.6521199941635132,1.8193000555038452,191.54600524902344,1.123170018196106,1.7708100080490112,1.9400500059127808,2.1371700763702393,108.16100311279297,98.7239990234375,89.61100006103516,170.52560424804688,0.9126799702644348,0.5788900256156921,1.1015599966049194,0.8284400105476379,0.525439977645874,0.6342099905014038
2024-08-20,1.1086474657058716,1.2990386486053467,146.69900512695312,0.8623700141906738,1.3630000352859497,0.6735321879386902,0.6117704510688782,162.6199951171875,0.8530200123786926,0.956250011920929,1.5111600160598755,1.6455999612808228,1.8120900392532349,190.5590057373047,1.1204299926757812,1.770400047302246,1.9285999536514282,2.1233999729156494,107.61000061035156,98.79499816894531,89.72899627685547,170.05799865722656,0.9180690050125122,0.5808899998664856,1.1008820533752441,0.8338329792022705,0.5275700092315674,0.6326900124549866
2024-08-21,1.112792730331421,1.3035430908203125,145.3470001220703,0.8535599708557129,1.3617299795150757,0.6747274398803711,0.6157407760620117,161.73300170898438,0.8536800146102905,0.9498900175094604,1.515220046043396,1.6492999792099,1.8073300123214722,189.44500732421875,1.1126099824905396,1.7748099565505981,1.9316999912261963,2.1168599128723145,106.7300033569336,98.05699920654297,89.48200225830078,170.25100708007812,0.9186069965362549,0.5759080052375793,1.0956799983978271,0.8382999897003174,0.5255299806594849,0.6268100142478943
2024-08-22,1.115536093711853,1.309346079826355,145.1179962158203,0.8511000275611877,1.3583300113677979,0.6749701499938965,0.6162492632865906,161.8800048828125,0.8519700169563293,0.9494199752807617,1.5152299404144287,1.652609944343567,1.81017005443573,189.99400329589844,1.114259958267212,1.7783499956130981,1.9395999908447266,2.1244499683380127,106.8270034790039,97.94599914550781,89.41699981689453,170.49200439453125,0.9167900085449219,0.574455976486206,1.0952399969100952,0.8369600176811218,0.524399995803833,0.6265000104904175
2024-08-23,1.111716389656067,1.3097747564315796,146.20199584960938,0.8517000079154968,1.3603399991989136,0.6708199381828308,0.6143600344657898,162.5240020751953,0.8486800193786621,0.9468500018119812,1.512220025062561,1.6572200059890747,1.8094300031661987,191.42999267578125,1.1154799461364746,1.7814300060272217,1.952299952507019,2.1316699981689453,107.46399688720703,98.06600189208984,89.80400085449219,171.63099670410156,0.9124749898910522,0.5713379979133606,1.091860055923462,0.835627019405365,0.5231800079345703,0.6260499954223633
2024-08-26,1.1187934875488281,1.3212658166885376,144.0,0.847320020198822,1.3508000373840332,0.6787806153297424,0.6224092245101929,161.09800720214844,0.8467199802398682,0.9479399919509888,1.5113199949264526,1.6481499671936035,1.7965999841690063,190.2469940185547,1.119439959526062,1.7848000526428223,1.9462000131607056,2.122620105743408,106.58599853515625,97.73400115966797,89.61199951171875,169.9290008544922,0.9169859886169434,0.5751339793205261,1.0904959440231323,0.8407099843025208,0.5270000100135803,0.6271499991416931
2024-08-27,1.1164700984954834,1.3191741704940796,144.51600646972656,0.847100019454956,1.3482099771499634,0.6772910952568054,0.6205514073371887,161.32000732421875,0.8462499976158142,0.9457399845123291,1.505079984664917,1.6484700441360474,1.7991299629211426,190.62600708007812,1.1173900365829468,1.778309941291809,1.9476200342178345,2.12568998336792,107.19000244140625,97.86799621582031,89.66300201416016,170.57400512695312,0.9129700064659119,0.5735139846801758,1.091380000114441,0.8364599943161011,0.5255600214004517,0.6282600164413452
2024-08-28,1.117793083190918,1.3257501125335693,143.97500610351562,0.8417199850082397,1.3447699546813965,0.6787898540496826,0.6244106888771057,160.9290008544922,0.8431299924850464,0.9407399892807007,1.503000020980835,1.646690011024475,1.78997004032135,190.8520050048828,1.1156699657440186,1.782539963722229,1.9529099464416504,2.1229500770568848,107.05699920654297,97.7229995727539,89.88400268554688,171.05291748046875,0.9127200245857239,0.5712900161743164,1.087030053138733,0.8395199775695801,0.5254499912261963,0.6258999705314636
2024-08-29,1.1124955415725708,1.3193656206130981,144.43299865722656,0.8418200016021729,1.3476999998092651,0.6783100962638855,0.6247500777244568,160.66099548339844,0.8431599736213684,0.936489999294281,1.4990700483322144,1.6400099992752075,1.7806899547576904,190.5449981689453,1.1105600595474243,1.777750015258789,1.9449199438095093,2.111639976501465,107.1780014038086,97.96299743652344,90.22000122070312,171.56982421875,0.914089024066925,0.5705999732017517,1.0857499837875366,0.8418200016021729,0.5258200168609619,0.6245800256729126
2024-08-30,1.1080454587936401,1.3166210651397705,144.88999938964844,0.8469399809837341,1.3489099740982056,0.67958003282547,0.6263309121131897,160.53700256347656,0.8415200114250183,0.9384099841117859,1.4946099519729614,1.6304399967193604,1.7690600156784058,190.7429962158203,1.1146999597549438,1.7757200002670288,1.937119960784912,2.1018800735473633,107.40599822998047,98.45500183105469,90.73600006103516,171.056640625,0.9165599942207336,0.5755469799041748,1.083899974822998,0.8446800112724304,0.5303599834442139,0.627810001373291
2024-09-02,1.1044842004776,1.3128528594970703,146.38099670410156,0.8504999876022339,1.3488999605178833,0.6768001914024353,0.625,161.6719970703125,0.841189980506897,0.939520001411438,1.49003005027771,1.6319299936294556,1.7679599523544312,192.18299865722656,1.115399956703186,1.771239995956421,1.9398000240325928,2.100800037384033,108.48999786376953,99.05999755859375,91.40779113769531,172.07228088378906,0.9129499793052673,0.5754129886627197,1.0827709436416626,0.8424339890480042,0.5313199758529663,0.6304500102996826
2024-09-03,1.1067456007003784,1.314198613166809,146.7220001220703,0.8513699769973755,1.3497300148010254,0.6787299513816833,0.6230490803718567,162.37399291992188,0.8420900106430054,0.9422199726104736,1.4937900304794312,1.6306400299072266,1.776170015335083,192.7899932861328,1.1187599897384644,1.7736599445343018,1.936110019683838,2.1091198921203613,108.69400024414062,99.57599639892578,91.4010009765625,172.31199645996094,0.9160299897193909,0.5777999758720398,1.0893000364303589,0.8408300280570984,0.5303500294685364,0.6306800246238708
2024-09-04,1.1048868894577026,1.3114066123962402,145.35299682617188,0.8499299883842468,1.3543399572372437,0.6714000701904297,0.618739128112793,160.572998046875,0.842490017414093,0.9390699863433838,1.4963699579238892,1.6457799673080444,1.7856600284576416,190.58799743652344,1.1145000457763672,1.77593994140625,1.953179955482483,2.1184000968933105,107.31600189208984,97.5770034790039,89.90899658203125,170.9980010986328,0.9091699719429016,0.5703499913215637,1.0847870111465454,0.8379009962081909,0.5253999829292297,0.6274999976158142
2024-09-05,1.1080454587936401,1.3144749402999878,143.32400512695312,0.8460400104522705,1.3508100509643555,0.6716187596321106,0.6186702251434326,158.7830047607422,0.8424999713897705,0.9374300241470337,1.496690034866333,1.6497900485992432,1.7908600568771362,188.39199829101562,1.1119999885559082,1.775149941444397,1.9569799900054932,2.124429941177368,106.10199737548828,96.24199676513672,88.64199829101562,169.3990020751953,0.9071699976921082,0.5681899785995483,1.0855369567871094,0.8355960249900818,0.5233299732208252,0.626259982585907
2024-09-06,1.1111111640930176,1.317748785018921,143.39300537109375,0.8438100218772888,1.3500100374221802,0.6740502119064331,0.6224402189254761,159.32000732421875,0.8431000113487244,0.9375399947166443,1.4999300241470337,1.6483500003814697,1.7850600481033325,188.94400024414062,1.1118500232696533,1.7787400484085083,1.9548300504684448,2.1169400215148926,106.20700073242188,96.6449966430664,89.23999786376953,169.8939971923828,0.9099199771881104,0.5687649846076965,1.0829099416732788,0.8401950001716614,0.5251299738883972,0.624970018863678
2024-09-09,1.1087212562561035,1.3133355379104614,142.48599243164062,0.843940019607544,1.3562099933624268,0.6670802235603333,0.6171315908432007,157.97300720214844,0.8441799879074097,0.935670018196106,1.503600001335144,1.6619900465011597,1.7965199947357178,187.11300659179688,1.1082500219345093,1.7809799909591675,1.968559980392456,2.1278700828552246,105.05400085449219,95.03900146484375,87.91899871826172,168.82080078125,0.9046000242233276,0.5629199743270874,1.079800009727478,0.8368300199508667,0.5207300186157227,0.6222100257873535
2024-09-10,1.1037527322769165,1.307138204574585,143.177001953125,0.8494499921798706,1.3564000129699707,0.6657878756523132,0.6142317652702332,157.9810028076172,0.8442999720573425,0.9373000264167786,1.4967700242996216,1.6576000452041626,1.7966300249099731,187.14100646972656,1.1101000308990479,1.7724000215530396,1.9632099866867065,2.12719988822937,105.54199981689453,95.302001953125,87.93000030517578,168.5279998779297,0.9029200077056885,0.5654299855232239,1.0838299989700317,0.8329700231552124,0.5216599702835083,0.6261100172996521
2024-09-11,1.1020983457565308,1.3080273866653442,142.23399353027344,0.8466200232505798,1.3609600067138672,0.6653298139572144,0.6150099039077759,156.73300170898438,0.8424299955368042,0.9330400228500366,1.4998199939727783,1.6563800573349,1.7918800115585327,186.02499389648438,1.1073499917984009,1.7801100015640259,1.9658299684524536,2.1266798973083496,104.50199890136719,94.62100219726562,87.45700073242188,167.9843292236328,0.9054399728775024,0.5632879734039307,1.0817999839782715,0.8368800282478333,0.5205900073051453,0.6219900250434875
2024-09-12,1.1010911464691162,1.3039510250091553,142.58999633789062,0.8525999784469604,1.3578399419784546,0.6676998138427734,0.6132185459136963,157.01300048828125,0.8444300293922424,0.9387999773025513,1.4950000047683716,1.649749994277954,1.795549988746643,185.92300415039062,1.1116100549697876,1.7701300382614136,1.9534900188446045,2.1261401176452637,105.03099822998047,95.1719970703125,87.43299865722656,167.25100708007812,0.9061800241470337,0.5690199732780457,1.088371992111206,0.8325170278549194,0.5227400064468384,0.6278700232505798
2024-09-13,1.1077877283096313,1.313232183456421,141.49899291992188,0.8498799800872803,1.3575799465179443,0.6726899147033691,0.6187008619308472,156.75,0.843500018119812,0.9414600133895874,1.5038700103759766,1.6468100547790527,1.7906299829483032,185.8090057373047,1.1160000562667847,1.782670021057129,1.9519000053405762,2.122349977493286,104.2239990234375,95.18000030517578,87.53299713134766,166.48558044433594,0.9131699800491333,0.571628987789154,1.0872600078582764,0.8398000001907349,0.5257300138473511,0.6259599924087524
2024-09-16,1.1088441610336304,1.3137997388839722,140.7899932861328,0.8476999998092651,1.3577699661254883,0.6713797450065613,0.6164087653160095,156.11500549316406,0.8440700173377991,0.9402400255203247,1.5054700374603271,1.6515100002288818,1.798799991607666,184.9199981689453,1.1134999990463257,1.7831000089645386,1.9565000534057617,2.130959987640381,103.69100189208984,94.51899719238281,86.7750015258789,166.01976013183594,0.9114800095558167,0.5692600011825562,1.0891000032424927,0.8367599844932556,0.5226100087165833,0.6244800090789795
2024-09-17,1.1129536628723145,1.3210737705230713,140.7899932861328,0.8445799946784973,1.3586299419403076,0.6751897931098938,0.6196094155311584,156.68699645996094,0.8424400091171265,0.9400100111961365,1.5120400190353394,1.6483099460601807,1.7961699962615967,185.98500061035156,1.1157100200653076,1.7947700023651123,1.9565000534057617,2.1319499015808105,103.625,95.05000305175781,87.22200012207031,166.67300415039062,0.9172800183296204,0.5702419877052307,1.0896300077438354,0.8417149782180786,0.5232300162315369,0.6215800046920776
2024-09-18,1.1123099327087402,1.3167423009872437,142.01499938964844,0.8463299870491028,1.3592100143432617,0.6762696504592896,0.619398295879364,157.96200561523438,0.8446000218391418,0.94132000207901,1.5118000507354736,1.644700050354004,1.7957199811935425,186.98899841308594,1.1143100261688232,1.7892999649047852,1.946969985961914,2.1257100105285645,104.4739990234375,96.03099822998047,87.95099639892578,167.78900146484375,0.9191100001335144,0.5717999935150146,1.091729998588562,0.8413000106811523,0.5241100192070007,0.6225600242614746
2024-09-19,1.1114816665649414,1.3201146125793457,142.7100067138672,0.8472999930381775,1.3610700368881226,0.676369845867157,0.6208904981613159,158.58399963378906,0.8417900204658508,0.9416599869728088,1.5125000476837158,1.6430100202560425,1.7898199558258057,188.39100646972656,1.1185799837112427,1.7967100143432617,1.9516899585723877,2.1259899139404297,104.84200286865234,96.52300262451172,88.59100341796875,168.39999389648438,0.9205399751663208,0.5731980204582214,1.0892800092697144,0.844980001449585,0.5260300040245056,0.6224899888038635
2024-09-20,1.1161960363388062,1.328179955482483,142.85800170898438,0.8477799892425537,1.3562699556350708,0.6809576749801636,0.6237019300460815,159.41400146484375,0.8401600122451782,0.9460999965667725,1.51350998878479,1.6387699842453003,1.7892299890518188,189.72999572753906,1.1259299516677856,1.801259994506836,1.9503200054168701,2.1293399333953857,105.32499694824219,97.27100372314453,89.08000183105469,168.48902893066406,0.9234799742698669,0.577269971370697,1.0917370319366455,0.8457949757575989,0.5286800265312195,0.6250399947166443
2024-09-23,1.1160838603973389,1.331398367881775,144.00399780273438,0.8508999943733215,1.3564200401306152,0.6809993982315063,0.6236202716827393,160.71099853515625,0.8382200002670288,0.9495400190353394,1.5137699842453003,1.6387699842453003,1.7895699739456177,191.71636962890625,1.1327199935913086,1.8058300018310547,1.9549299478530884,2.1347899436950684,106.15799713134766,98.06029510498047,89.80000305175781,169.2355499267578,0.9236299991607666,0.5793600082397461,1.0919300317764282,0.8457840085029602,0.5304999947547913,0.6272000074386597
2024-09-24,1.1111727952957153,1.3349887132644653,143.63800048828125,0.847320020198822,1.3529499769210815,0.6834102272987366,0.6267195343971252,159.58900451660156,0.8323100209236145,0.9414899945259094,1.503290057182312,1.6258900165557861,1.7729899883270264,191.7469940185547,1.131100058555603,1.8060699701309204,1.9532300233840942,2.129930019378662,106.16000366210938,98.15799713134766,90.00800323486328,169.5030059814453,0.9241999983787537,0.579039990901947,1.0904500484466553,0.8477969765663147,0.5309200286865234,0.6261900067329407
2024-09-25,1.1191190481185913,1.3427324295043945,142.96299743652344,0.841509997844696,1.3421000242233276,0.6905400156974792,0.6352190971374512,159.98699951171875,0.8334400057792664,0.9417600035667419,1.5019299983978271,1.6205300092697144,1.7617900371551514,191.9550018310547,1.129870057106018,1.8019299507141113,1.944350004196167,2.1129000186920166,106.51499938964844,98.71800231933594,90.802001953125,169.86700439453125,0.9267299771308899,0.5805000066757202,1.0870660543441772,0.852400004863739,0.5344600081443787,0.6269599795341492
2024-09-26,1.1131023168563843,1.3315792083740234,144.68299865722656,0.850570023059845,1.3482199907302856,0.6821599006652832,0.6257195472717285,161.0399932861328,0.8358399868011475,0.9467700123786926,1.5006300210952759,1.63155996799469,1.7788399457931519,192.64999389648438,1.132599949836731,1.7952100038528442,1.951889991760254,2.127969980239868,107.2699966430664,98.69100189208984,90.52400207519531,170.07846069335938,0.9196400046348572,0.5802099704742432,1.0893000364303589,0.8435009717941284,0.5321400165557861,0.630840003490448
2024-09-27,1.117717981338501,1.341381549835205,145.0760040283203,0.8462399840354919,1.3475699424743652,0.689280092716217,0.6331197619438171,162.12600708007812,0.8335000276565552,0.945900022983551,1.506160020828247,1.6215200424194336,1.7644000053405762,194.552001953125,1.1349200010299683,1.807170033454895,1.9455699920654297,2.117500066757202,107.64600372314453,99.98899841308594,91.82599639892578,171.39700317382812,0.9288240075111389,0.5833380222320557,1.0886900424957275,0.8530700206756592,0.5357199907302856,0.6279500126838684
2024-09-30,1.1169815063476562,1.338329792022705,142.7830047607422,0.840499997138977,1.3508800268173218,0.6918787360191345,0.634981095790863,159.47999572753906,0.834559977054596,0.9395700097084045,1.5088200569152832,1.6143100261688232,1.7589800357818604,191.08299255371094,1.125730037689209,1.8078299760818481,1.9335999488830566,2.106800079345703,105.68699645996094,98.78199768066406,90.65299987792969,169.71600341796875,0.9345899820327759,0.5819799900054932,1.0895600318908691,0.8576599955558777,0.5338000059127808,0.6226099729537964
2024-10-01,1.113660216331482,1.3376137018203735,143.7100067138672,0.8453099727630615,1.352720022201538,0.6915801763534546,0.6345298290252686,160.03199768066406,0.832539975643158,0.9413400292396545,1.5063600540161133,1.6102700233459473,1.7550400495529175,192.21299743652344,1.1306099891662598,1.8092000484466553,1.9339599609375,2.1078898906707764,106.23699951171875,99.38200378417969,91.17500305175781,169.9939422607422,0.9354400038719177,0.5846019983291626,1.0899200439453125,0.858210027217865,0.536270022392273,0.6244000196456909
2024-10-02,1.1063904762268066,1.327404260635376,143.73599243164062,0.846340000629425,1.3494600057601929,0.6879992485046387,0.6282985806465149,159.0240020751953,0.8335400223731995,0.9363200068473816,1.4929900169372559,1.6081700325012207,1.7608200311660767,190.781005859375,1.1232800483703613,1.7909300327301025,1.9292099475860596,2.112489938735962,106.50599670410156,98.87799835205078,90.3010025024414,169.81527709960938,0.9283149838447571,0.582298994064331,1.0948599576950073,0.8476999998092651,0.5316600203514099,0.6271200180053711
2024-10-03,1.1048502922058105,1.326611876487732,146.58200073242188,0.8499100208282471,1.3504899740219116,0.6887099742889404,0.6261191964149475,161.91799926757812,0.8327199816703796,0.9388599991798401,1.491819977760315,1.603950023651123,1.7642899751663208,194.43499755859375,1.1273800134658813,1.7913199663162231,1.9259999990463257,2.117799997329712,108.53900146484375,100.9260025024414,91.76200103759766,172.44752502441406,0.9300230145454407,0.5851799845695496,1.099910020828247,0.8454300165176392,0.5320600271224976,0.6292600035667419
2024-10-04,1.103557825088501,1.3130252361297607,146.83999633789062,0.8518099784851074,1.3548200130462646,0.6850300431251526,0.6217281222343445,162.04100036621094,0.840470016002655,0.9400100111961365,1.494860053062439,1.6109600067138672,1.7749099731445312,192.781005859375,1.118280053138733,1.7784600257873535,1.9164700508117676,2.111599922180176,108.3499984741211,100.5739974975586,91.28399658203125,172.37864685058594,0.92808598279953,0.5835189819335938,1.101789951324463,0.8422099947929382,0.5294899940490723,0.6286500096321106
2024-10-07,1.0974539518356323,1.3125253915786743,148.82000732421875,0.8586900234222412,1.3579200506210327,0.6800592541694641,0.6160784363746643,163.281005859375,0.8359100222587585,0.942110002040863,1.4898300170898438,1.6133099794387817,1.7808500528335571,195.31399536132812,1.1269099712371826,1.7821199893951416,1.929800033569336,2.1301798820495605,109.58699798583984,101.19300079345703,91.6729965209961,173.2969970703125,0.9233199954032898,0.583869993686676,1.10371994972229,0.8364599943161011,0.5289300084114075,0.6322699785232544
2024-10-08,1.0975743532180786,1.3084723949432373,148.14599609375,0.8545799851417542,1.361799955368042,0.6755999326705933,0.6128502488136292,162.57400512695312,0.838699996471405,0.9378399848937988,1.4947500228881836,1.623900055885315,1.7907600402832031,193.82699584960938,1.1180599927902222,1.7820299863815308,1.9363000392913818,2.134809970855713,108.76000213623047,100.05000305175781,90.78099822998047,173.33999633789062,0.919700026512146,0.5773640275001526,1.1024099588394165,0.8346099853515625,0.5236300230026245,0.6273499727249146
2024-10-09,1.0975743532180786,1.309483289718628,148.15899658203125,0.8574000000953674,1.3652000427246094,0.6739597916603088,0.6131395697593689,162.60699462890625,0.8381400108337402,0.9409000277519226,1.4984699487686157,1.6284600496292114,1.7901099920272827,193.99099731445312,1.1224000453948975,1.787719964981079,1.942870020866394,2.1355199813842773,108.50900268554688,99.83999633789062,90.8280029296875,172.7779998779297,0.9200500249862671,0.5778319835662842,1.0991300344467163,0.8369699716567993,0.5255799889564514,0.6278700232505798
2024-10-10,1.0943313837051392,1.306830883026123,149.16000366210938,0.8604699969291687,1.3709299564361572,0.6717401146888733,0.6070908308029175,163.2010040283203,0.8372399806976318,0.9415000081062317,1.499940037727356,1.628749966621399,1.8022600412368774,194.91000366210938,1.1243900060653687,1.7913800477981567,1.9452099800109863,2.152400016784668,108.7969970703125,100.18699645996094,90.53900146484375,173.3280029296875,0.920799970626831,0.577970027923584,1.1064239740371704,0.8321459889411926,0.5223000049591064,0.6276199817657471
2024-10-11,1.0933860540390015,1.3062163591384888,148.70399475097656,0.8565499782562256,1.3745700120925903,0.6740997433662415,0.6096000075340271,162.58200073242188,0.8370100259780884,0.9365599751472473,1.5028899908065796,1.6219500303268433,1.7936099767684937,194.2220001220703,1.1187700033187866,1.7953399419784546,1.937540054321289,2.142519950866699,108.16699981689453,100.21299743652344,90.63400268554688,173.5821990966797,0.9264209866523743,0.5773090124130249,1.1057599782943726,0.8378239870071411,0.5220299959182739,0.6230700016021729
2024-10-14,1.0925379991531372,1.3049037456512451,149.33399963378906,0.858299970626831,1.378119945526123,0.6731105446815491,0.6091692447662354,163.1199951171875,0.8370800018310547,0.9374899864196777,1.5053499937057495,1.6227699518203735,1.79312002658844,194.85299682617188,1.119860053062439,1.7982200384140015,1.9384599924087524,2.1412999629974365,108.35299682617188,100.51100158691406,90.95600128173828,173.97799682617188,0.9275599718093872,0.5776699781417847,1.1039999723434448,0.839389979839325,0.5224999785423279,0.6226900219917297
2024-10-15,1.0909169912338257,1.3067454099655151,149.6699981689453,0.8621000051498413,1.3802900314331055,0.6725999116897583,0.6089614629745483,163.2729949951172,0.8348699808120728,0.9406599998474121,1.5057200193405151,1.6222000122070312,1.7907999753952026,195.55299377441406,1.1266000270843506,1.8032399415969849,1.943269968032837,2.1456100940704346,108.427001953125,100.62100219726562,91.12699890136719,173.55599975585938,0.9279599785804749,0.5797200202941895,1.1041749715805054,0.840399980545044,0.5249999761581421,0.6246500015258789
2024-10-16,1.0884116888046265,1.3065917491912842,149.0989990234375,0.8625400066375732,1.3781100511550903,0.6682080030441284,0.6056311726570129,162.28500366210938,0.8328999876976013,0.9387400150299072,1.499899983406067,1.6287800073623657,1.7971099615097046,194.80799865722656,1.1269099712371826,1.8005000352859497,1.9552799463272095,2.157219886779785,108.18599700927734,99.625,90.28800201416016,172.85227966308594,0.9207900166511536,0.5763289928436279,1.103309988975525,0.8344929814338684,0.5222799777984619,0.6258100271224976
2024-10-17,1.0862481594085693,1.29902184009552,149.5760040283203,0.8652999997138977,1.375499963760376,0.6664889454841614,0.6058696508407593,162.42100524902344,0.8358299732208252,0.939740002155304,1.493690013885498,1.6292099952697754,1.7921899557113647,194.26400756835938,1.124060034751892,1.7867900133132935,1.9488699436187744,2.1438400745391846,108.72799682617188,99.68099975585938,90.5999984741211,172.79168701171875,0.916782021522522,0.57676100730896,1.0999690294265747,0.8333740234375,0.5242499709129333,0.6284000277519226
2024-10-18,1.0829542875289917,1.301574945449829,150.10000610351562,0.8659300208091736,1.3795700073242188,0.6699718832969666,0.6060715913772583,162.5449981689453,0.832040011882782,0.9377700090408325,1.4939500093460083,1.6163400411605835,1.7867799997329712,195.3489990234375,1.1271100044250488,1.7950999736785889,1.9425499439239502,2.1473500728607178,108.79299926757812,100.5530014038086,90.927001953125,173.28504943847656,0.924235999584198,0.5802090167999268,1.1053849458694458,0.8360059857368469,0.5247899889945984,0.6276999711990356
2024-10-21,1.0868619680404663,1.3052616119384766,149.60000610351562,0.8649299740791321,1.3799599409103394,0.6716818809509277,0.6076700091362,162.5850067138672,0.8326399922370911,0.9400299787521362,1.499750018119812,1.618690013885498,1.7885299921035767,195.2519989013672,1.128890037536621,1.8011000156402588,1.9436999559402466,2.147860050201416,108.39900207519531,100.43399810791016,90.88999938964844,172.9409942626953,0.9264429807662964,0.5806800127029419,1.1048460006713867,0.838450014591217,0.5254999995231628,0.6267200112342834
2024-10-22,1.0817828178405762,1.298296570777893,150.60499572753906,0.8654099702835083,1.3833500146865845,0.6653094291687012,0.6023297905921936,162.86000061035156,0.8330600261688232,0.9360600113868713,1.4955999851226807,1.6256099939346313,1.7956000566482544,195.48321533203125,1.1235599517822266,1.7958500385284424,1.9512200355529785,2.1552300453186035,108.8550033569336,100.17776489257812,90.6969985961914,173.9239959716797,0.9203299880027771,0.5757799744606018,1.104509949684143,0.833109974861145,0.5210000276565552,0.6255699992179871
2024-10-23,1.079727053642273,1.2982797622680664,151.13800048828125,0.8655300140380859,1.3816200494766235,0.6685997843742371,0.604580283164978,163.17999267578125,0.8316199779510498,0.934469997882843,1.4917399883270264,1.6151000261306763,1.7858400344848633,196.2100067138672,1.123610019683838,1.793660044670105,1.942389965057373,2.147289991378784,109.37899780273438,101.00399780273438,91.33999633789062,174.60757446289062,0.9233300089836121,0.5784100294113159,1.1055599451065063,0.8352090120315552,0.5231000185012817,0.6263499855995178
2024-10-24,1.0780508518218994,1.291372299194336,152.7689971923828,0.8667399883270264,1.3836699724197388,0.663599967956543,0.6006186604499817,164.68600463867188,0.8347700238227844,0.9341999888420105,1.4916000366210938,1.624709963798523,1.794819951057434,197.2729949951172,1.1192400455474854,1.7867599725723267,1.9462699890136719,2.149940013885498,110.4000015258789,101.3550033569336,91.73600006103516,176.2397003173828,0.9180099964141846,0.5750300288200378,1.104699969291687,0.8309620022773743,0.5204700231552124,0.6263200044631958
2024-10-25,1.0824151039123535,1.2973365783691406,151.7830047607422,0.8658699989318848,1.3853299617767334,0.663702130317688,0.6008387804031372,164.28900146484375,0.8342300057411194,0.9372100234031677,1.498900055885315,1.631309986114502,1.8014700412750244,196.88699340820312,1.1232099533081055,1.7969199419021606,1.9551399946212769,2.1589300632476807,109.55799865722656,100.70099639892578,91.1729965209961,175.26695251464844,0.9185000061988831,0.5744900107383728,1.1042499542236328,0.8319000005722046,0.5201500058174133,0.625
2024-10-28,1.0796570777893066,1.295823574066162,152.95199584960938,0.8684599995613098,1.3895599842071533,0.6603406071662903,0.5979001522064209,165.12399291992188,0.8331500291824341,0.9375900030136108,1.5001800060272217,1.6349300146102905,1.8056800365447998,198.17999267578125,1.125290036201477,1.8004499673843384,1.9622100591659546,2.167099952697754,110.06300354003906,100.98899841308594,91.43399810791016,176.09571838378906,0.9174699783325195,0.573419988155365,1.1043670177459717,0.830706000328064,0.5191699862480164,0.6249200105667114
2024-10-29,1.0816774368286133,1.2974711656570435,153.1790008544922,0.8648599982261658,1.3889800310134888,0.6582671999931335,0.5986300110816956,165.6840057373047,0.8337100148200989,0.9354699850082397,1.50232994556427,1.6432199478149414,1.806730031967163,198.71600341796875,1.121940016746521,1.8018300533294678,1.970829963684082,2.1668701171875,110.2760009765625,100.81800079345703,91.69200134277344,177.0959930419922,0.9140939712524414,0.5692200064659119,1.0993499755859375,0.8313900232315063,0.5176500082015991,0.6226000189781189
2024-10-30,1.0820636749267578,1.3014055490493774,153.2740020751953,0.8672199845314026,1.3912800550460815,0.6563001871109009,0.5971183180809021,165.84800720214844,0.8314599990844727,0.9383500218391418,1.5053499937057495,1.649399995803833,1.8120700120925903,199.4499969482422,1.1282999515533447,1.8100999593734741,1.983199954032898,2.179219961166382,110.16300201416016,100.54199981689453,91.50800323486328,176.7280731201172,0.9122999906539917,0.5688329935073853,1.0978000164031982,0.8306139707565308,0.5177299976348877,0.6229000091552734
2024-10-31,1.0859178304672241,1.2959579229354858,153.20399475097656,0.8662999868392944,1.3907999992370605,0.6572798490524292,0.5971112251281738,166.3730010986328,0.8378999829292297,0.9408100247383118,1.510200023651123,1.6519900560379028,1.8185700178146362,198.52499389648438,1.122689962387085,1.8022099733352661,1.9713799953460693,2.1701200008392334,110.16899871826172,100.697998046875,91.46900177001953,176.82699584960938,0.9140459895133972,0.5694739818572998,1.100767970085144,0.8303319811820984,0.5172299742698669,0.6229000091552734
2024-11-01,1.0886130332946777,1.2897733449935913,151.97999572753906,0.86353999376297,1.3935199975967407,0.657680094242096,0.5971503853797913,165.41099548339844,0.8438599705696106,0.9398699998855591,1.5166599750518799,1.6547199487686157,1.8226399421691895,196.0070037841797,1.1136800050735474,1.7971899509429932,1.9609400033950806,2.1595399379730225,109.06800079345703,99.9520034790039,90.73999786376953,175.97450256347656,0.9163519740104675,0.5678799748420715,1.1013619899749756,0.8319900035858154,0.51555997133255,0.619629979133606
2024-11-04,1.087453007698059,1.2953401803970337,152.28700256347656,0.8676000237464905,1.3918800354003906,0.6591914296150208,0.5987414717674255,165.593994140625,0.839460015296936,0.9434199929237366,1.5134899616241455,1.6495699882507324,1.8161200284957886,197.25100708007812,1.1237599849700928,1.802839994430542,1.9649200439453125,2.1632699966430664,109.40399932861328,100.37200164794922,91.16300201416016,175.50950622558594,0.9173799753189087,0.5718399882316589,1.1008399724960327,0.8332300186157227,0.5193600058555603,0.6232699751853943
2024-11-05,1.0874056816101074,1.2954542636871338,152.2760009765625,0.8641700148582458,1.3900699615478516,0.6584101915359497,0.5973715782165527,165.5749969482422,0.8393300175666809,0.9397000074386597,1.5115000009536743,1.651520013809204,1.8202500343322754,197.2550048828125,1.1194499731063843,1.8006600141525269,1.9673000574111938,2.168519973754883,109.53600311279297,100.25299835205078,90.94999694824219,176.1941680908203,0.9151800274848938,0.5689399838447571,1.1021599769592285,0.83024001121521,0.5161200165748596,0.6215999722480774
2024-11-06,1.093445897102356,1.3043591976165771,151.43499755859375,0.8624100089073181,1.3832999467849731,0.6641499996185303,0.60165935754776,165.5780029296875,0.8382599949836731,0.9429600238800049,1.5125800371170044,1.646299958229065,1.81728994846344,197.5030059814453,1.124750018119812,1.8042399883270264,1.963860034942627,2.167639970779419,109.45899963378906,100.55599975585938,91.03299713134766,175.45899963378906,0.9186000227928162,0.5726600289344788,1.1037219762802124,0.8322100043296814,0.518779993057251,0.6233400106430054
2024-11-07,1.073306918144226,1.2883278131484985,154.32000732421875,0.8756999969482422,1.394819974899292,0.6567001342773438,0.5938806533813477,165.60899353027344,0.8329899907112122,0.9397299885749817,1.4967999458312988,1.634179949760437,1.8070800304412842,198.79600524902344,1.128000020980835,1.796820044517517,1.9616600275039673,2.1691999435424805,110.6449966430664,101.33200073242188,91.63200378417969,176.2050018310547,0.9158999919891357,0.575082004070282,1.1057610511779785,0.8281949758529663,0.5199400186538696,0.6277599930763245
2024-11-08,1.0795172452926636,1.2982292175292969,153.17999267578125,0.8727800250053406,1.3867299556732178,0.6676815152168274,0.6022282242774963,165.3520050048828,0.8314899802207947,0.9421300292015076,1.496880054473877,1.6167399883270264,1.7925399541854858,198.8459930419922,1.132930040359497,1.8000400066375732,1.944100022315979,2.1555399894714355,110.45800018310547,102.26899719238281,92.22000122070312,175.49600219726562,0.925790011882782,0.5827119946479797,1.1086299419403076,0.8349699974060059,0.5255100131034851,0.6293200254440308
2024-11-11,1.0714898109436035,1.2917059659957886,152.9040069580078,0.8759999871253967,1.390779972076416,0.65845787525177,0.5966302156448364,163.8280029296875,0.8294900059700012,0.9385899901390076,1.4901299476623535,1.6271899938583374,1.7958300113677979,197.49200439453125,1.1314400434494019,1.796339988708496,1.9615399837493896,2.1648099422454834,109.93299865722656,100.67400360107422,91.21399688720703,174.53500366210938,0.9157099723815918,0.576770007610321,1.1035799980163574,0.8296499848365784,0.5225499868392944,0.629800021648407
2024-11-12,1.066439151763916,1.2874983549118042,153.47999572753906,0.8802700042724609,1.3921500444412231,0.6577605605125427,0.596911609172821,163.61599731445312,0.8282099962234497,0.9385300278663635,1.4842699766159058,1.6208900213241577,1.7861299514770508,197.55499267578125,1.1331299543380737,1.7920199632644653,1.9566999673843384,2.1564700603485107,110.23899841308594,100.94100189208984,91.5999984741211,174.3070068359375,0.9155799746513367,0.5789499878883362,1.1008000373840332,0.8305000066757202,0.5253599882125854,0.6322600245475769
2024-11-13,1.061672568321228,1.2739177942276,154.65499877929688,0.8821600079536438,1.3945499658584595,0.6529401540756226,0.5923293828964233,164.1929931640625,0.8335000276565552,0.9366000294685364,1.4804500341415405,1.625499963760376,1.7923200130462646,196.99200439453125,1.1236200332641602,1.7762500047683716,1.950700044631958,2.1503798961639404,110.89600372314453,100.9729995727539,91.58999633789062,175.30099487304688,0.9104599952697754,0.5760089755058289,1.1022700071334839,0.8258699774742126,0.5224199891090393,0.6322000026702881
2024-11-14,1.0564124584197998,1.27068030834198,155.4290008544922,0.8857700228691101,1.3992700576782227,0.6492705345153809,0.5882906913757324,164.1909942626953,0.8313400149345398,0.93572998046875,1.4780999422073364,1.627020001411438,1.7957600355148315,197.48699951171875,1.1254500150680542,1.7778500318527222,1.95701003074646,2.159869909286499,111.0739974975586,100.90699768066406,91.42400360107422,175.46270751953125,0.9084349870681763,0.5750799775123596,1.1035959720611572,0.8230339884757996,0.5209800004959106,0.6329799890518188
2024-11-15,1.0530084371566772,1.266784906387329,156.46800231933594,0.8904399871826172,1.406149983406067,0.6455498337745667,0.5849800705909729,164.75999450683594,0.8312100172042847,0.9376000165939331,1.4805400371551514,1.6311099529266357,1.800089955329895,198.20799255371094,1.1276999711990356,1.7811100482940674,1.9621700048446655,2.1653499603271484,111.26899719238281,100.98500061035156,91.48500061035156,175.64300537109375,0.907558023929596,0.574832022190094,1.1035000085830688,0.822426974773407,0.5207899808883667,0.6331899762153625
2024-11-18,1.0533745288848877,1.261765956878662,154.66400146484375,0.888670027256012,1.4085899591445923,0.6463413834571838,0.5863211154937744,162.91400146484375,0.8348199725151062,0.9360799789428711,1.483739972114563,1.6297099590301514,1.7965500354766846,195.14100646972656,1.1212400197982788,1.7772400379180908,1.9520699977874756,2.1518900394439697,109.79000091552734,99.95800018310547,90.6729965209961,174.02200317382812,0.9103599786758423,0.5743399858474731,1.1023099422454834,0.825760006904602,0.5209500193595886,0.630810022354126
2024-11-19,1.059490442276001,1.2679253816604614,154.61700439453125,0.8831999897956848,1.4022400379180908,0.650590181350708,0.5890703797340393,163.80799865722656,0.8355799913406372,0.9357100129127502,1.4855400323867798,1.6284500360488892,1.798509955406189,196.0279998779297,1.1197799444198608,1.777400016784668,1.9484000205993652,2.152250051498413,110.26399993896484,100.58599853515625,91.06700134277344,175.0500030517578,0.9122099876403809,0.5746089816093445,1.1044000387191772,0.8258699774742126,0.5201600193977356,0.629800021648407
2024-11-20,1.0607603788375854,1.2694543600082397,154.71800231933594,0.882070004940033,1.3954999446868896,0.6541501879692078,0.5919612050056458,164.10800170898438,0.8355500102043152,0.9355999827384949,1.4802099466323853,1.6214699745178223,1.7918599843978882,196.39700317382812,1.119670033454895,1.7714600563049316,1.940500020980835,2.1443800926208496,110.85800170898438,101.2020034790039,91.56999969482422,175.36061096191406,0.9128199815750122,0.577010989189148,1.1050200462341309,0.8259599804878235,0.5220299959182739,0.6319800019264221
2024-11-21,1.0546187162399292,1.2655344009399414,155.2949981689453,0.883650004863739,1.3968000411987305,0.6513999700546265,0.5884000062942505,163.75999450683594,0.8333600163459778,0.9319000244140625,1.472599983215332,1.6194100379943848,1.7933900356292725,196.49600219726562,1.117900013923645,1.7669999599456787,1.9428000450134277,2.1517601013183594,111.15899658203125,101.11900329589844,91.302001953125,175.71800231933594,0.909600019454956,0.5748000144958496,1.1073499917984009,0.8208000063896179,0.5195199847221375,0.6324899792671204
2024-11-22,1.0469341278076172,1.2584789991378784,154.21800231933594,0.886900007724762,1.3980000019073486,0.6510289311408997,0.5857407450675964,161.44200134277344,0.831849992275238,0.9284399747848511,1.4634499549865723,1.6080100536346436,1.787369966506958,194.05999755859375,1.1160600185394287,1.7591500282287598,1.9328800439834595,2.148390054702759,110.30699920654297,100.38700103759766,90.31400299072266,173.86952209472656,0.910027027130127,0.5773199796676636,1.1114599704742432,0.8187000155448914,0.5193799734115601,0.6343600153923035
2024-11-25,1.0479873418807983,1.2593823671340942,154.14599609375,0.890470027923584,1.393280029296875,0.6539880037307739,0.5862111449241638,161.5330047607422,0.8320900201797485,0.9331499934196472,1.4600399732589722,1.6023399829864502,1.787619948387146,194.1179962158203,1.121340036392212,1.7510000467300415,1.9255499839782715,2.148169994354248,110.62799835205078,100.5999984741211,90.34600067138672,173.08900451660156,0.9111369848251343,0.5823000073432922,1.1155489683151245,0.8166390061378479,0.5218999981880188,0.6390399932861328
2024-11-26,1.0444300174713135,1.2533055543899536,154.3780059814453,0.8888000249862671,1.4098399877548218,0.646379828453064,0.5811284184455872,161.22000122070312,0.8333100080490112,0.9282900094985962,1.4722800254821777,1.6157599687576294,1.7971500158309937,193.4499969482422,1.1138399839401245,1.7667200565338135,1.9387799501419067,2.156450033187866,109.49299621582031,99.77999877929688,89.69000244140625,173.6739959716797,0.9112280011177063,0.574521005153656,1.1122900247573853,0.8191499710083008,0.5164200067520142,0.6303600072860718
2024-11-27,1.0491198301315308,1.2573871612548828,153.00900268554688,0.8862699866294861,1.405310034751892,0.6475173830986023,0.5837098360061646,160.50599670410156,0.83433997631073,0.9297599792480469,1.4742399454116821,1.62021005153656,1.797320008277893,192.37600708007812,1.1142699718475342,1.7668499946594238,1.941789984703064,2.154330015182495,108.86799621582031,99.0510025024414,89.29900360107422,172.6020050048828,0.9098349809646606,0.5738080143928528,1.1092100143432617,0.8201599717140198,0.5172529816627502,0.6306300163269043
2024-11-28,1.0562450885772705,1.2677645683288574,151.33599853515625,0.8820000290870667,1.4026299715042114,0.6497219204902649,0.5893411636352539,159.85299682617188,0.8331300020217896,0.931879997253418,1.4814300537109375,1.6254899501800537,1.7919000387191772,191.85899353027344,1.1184200048446655,1.7780300378799438,1.9508999586105347,2.1504900455474854,107.89199829101562,98.33300018310547,89.1989974975586,171.52200317382812,0.9113199710845947,0.5732399821281433,1.1022599935531616,0.8266699910163879,0.5195000171661377,0.6289399862289429
2024-11-29,1.0563008785247803,1.2696800231933594,151.1739959716797,0.8823400139808655,1.4007200002670288,0.6507400274276733,0.5896400213241577,159.6540069580078,0.8318300247192383,0.931850016117096,1.4792699813842773,1.6229699850082397,1.7911399602890015,191.91000366210938,1.1200900077819824,1.778149962425232,1.9508399963378906,2.152100086212158,107.91899871826172,98.36599731445312,89.12300109863281,171.3090057373047,0.9114300012588501,0.5741299986839294,1.103559970855713,0.8257700204849243,0.5201699733734131,0.6298199892044067
2024-12-02,1.0545074939727783,1.270163893699646,149.8979949951172,0.8820269703865051,1.4012600183486938,0.6502415537834167,0.5906500220298767,158.05099487304688,0.8301200270652771,0.9300500154495239,1.4774600267410278,1.6215300559997559,1.7851099967956543,190.37399291992188,1.1202399730682373,1.7796399593353271,1.9531500339508057,2.1501801013946533,106.96499633789062,97.45800018310547,88.52400207519531,169.91798400878906,0.911050021648407,0.5734900236129761,1.100790023803711,0.8275200128555298,0.5209000110626221,0.6294199824333191
2024-12-03,1.0501223802566528,1.265854835510254,149.50799560546875,0.8862800002098083,1.4042999744415283,0.6475300192832947,0.5884602665901184,156.98699951171875,0.829509973526001,0.9306600093841553,1.474769949913025,1.6217000484466553,1.7836999893188477,189.24099731445312,1.1217999458312988,1.7777700424194336,1.954740047454834,2.150969982147217,106.44200134277344,96.79900360107422,87.96299743652344,168.67300415039062,0.9093800187110901,0.5738400220870972,1.10030996799469,0.8263499736785889,0.5210999846458435,0.6309599876403809
2024-12-04,1.0510826110839844,1.2674272060394287,149.64700317382812,0.8863999843597412,1.4065899848937988,0.6485504508018494,0.5882110595703125,157.27499389648438,0.8292400240898132,0.9315900206565857,1.4782999753952026,1.6202000379562378,1.7867900133132935,189.6479949951172,1.1233700513839722,1.7826299667358398,1.954200029373169,2.154550075531006,106.37899780273438,97.04299926757812,88.00700378417969,168.7969970703125,0.9122040271759033,0.5748199820518494,1.102512001991272,0.8272539973258972,0.5212799906730652,0.6301000118255615
2024-12-05,1.051414132118225,1.2701154947280884,150.56700134277344,0.8837500214576721,1.4073100090026855,0.6432936787605286,0.5857201814651489,158.2779998779297,0.8276299834251404,0.9289900064468384,1.479259967803955,1.634619951248169,1.7948299646377563,191.2270050048828,1.1223900318145752,1.7873200178146362,1.9748400449752808,2.1673998832702637,106.98500061035156,96.8239974975586,88.1760025024414,170.35829162597656,0.9047510027885437,0.5683419704437256,1.097100019454956,0.8241400122642517,0.5175300240516663,0.6279299855232239
2024-12-06,1.058559536933899,1.2759333848953247,150.20700073242188,0.8784199953079224,1.40215003490448,0.6449898481369019,0.5882214307785034,158.9884796142578,0.8295999765396118,0.9297900199890137,1.484179973602295,1.6406999826431274,1.7995400428771973,191.63699340820312,1.1207000017166138,1.7889800071716309,1.978060007095337,2.169029951095581,107.11299896240234,96.87300109863281,88.33699798583984,170.97900390625,0.9043300151824951,0.566100001335144,1.0964900255203247,0.8246300220489502,0.5163000226020813,0.6263899803161621
2024-12-09,1.0565463304519653,1.2749296426773071,150.02999877929688,0.8786699771881104,1.4147800207138062,0.639991819858551,0.5838802456855774,158.5500030517578,0.8286899924278259,0.9283000230789185,1.494729995727539,1.650820016860962,1.8094700574874878,191.1699981689453,1.1201200485229492,1.8035800457000732,1.9918899536132812,2.1832900047302246,105.97000122070312,95.94599914550781,87.52799987792969,170.61700439453125,0.9053699970245361,0.5622900128364563,1.0960299968719482,0.8259400129318237,0.512939989566803,0.6209999918937683
2024-12-10,1.0555204153060913,1.2749085426330566,151.4080047607422,0.8785899877548218,1.417199969291687,0.643790602684021,0.5858985781669617,159.8000030517578,0.8278099894523621,0.927299976348877,1.496019959449768,1.6395599842071533,1.8014099597930908,193.0330047607422,1.1200599670410156,1.8069599866867065,1.980329990386963,2.175839900970459,106.81999969482422,97.46700286865234,88.6969985961914,172.29409790039062,0.9123799800872803,0.5655500292778015,1.098680019378662,0.8302800059318542,0.5146700143814087,0.6198099851608276
2024-12-11,1.0532968044281006,1.2780042886734009,151.8070068359375,0.8824999928474426,1.4174400568008423,0.6376001834869385,0.58022141456604,159.8719940185547,0.8240299820899963,0.9295899868011475,1.492400050163269,1.651729941368103,1.815060019493103,193.9949951171875,1.127959966659546,1.8113900423049927,2.0037999153137207,2.2024500370025635,107.09100341796875,96.78797912597656,88.05999755859375,171.968994140625,0.9032999873161316,0.5627830028533936,1.0979000329971313,0.8223000168800354,0.5116999745368958,0.6226599812507629
2024-12-12,1.0506850481033325,1.2766337394714355,152.2449951171875,0.8832100033760071,1.4148900508880615,0.6383902430534363,0.5794212818145752,159.9199981689453,0.822950005531311,0.9279099702835083,1.4864699840545654,1.6457200050354004,1.8131999969482422,194.33599853515625,1.1274000406265259,1.8058899641036987,1.9995499849319458,2.2030301094055176,107.58699798583984,97.16999816894531,88.19300079345703,172.3361358642578,0.9031699895858765,0.5637800097465515,1.101699948310852,0.8196899890899658,0.511650025844574,0.6241599917411804
2024-12-13,1.0474056005477905,1.2677323818206787,152.58700561523438,0.892009973526001,1.421720027923584,0.6375001668930054,0.5770307183265686,159.81399536132812,0.8257799744606018,0.9340100288391113,1.4889600276947021,1.6436899900436401,1.8145899772644043,193.427001953125,1.1307200193405151,1.8023300170898438,1.989490032196045,2.19677996635437,107.28299713134766,97.14900207519531,87.9530029296875,170.89300537109375,0.9057899713516235,0.568356990814209,1.1044470071792603,0.8198999762535095,0.5146099925041199,0.6273000240325928
2024-12-16,1.051005244255066,1.2627378702163696,153.4530029296875,0.8917440176010132,1.4225900173187256,0.6367115378379822,0.5770706534385681,161.27000427246094,0.8322799801826477,0.9372000098228455,1.4950400590896606,1.6505199670791626,1.8211699724197388,193.75399780273438,1.1259700059890747,1.7962100505828857,1.9829800128936768,2.187969923019409,107.86100006103516,97.69400024414062,88.53700256347656,172.05999755859375,0.9057000279426575,0.5677300095558167,1.1032500267028809,0.8208079934120178,0.5145099759101868,0.626800000667572
2024-12-17,1.0517348051071167,1.2690355777740479,154.08599853515625,0.8940399885177612,1.4234700202941895,0.6376400589942932,0.5791997909545898,162.04800415039062,0.8286299705505371,0.9401800036430359,1.4969799518585205,1.6492500305175781,1.8157299757003784,195.53599548339844,1.1344900131225586,1.805999994277954,1.9901000261306763,2.190500020980835,108.23799896240234,98.24400329589844,89.22899627685547,172.34500122070312,0.9076099991798401,0.5700640082359314,1.1008800268173218,0.8243299722671509,0.5174000263214111,0.6274999976158142
2024-12-18,1.0495051145553589,1.2710840702056885,153.57200622558594,0.8924800157546997,1.4309699535369873,0.6341153979301453,0.5758113265037537,161.16600036621094,0.8256300091743469,0.9366199970245361,1.5017199516296387,1.6555099487304688,1.8224999904632568,195.1929931640625,1.1343599557876587,1.8187999725341797,2.0048000812530518,2.2073299884796143,107.31300354003906,97.33699798583984,88.41400146484375,172.05740356445312,0.9069799780845642,0.5656800270080566,1.1008599996566772,0.8238300085067749,0.5138000249862671,0.6236199736595154
2024-12-19,1.0350252389907837,1.2567708492279053,154.67300415039062,0.9017000198364258,1.4460999965667725,0.6206199526786804,0.5617314577102661,160.0749969482422,0.8235399723052979,0.9332500100135803,1.4966700077056885,1.6676100492477417,1.842479944229126,194.3769989013672,1.1331499814987183,1.81728994846344,2.0248401165008545,2.237139940261841,106.9530029296875,95.98500061035156,86.87000274658203,171.51329040527344,0.8974310159683228,0.5597100257873535,1.1047799587249756,0.8121799826622009,0.5064100027084351,0.6229000091552734
2024-12-20,1.0364949703216553,1.2497968673706055,157.6439971923828,0.8989899754524231,1.440310001373291,0.6233997941017151,0.562749981880188,163.39199829101562,0.8292700052261353,0.9317200183868408,1.492709994316101,1.6629999876022339,1.8417099714279175,197.00999450683594,1.1231000423431396,1.7994999885559082,2.005229949951172,2.219899892807007,109.45600128173828,98.23100280761719,88.6989974975586,175.34300231933594,0.8974599838256836,0.560096025466919,1.1073100566864014,0.8103799819946289,0.5058000087738037,0.6241000294685364
2024-12-23,1.0433076620101929,1.256991982460022,156.5330047607422,0.8930500149726868,1.4361300468444824,0.6252892017364502,0.5651601552963257,163.3040008544922,0.8299700021743774,0.931689977645874,1.4982399940490723,1.668429970741272,1.8459500074386597,196.7429962158203,1.1224499940872192,1.8050400018692017,2.0100600719451904,2.223900079727173,108.98899841308594,97.87000274658203,88.45099639892578,175.26100158691406,0.8979200124740601,0.5583699941635132,1.1063200235366821,0.8115100264549255,0.5046200156211853,0.6217899918556213
2024-12-24,1.0405826568603516,1.2534469366073608,157.1649932861328,0.8984699845314026,1.4374200105667114,0.6244925856590271,0.5646591186523438,163.43600463867188,0.8300899863243103,0.9348599910736084,1.4953999519348145,1.6660000085830688,1.8427599668502808,196.95492553710938,1.126039981842041,1.8014299869537354,2.0071299076080322,2.2194700241088867,109.32499694824219,98.08000183105469,88.73445892333984,174.79800415039062,0.8974000215530396,0.5608789920806885,1.1057300567626953,0.8114699721336365,0.5072730183601379,0.6249200105667114
2024-12-25,1.0402579307556152,1.2536041736602783,157.10699462890625,0.9003000259399414,1.4362000226974487,0.6239081621170044,0.5648000836372375,163.3699951171875,0.8289999961853027,0.9387000203132629,1.4930000305175781,1.6672999858856201,1.864799976348877,196.89999389648438,1.128499984741211,1.7998000383377075,2.0099000930786133,2.2190001010894775,109.38999938964844,97.94000244140625,88.66899871826172,174.17999267578125,0.8953999876976013,0.5611000061035156,1.1180000305175781,0.8104000091552734,0.5079900026321411,0.6263999938964844
2024-12-26,1.0399551391601562,1.254374623298645,157.13299560546875,0.8994200229644775,1.4353599548339844,0.6244574785232544,0.5650898814201355,163.4080047607422,0.8289999961853027,0.9352499842643738,1.4923700094223022,1.6655199527740479,1.8400399684906006,197.0970001220703,1.1279300451278687,1.7997599840164185,2.0088601112365723,2.2195000648498535,109.47200012207031,98.10299682617188,88.77400207519531,174.6849365234375,0.8960719704627991,0.5614680051803589,1.1047300100326538,0.8109760284423828,0.5081300139427185,0.6265400052070618
2024-12-27,1.0423181056976318,1.2529758214950562,157.7480010986328,0.8988999724388123,1.4410400390625,0.6223007440567017,0.5625594258308411,164.4550018310547,0.8317999839782715,0.9368299841880798,1.5018099546432495,1.6746599674224854,1.8526699542999268,197.625,1.1261199712753296,1.8052500486373901,2.0131399631500244,2.22691011428833,109.46299743652344,98.15799713134766,88.71900177001953,175.56900024414062,0.8966400027275085,0.5593400001525879,1.1061099767684937,0.810492992401123,0.505299985408783,0.623740017414093
2024-12-30,1.0429377555847168,1.257880687713623,157.8730010986328,0.9018399715423584,1.4403400421142578,0.6225099563598633,0.5639394521713257,164.6739959716797,0.8290799856185913,0.9405199885368347,1.5020999908447266,1.675279974937439,1.8492900133132935,198.57200622558594,1.1343200206756592,1.8116600513458252,2.020509958267212,2.230340003967285,109.61900329589844,98.26899719238281,89.01499938964844,175.07334899902344,0.8965499997138977,0.5613600015640259,1.103808045387268,0.8121200203895569,0.5084800124168396,0.6260600090026855
2024-12-31,1.040615200996399,1.254909873008728,156.9949951171875,0.9032400250434875,1.434980034828186,0.621999979019165,0.5639712810516357,163.38600158691406,0.8291900157928467,0.9398999810218811,1.4931399822235107,1.673200011253357,1.8453500270843506,196.99899291992188,1.1333500146865845,1.8006399869918823,2.0176799297332764,2.224869966506958,109.39600372314453,97.62300109863281,88.52400207519531,173.79600524902344,0.892300009727478,0.5615000128746033,1.1026949882507324,0.809149980545044,0.5092999935150146,0.6293699741363525
2025-01-02,1.0351860523223877,1.2519248723983765,157.718994140625,0.9077500104904175,1.437459945678711,0.6194201707839966,0.5598414540290833,163.25599670410156,0.8268300294876099,0.9396399855613708,1.4876999855041504,1.6711399555206299,1.8490500450134277,197.40499877929688,1.1363099813461304,1.7991299629211426,2.0207700729370117,2.235960006713867,109.69100189208984,97.65699768066406,88.24400329589844,173.72604370117188,0.8903200030326843,0.5622879862785339,1.1064399480819702,0.804639995098114,0.5080900192260742,0.6314200162887573
2025-01-03,1.0268205404281616,1.2380222082138062,157.36199951171875,0.9120100140571594,1.4402999877929688,0.6200800538063049,0.5592997670173645,161.55999755859375,0.8293399810791016,0.9364100098609924,1.4788899421691895,1.6558300256729126,1.8357499837875366,194.7975311279297,1.1289600133895874,1.7830599546432495,1.996340036392212,2.213249921798706,109.23699951171875,97.55999755859375,87.99800109863281,172.52699279785156,0.8931099772453308,0.5655379891395569,1.1087199449539185,0.8054800033569336,0.5098000168800354,0.633080005645752
2025-01-06,1.0305347442626953,1.2426837682724,157.4810028076172,0.909309983253479,1.444000005722046,0.6220104694366455,0.5616084337234497,162.28199768066406,0.829230010509491,0.937030017375946,1.4880000352859497,1.6566799879074097,1.8348599672317505,195.68600463867188,1.129889965057373,1.7943099737167358,1.9976600408554077,2.2125298976898193,109.0479965209961,97.94599914550781,88.42900085449219,173.1750946044922,0.8981480002403259,0.5655500292778015,1.1074860095977783,0.8108620047569275,0.5105800032615662,0.6296200156211853
2025-01-07,1.0386372804641724,1.2510946989059448,157.7429962158203,0.9050400257110596,1.433859944343567,0.623910129070282,0.5639108419418335,163.79200744628906,0.8299000263214111,0.9398199915885925,1.4888299703598022,1.6642500162124634,1.8413399457931519,197.33900451660156,1.1322200298309326,1.7936899662017822,2.005079984664917,2.218440055847168,110.00599670410156,98.41000366210938,88.93900299072266,174.2729949951172,0.8945299983024597,0.5646929740905762,1.1055999994277954,0.808430016040802,0.5102800130844116,0.6311600208282471
2025-01-08,1.034554123878479,1.247785210609436,158.23599243164062,0.9094499945640564,1.4364099502563477,0.6234919428825378,0.5635485649108887,163.66900634765625,0.8289600014686584,0.9406800270080566,1.4857499599456787,1.658959984779358,1.8354300260543823,197.39999389648438,1.1346900463104248,1.7922099828720093,2.0011301040649414,2.2139599323272705,110.14800262451172,98.64800262451172,89.15599822998047,173.97500610351562,0.8955199718475342,0.5669800043106079,1.1062999963760376,0.8087999820709229,0.5120999813079834,0.6330500245094299
2025-01-09,1.0314701795578003,1.2359870672225952,158.19200134277344,0.9109500050544739,1.4377000331878662,0.6211604475975037,0.5605400204658508,163.16200256347656,0.8344799876213074,0.9395700097084045,1.48294997215271,1.6605099439620972,1.8399800062179565,195.51300048828125,1.1258599758148193,1.7770099639892578,1.9896800518035889,2.2047300338745117,110.01300048828125,98.25199890136719,88.66300201416016,173.63900756835938,0.893097996711731,0.5658249855041504,1.1080600023269653,0.8058500289916992,0.5105500221252441,0.6334900259971619
2025-01-10,1.0297601222991943,1.2299367189407349,158.04800415039062,0.9120699763298035,1.4401600360870361,0.6189700961112976,0.5593501329421997,162.7480010986328,0.8371599912643433,0.9391499757766724,1.4827699661254883,1.6634000539779663,1.8401000499725342,194.3800048828125,1.1217000484466553,1.7710700035095215,1.986930012702942,2.198669910430908,109.73999786376953,97.822998046875,88.39099884033203,173.28343200683594,0.8913300037384033,0.5645300149917603,1.1065499782562256,0.8051000237464905,0.5100799798965454,0.6332799792289734
2025-01-13,1.0244431495666504,1.2204945087432861,157.88699340820312,0.9167699813842773,1.4414900541305542,0.6154982447624207,0.5564799308776855,161.73699951171875,0.8393099904060364,0.9391199946403503,1.4766299724578857,1.664289951324463,1.8408199548721313,192.6840057373047,1.1188100576400757,1.7591899633407593,1.982740044593811,2.1930201053619385,109.5199966430664,97.1709976196289,87.84600067138672,172.20399475097656,0.8871600031852722,0.5642200112342834,1.1059950590133667,0.8020910024642944,0.5100600123405457,0.6359099745750427
2025-01-14,1.0265253782272339,1.2233314514160156,157.36399841308594,0.9157800078392029,1.4362800121307373,0.6192100048065186,0.5604187846183777,161.5290069580078,0.8390799760818481,0.9399799704551697,1.4742799997329712,1.6576000452041626,1.8317099809646606,192.49400329589844,1.1202399730682373,1.7568600177764893,1.9754999876022339,2.182729959487915,109.56199645996094,97.43499755859375,88.1729965209961,171.81500244140625,0.8893110156059265,0.56706702709198,1.1048879623413086,0.804751992225647,0.5130900144577026,0.6375499963760376
2025-01-15,1.0306835174560547,1.221344232559204,158.0500030517578,0.9124600291252136,1.4351500272750854,0.619160532951355,0.5602993965148926,162.88299560546875,0.8439099788665771,0.9403899908065796,1.4790600538253784,1.6645100116729736,1.8393700122833252,192.97799682617188,1.1141200065612793,1.7522200345993042,1.9720699787139893,2.1791698932647705,110.11699676513672,97.84300231933594,88.53900146484375,173.1929931640625,0.8884919881820679,0.5648900270462036,1.10493004322052,0.8039799928665161,0.5109000205993652,0.6357300281524658
2025-01-16,1.0295268297195435,1.2243348360061646,156.2550048828125,0.91211998462677,1.4326200485229492,0.6235401034355164,0.562828540802002,160.85899353027344,0.8408499956130981,0.9390000104904175,1.47475004196167,1.6510299444198608,1.829110026359558,191.28799438476562,1.1166199445724487,1.753600001335144,1.9633599519729614,2.1751201152801514,109.06500244140625,97.4280014038086,87.93099975585938,171.28700256347656,0.8932300209999084,0.5687299966812134,1.1078599691390991,0.8061689734458923,0.5132499933242798,0.6366199851036072
2025-01-17,1.0301949977874756,1.2236906290054321,155.3560028076172,0.9111700057983398,1.439579963684082,0.6210300922393799,0.5608084797859192,160.03500366210938,0.8418999910354614,0.9386600255966187,1.4830199480056763,1.658750057220459,1.8368899822235107,190.0780029296875,1.1147899627685547,1.761299967765808,1.970080018043518,2.1816999912261963,107.91000366210938,96.47000122070312,87.10700225830078,170.4888458251953,0.8939499855041504,0.5658739805221558,1.1073659658432007,0.8071789741516113,0.5108699798583984,0.6328700184822083
2025-01-20,1.0277386903762817,1.2171002626419067,156.30599975585938,0.9146000146865845,1.4474300146102905,0.6195403337478638,0.5587310194969177,160.63900756835938,0.8443899750709534,0.9399600028991699,1.4875500202178955,1.658810019493103,1.839359998703003,190.22900390625,1.1130900382995605,1.761579990386963,1.964400053024292,2.178179979324341,107.97799682617188,96.8280029296875,87.31800079345703,170.88523864746094,0.8966500163078308,0.566569983959198,1.1087499856948853,0.8085899949073792,0.5109099745750427,0.6317999958992004
2025-01-21,1.0420682430267334,1.233136773109436,155.24899291992188,0.906059980392456,1.4302599430084229,0.6281000375747681,0.5681785941123962,161.77099609375,0.8449599742889404,0.9441400170326233,1.490280032157898,1.6589200496673584,1.8339600563049316,191.4250030517578,1.1172000169754028,1.7634899616241455,1.9631099700927734,2.17002010345459,108.53600311279297,97.50199890136719,88.19000244140625,171.32200622558594,0.8982300162315369,0.569104015827179,1.1054199934005737,0.8124399781227112,0.5146899819374084,0.633430004119873
2025-01-22,1.0405935049057007,1.2335399389266968,155.7740020751953,0.9067100286483765,1.4342700242996216,0.6262015104293823,0.5660911202430725,162.08799743652344,0.843529999256134,0.9434400200843811,1.4924099445343018,1.6617399454116821,1.838170051574707,192.13999938964844,1.118299961090088,1.7690500020980835,1.9697200059890747,2.178839921951294,108.60199737548828,97.52799987792969,88.16100311279297,171.78207397460938,0.897599995136261,0.5676699876785278,1.1060600280761719,0.8117499947547913,0.5131300091743469,0.6320499777793884
2025-01-23,1.0410159826278687,1.231420874595642,156.44000244140625,0.9063100218772888,1.4393600225448608,0.6275002360343933,0.5663604140281677,162.8209991455078,0.8452100157737732,0.9432899951934814,1.4980800151824951,1.6591299772262573,1.8376599550247192,192.6199951171875,1.1159800291061401,1.7723699808120728,1.96288001537323,2.174139976501465,108.69000244140625,98.1259994506836,88.58300018310547,172.58831787109375,0.9028699994087219,0.5685349702835083,1.1075420379638672,0.815060019493103,0.5132099986076355,0.6295999884605408
2025-01-24,1.041601538658142,1.2353914976119995,156.15499877929688,0.9074900150299072,1.4378399848937988,0.6283262372016907,0.5675497651100159,162.6320037841797,0.8431599736213684,0.9451799988746643,1.497499942779541,1.6576900482177734,1.8351800441741943,192.87606811523438,1.1209299564361572,1.7760100364685059,1.9658700227737427,2.1763501167297363,108.5999984741211,98.1020278930664,88.60700225830078,172.04600524902344,0.9032629728317261,0.570152997970581,1.1069600582122803,0.8158000111579895,0.5148900151252747,0.6310799717903137
2025-01-27,1.0467586517333984,1.2459352016448975,155.74400329589844,0.9068400263786316,1.4385099411010742,0.6292909979820251,0.5692297220230103,163.01800537109375,0.8401299715042114,0.9492200016975403,1.5056899785995483,1.6633100509643555,1.8388099670410156,194.0279998779297,1.129729986190796,1.792099952697754,1.9796199798583984,2.188469886779785,108.25499725341797,97.99400329589844,88.6449966430664,171.72720336914062,0.9051100015640259,0.570580005645752,1.1054160594940186,0.8187100291252136,0.5161200165748596,0.6303099989891052
2025-01-28,1.0445064306259155,1.2460592985153198,154.90899658203125,0.904009997844696,1.4400999546051025,0.6263799667358398,0.5668194890022278,161.78900146484375,0.8381900191307068,0.9442200064659119,1.5040600299835205,1.66743004322052,1.8426300287246704,193.0070037841797,1.1263600587844849,1.7941700220108032,1.9891999959945679,2.1981101036071777,107.5469970703125,97.02300262451172,87.78700256347656,171.3260040283203,0.9019659757614136,0.5662670135498047,1.1051299571990967,0.8161020278930664,0.5122799873352051,0.6276599764823914
2025-01-29,1.0429050922393799,1.2441680431365967,155.5590057373047,0.9041299819946289,1.4399900436401367,0.6254573464393616,0.566559374332428,162.229248046875,0.8382200002670288,0.9428799748420715,1.5017399787902832,1.6674200296401978,1.8406800031661987,193.5019989013672,1.124690055847168,1.7912499904632568,1.9891599416732788,2.195590019226074,108.02400207519531,97.26699829101562,88.11199951171875,172.03199768066406,0.9004700183868408,0.5653799772262573,1.1037739515304565,0.8156399726867676,0.5120999813079834,0.6277899742126465
2025-01-30,1.0425245761871338,1.245530128479004,155.1699981689453,0.9062700271606445,1.4399000406265259,0.6239782571792603,0.5665208697319031,161.75900268554688,0.8369500041007996,0.9447699785232544,1.5010199546813965,1.670639991760254,1.8401199579238892,193.25799560546875,1.1287200450897217,1.7933299541473389,1.995959997177124,2.198390007019043,107.75399780273438,96.81300354003906,87.88500213623047,171.185791015625,0.8983799815177917,0.5654399991035461,1.1013489961624146,0.8156300187110901,0.513260006904602,0.6293100118637085
2025-01-31,1.0397279262542725,1.2423903942108154,154.0970001220703,0.9093689918518066,1.4493000507354736,0.6215001940727234,0.5636406540870667,160.20700073242188,0.8368200063705444,0.945609986782074,1.5067600011825562,1.6727999448776245,1.8445500135421753,191.4250030517578,1.1298500299453735,1.800379991531372,1.9987499713897705,2.2039198875427246,106.31500244140625,95.76100158691406,86.83200073242188,169.39480590820312,0.9006500244140625,0.5652199983596802,1.102579951286316,0.8166700005531311,0.5124899744987488,0.6274799704551697
2025-02-03,1.024779200553894,1.2291958332061768,155.36300659179688,0.9152299761772156,1.4716999530792236,0.614420473575592,0.5569603443145752,159.19700622558594,0.8336399793624878,0.9377800226211548,1.5080100297927856,1.6677000522613525,1.839769959449768,190.94700622558594,1.1247700452804565,1.808769941329956,2.000190019607544,2.206439971923828,105.5510025024414,95.44200134277344,86.51200103759766,169.73300170898438,0.9041309952735901,0.5622439980506897,1.1030319929122925,0.8195279836654663,0.5096399784088135,0.621749997138977
2025-02-04,1.0327378511428833,1.2431780099868774,155.27699279785156,0.9116100072860718,1.4417999982833862,0.6217397451400757,0.5626797080039978,160.3509979248047,0.8306599855422974,0.9413899779319763,1.488919973373413,1.6608699560165405,1.8351399898529053,193.0240020751953,1.1331900358200073,1.7923200130462646,1.9992899894714355,2.2091400623321533,107.68499755859375,96.53800201416016,87.35099792480469,170.31500244140625,0.8964909911155701,0.5667499899864197,1.1049100160598755,0.8108000159263611,0.5127999782562256,0.6321499943733215
2025-02-05,1.0372798442840576,1.2478163242340088,154.13299560546875,0.905239999294281,1.43340003490448,0.6251093745231628,0.5648409128189087,159.86300659179688,0.8312900066375732,0.9389399886131287,1.486739993095398,1.659250020980835,1.8362900018692017,192.2949981689453,1.1294200420379639,1.7883700132369995,1.995859980583191,2.2088100910186768,107.51399993896484,96.33300018310547,87.04399871826172,170.22500610351562,0.8959410190582275,0.5658000111579895,1.1066310405731201,0.8090999722480774,0.5111600160598755,0.6314700245857239
2025-02-06,1.0400848388671875,1.2504063844680786,152.6060028076172,0.9013299942016602,1.4315299987792969,0.6285473704338074,0.5689285397529602,158.71299743652344,0.8317599892616272,0.9374200105667114,1.4888399839401245,1.6547900438308716,1.828029990196228,190.8000030517578,1.1269500255584717,1.7898499965667725,1.9893300533294678,2.197659969329834,106.59100341796875,95.90286254882812,86.7979965209961,169.28799438476562,0.8996000289916992,0.5664100050926208,1.1046110391616821,0.8142300248146057,0.5126199722290039,0.6295199990272522
2025-02-07,1.0385725498199463,1.2437502145767212,151.1929931640625,0.9050999879837036,1.430609941482544,0.6281801462173462,0.5674885511398315,157.01699829101562,0.835070013999939,0.9399300217628479,1.4856699705123901,1.6531599760055542,1.829990029335022,188.01300048828125,1.125499963760376,1.7787729501724243,1.9795700311660767,2.191459894180298,105.6719970703125,94.96600341796875,85.77799987792969,167.02780151367188,0.8985900282859802,0.5684999823570251,1.1068700551986694,0.8116700053215027,0.5134699940681458,0.6325600147247314
2025-02-10,1.0311616659164429,1.2391574382781982,151.8459930419922,0.9107400178909302,1.4331799745559692,0.6258898973464966,0.5647388100624084,156.56900024414062,0.832099974155426,0.939079999923706,1.4777599573135376,1.647420048713684,1.8258299827575684,188.14599609375,1.1284600496292114,1.775820016860962,1.9796799421310425,2.1940300464630127,105.93599700927734,95.02899932861328,85.73100280761719,166.70399475097656,0.8969299793243408,0.5699700117111206,1.1082099676132202,0.809149980545044,0.5141800045967102,0.6353600025177002
2025-02-11,1.0301525592803955,1.2360633611679077,151.75900268554688,0.911329984664917,1.4336600303649902,0.6271283030509949,0.5635008811950684,156.32699584960938,0.8334299921989441,0.938730001449585,1.4767600297927856,1.6427700519561768,1.8280999660491943,187.55099487304688,1.1262400150299072,1.771720051765442,1.970900058746338,2.1933400630950928,105.84600067138672,95.15299987792969,85.5009994506836,166.51312255859375,0.8987879753112793,0.5714139938354492,1.1126799583435059,0.8076099753379822,0.5133600234985352,0.6355599761009216
2025-02-12,1.0364949703216553,1.245159387588501,152.73899841308594,0.9129899740219116,1.4285099506378174,0.629830002784729,0.565930962562561,158.29800415039062,0.8323400020599365,0.9462299942970276,1.48048996925354,1.645509958267212,1.8313000202178955,190.1750030517578,1.1367700099945068,1.7786500453948975,1.9769400358200073,2.200079917907715,106.91000366210938,96.18699645996094,86.41899871826172,167.27099609375,0.8996430039405823,0.5749599933624268,1.1128100156784058,0.8082299828529358,0.5165299773216248,0.6390299797058105
2025-02-13,1.039198637008667,1.2450664043426514,154.2550048828125,0.9133999943733215,1.4300700426101685,0.6282985806465149,0.5641399025917053,160.28799438476562,0.8346099853515625,0.9491199851036072,1.4859600067138672,1.6542099714279175,1.8419300317764282,192.03599548339844,1.1370899677276611,1.7802200317382812,1.981760025024414,2.2066500186920166,107.85900115966797,96.88600158691406,86.99800109863281,168.8560028076172,0.8981900215148926,0.5736899971961975,1.1133999824523926,0.8065199851989746,0.5151299834251404,0.6386399865150452
2025-02-14,1.0461673736572266,1.2563445568084717,152.98899841308594,0.903249979019165,1.4192099571228027,0.6316919922828674,0.5680010914802551,160.03799438476562,0.8326299786567688,0.9448999762535095,1.4845900535583496,1.6559799909591675,1.8416999578475952,192.19700622558594,1.1347299814224243,1.7829400300979614,1.9887499809265137,2.211750030517578,107.78700256347656,96.63099670410156,86.875,169.35400390625,0.8964099884033203,0.5705490112304688,1.111956000328064,0.8059300184249878,0.5128800272941589,0.6363499760627747
2025-02-17,1.0489217042922974,1.2584155797958374,152.0229949951172,0.8998299837112427,1.4184000492095947,0.6356511116027832,0.5732991695404053,159.45399475097656,0.8335000276565552,0.9438300132751465,1.4877300262451172,1.650089979171753,1.8295799493789673,191.29600524902344,1.132290005683899,1.7848399877548218,1.9796099662780762,2.1949000358581543,107.16999816894531,96.62000274658203,87.13200378417969,168.9219970703125,0.9014899730682373,0.57191002368927,1.1086599826812744,0.8129600286483765,0.515720009803772,0.6343299746513367
2025-02-18,1.048536777496338,1.262148141860962,151.44400024414062,0.9007200002670288,1.4184999465942383,0.6356107592582703,0.5732301473617554,158.7790069580078,0.8306900262832642,0.9443699717521667,1.4872100353240967,1.6495000123977661,1.8289300203323364,191.125,1.1366000175476074,1.790220022201538,1.9854999780654907,2.2014999389648438,106.7509994506836,96.24600219726562,86.79000091552734,168.11399841308594,0.9015100002288818,0.5720999836921692,1.1087180376052856,0.8129199743270874,0.5161899924278259,0.63441002368927
2025-02-19,1.044833779335022,1.2625784873962402,151.93099975585938,0.9035999774932861,1.4189200401306152,0.6353119015693665,0.5705190300941467,158.73599243164062,0.8275200128555298,0.9440600275993347,1.482300043106079,1.6445200443267822,1.8313499689102173,191.8159942626953,1.140779972076416,1.7913199663162231,1.9871799945831299,2.212860107421875,107.07099914550781,96.51399993896484,86.6510009765625,168.12039184570312,0.9010000228881836,0.5740000009536743,1.1134560108184814,0.8093119859695435,0.5153300166130066,0.6367400288581848
2025-02-20,1.0421009063720703,1.2584155797958374,151.22000122070312,0.9045600295066833,1.4240399599075317,0.6341274976730347,0.5701189637184143,157.58099365234375,0.8281499743461609,0.9425299763679504,1.4836699962615967,1.643380045890808,1.827720046043396,190.26600646972656,1.1380900144577026,1.7914299964904785,1.984279990196228,2.207159996032715,106.19599914550781,95.87699890136719,86.1989974975586,167.15725708007812,0.9027330279350281,0.573531985282898,1.112089991569519,0.8115299940109253,0.5155699849128723,0.6347000002861023
2025-02-21,1.0500562191009521,1.2670401334762573,149.4080047607422,0.8980600237846375,1.4176000356674194,0.6404098868370056,0.5764286518096924,156.87899780273438,0.8287000060081482,0.9429900050163269,1.488319993019104,1.640030026435852,1.8215899467468262,189.27000427246094,1.1378200054168701,1.7958699464797974,1.978600025177002,2.197000026702881,105.3949966430664,95.64800262451172,86.10099792480469,166.33604431152344,0.9071000218391418,0.5749300122261047,1.110640048980713,0.8165000081062317,0.517520010471344,0.6334800124168396
2025-02-24,1.0474823713302612,1.2649900913238525,149.38699340820312,0.8984500169754028,1.4211599826812744,0.6370319724082947,0.5751191973686218,156.468994140625,0.828000009059906,0.9410600066184998,1.488510012626648,1.6442099809646606,1.8212300539016724,188.96600341796875,1.1364799737930298,1.7976800203323364,1.9856699705123901,2.199389934539795,105.10800170898438,95.1520004272461,85.89199829101562,166.24899291992188,0.9052000045776367,0.5722699761390686,1.107550024986267,0.8171300292015076,0.5165600180625916,0.6321200132369995
2025-02-25,1.0461344718933105,1.261781930923462,149.86399841308594,0.8973000049591064,1.4276000261306763,0.6338099837303162,0.5726589560508728,156.76400756835938,0.8290200233459473,0.9386900067329407,1.493399977684021,1.6504499912261963,1.8266299962997437,189.07000732421875,1.1321799755096436,1.8012700080871582,1.9906799793243408,2.202500104904175,104.96099853515625,94.9729995727539,85.79900360107422,166.9810028076172,0.9047880172729492,0.5687549710273743,1.1066969633102417,0.8173789978027344,0.5137400031089783,0.6284599900245667
2025-02-26,1.0524100065231323,1.2674431800842285,149.0780029296875,0.8924000263214111,1.4300700426101685,0.6352877020835876,0.5731086134910583,156.83999633789062,0.8301200270652771,0.9388499855995178,1.504480004310608,1.6561700105667114,1.8356800079345703,188.9250030517578,1.1308799982070923,1.8122400045394897,1.9950000047683716,2.2112998962402344,104.24199676513672,94.68000030517578,85.41999816894531,167.0386962890625,0.9082900285720825,0.5667999982833862,1.1082700490951538,0.819379985332489,0.5113199949264526,0.623960018157959
2025-02-27,1.0488777160644531,1.2682307958602905,148.83799743652344,0.8942999839782715,1.4335999488830566,0.6310780644416809,0.5699889063835144,156.10400390625,0.8270099759101868,0.9380099773406982,1.5037100315093994,1.6619499921798706,1.8401299715042114,188.74099731445312,1.1340999603271484,1.8181099891662598,2.0092999935150146,2.224790096282959,103.80000305175781,93.91600036621094,84.81199645996094,166.40199279785156,0.9047290086746216,0.5643200278282166,1.1070799827575684,0.8169900178909302,0.5096099972724915,0.6236900091171265
2025-02-28,1.039511799812317,1.259890079498291,150.01199340820312,0.8999199867248535,1.444350004196167,0.623219907283783,0.5627208352088928,155.92799377441406,0.8250200152397156,0.9354199767112732,1.5012799501419067,1.6678500175476074,1.8471800088882446,188.98699951171875,1.13372004032135,1.819599986076355,2.021440029144287,2.238759994506836,103.85399627685547,93.47799682617188,84.39099884033203,166.67100524902344,0.9000419974327087,0.5608109831809998,1.1074219942092896,0.8125609755516052,0.5062400102615356,0.6230000257492065
2025-03-03,1.0413846969604492,1.260398268699646,150.77099609375,0.9025700092315674,1.444100022315979,0.6220685243606567,0.560519278049469,156.9969940185547,0.826170027256012,0.9398599863052368,1.5037399530410767,1.6739200353622437,1.857759952545166,190.0189971923828,1.1375199556350708,1.8200299739837646,2.0259900093078613,2.2484700679779053,104.39700317382812,93.77999877929688,84.48799896240234,167.0240020751953,0.8982579708099365,0.5614100098609924,1.1097400188446045,0.8092399835586548,0.5057600140571594,0.6249399781227112
2025-03-04,1.0485037565231323,1.270147681236267,149.30499267578125,0.8966000080108643,1.4490000009536743,0.6215812563896179,0.5613404512405396,156.53399658203125,0.8254299759864807,0.9402099847793579,1.5193400382995605,1.6866999864578247,1.8677300214767456,189.62399291992188,1.138949990272522,1.8405400514602661,2.0429999828338623,2.26200008392334,103.01699829101562,92.7699966430664,83.7699966430664,166.46800231933594,0.9006500244140625,0.5568000078201294,1.1072100400924683,0.8127999901771545,0.503250002861023,0.6187400221824646
2025-03-05,1.062699317932129,1.2794268131256104,149.7989959716797,0.8896399736404419,1.439710021018982,0.6269985437393188,0.5661584734916687,159.14100646972656,0.8304200172424316,0.9451299905776978,1.5294899940490723,1.694700002670288,1.8764599561691284,191.62899780273438,1.1380599737167358,1.8417500257492065,2.040800094604492,2.2594900131225586,104.03600311279297,93.88899993896484,84.78800201416016,168.36000061035156,0.9023600220680237,0.5576000213623047,1.1071139574050903,0.8149189949035645,0.5035300254821777,0.6178399920463562
2025-03-06,1.0794938802719116,1.2891913652420044,148.8979949951172,0.89069002866745,1.433859944343567,0.6338099837303162,0.5729608535766602,160.7209930419922,0.8372899889945984,0.961430013179779,1.5477099418640137,1.7030999660491943,1.8839399814605713,191.93099975585938,1.1480900049209595,1.8482799530029297,2.033780097961426,2.2497200965881348,103.83399963378906,94.35800170898438,85.28900146484375,167.1490020751953,0.9086800217628479,0.5644599795341492,1.1060999631881714,0.8213199973106384,0.5101699829101562,0.6211100220680237
2025-03-07,1.0787951946258545,1.2885303497314453,148.10800170898438,0.8833199739456177,1.429110050201416,0.6332280039787292,0.5736609101295471,159.75900268554688,0.837119996547699,0.9528200030326843,1.5415199995040894,1.7034300565719604,1.8803399801254272,190.8300018310547,1.1381100416183472,1.8413499593734741,2.034709930419922,2.245990037918091,103.625,93.77400207519531,84.94200134277344,167.64987182617188,0.9048399925231934,0.5592700242996216,1.1037490367889404,0.8196399807929993,0.5065799951553345,0.6179999709129333
2025-03-10,1.086059331893921,1.2932428121566772,147.60800170898438,0.8773400187492371,1.437019944190979,0.6303898096084595,0.5710598230361938,160.30299377441406,0.8397499918937683,0.9528200030326843,1.560610055923462,1.722749948501587,1.9017599821090698,190.88299560546875,1.134559988975525,1.8583300113677979,2.051379919052124,2.2644999027252197,102.70800018310547,93.04100036621094,84.27100372314453,168.21600341796875,0.9057899713516235,0.553056001663208,1.1038199663162231,0.8204100131988525,0.5008599758148193,0.6104400157928467
2025-03-11,1.0839403867721558,1.2875481843948364,147.06900024414062,0.8799800276756287,1.4428900480270386,0.6279513835906982,0.5695084929466248,159.39999389648438,0.8417900204658508,0.9537799954414368,1.5638400316238403,1.7259999513626099,1.9031399488449097,189.34300231933594,1.1329200267791748,1.857640027999878,2.0502700805664062,2.2606399059295654,101.91999816894531,92.33799743652344,83.73500061035156,167.10400390625,0.9059299826622009,0.5525100231170654,1.1016000509262085,0.8215299844741821,0.501010000705719,0.6098099946975708
2025-03-12,1.0914170742034912,1.294481635093689,148.04200744628906,0.8834400177001953,1.4432400465011597,0.6295286417007446,0.5712099075317383,161.56399536132812,0.8430699706077576,0.964139997959137,1.5750600099563599,1.7335699796676636,1.9105700254440308,191.62600708007812,1.1435199975967407,1.8681600093841553,2.0561299324035645,2.2660601139068604,102.56600189208984,93.18699645996094,84.54199981689453,167.5486297607422,0.9084799885749817,0.5560899972915649,1.1020280122756958,0.8242080211639404,0.5041000247001648,0.612030029296875
2025-03-13,1.0886249542236328,1.2964283227920532,148.2790069580078,0.8817700147628784,1.436169981956482,0.6327592134475708,0.5737004280090332,161.40699768066406,0.8396499752998352,0.959850013256073,1.5633200407028198,1.7202999591827393,1.8974299430847168,192.218994140625,1.1430699825286865,1.8617600202560425,2.0487000942230225,2.259510040283203,103.23799896240234,93.81099700927734,85.0459976196289,168.13693237304688,0.9086549878120422,0.5578699707984924,1.1028499603271484,0.8237299919128418,0.5057399868965149,0.6139100193977356
2025-03-14,1.085564136505127,1.2958402633666992,147.94900512695312,0.8826199769973755,1.442579984664917,0.6287410259246826,0.5703107714653015,160.59800720214844,0.8377299904823303,0.9580600261688232,1.5658899545669556,1.72639000415802,1.9033499956130981,191.6909942626953,1.1435600519180298,1.8690799474716187,2.060699939727783,2.2718100547790527,102.5510025024414,93.01200103759766,84.3550033569336,167.6041259765625,0.9069100022315979,0.5548800230026245,1.1023839712142944,0.822517991065979,0.5032200217247009,0.61176997423172
2025-03-17,1.0881274938583374,1.2930588722229004,148.59800720214844,0.884090006351471,1.4369200468063354,0.6326191425323486,0.5752515196800232,161.67999267578125,0.8414499759674072,0.9619500041007996,1.5634299516677856,1.7198799848556519,1.8913500308990479,192.12899780273438,1.143090009689331,1.8578799962997437,2.043800115585327,2.247620105743408,103.40599822998047,93.99800109863281,85.45800018310547,168.05421447753906,0.9089599847793579,0.559249997138977,1.0996739864349365,0.8263909816741943,0.508430004119873,0.6151999831199646
2025-03-18,1.091917634010315,1.2985326051712036,149.37899780273438,0.881201982498169,1.4295099973678589,0.638198733329773,0.5824688673019409,163.09500122070312,0.8408100008964539,0.9621800184249878,1.5607600212097168,1.7107199430465698,1.8744900226593018,193.96400451660156,1.1442400217056274,1.8561999797821045,2.0345799922943115,2.2292399406433105,104.48500061035156,95.31999969482422,86.98600006103516,169.48500061035156,0.9122620224952698,0.5623599886894226,1.0956089496612549,0.8324639797210693,0.5131499767303467,0.616379976272583
2025-03-19,1.093948245048523,1.3000519275665283,149.45199584960938,0.8767449855804443,1.4299499988555908,0.6361202001571655,0.5818588137626648,163.4759979248047,0.8414199948310852,0.9589800238609314,1.564170002937317,1.719539999961853,1.8799799680709839,194.27699279785156,1.1396700143814087,1.8585000038146973,2.0435900688171387,2.2341599464416504,104.5009994506836,95.06199645996094,86.93099975585938,170.44500732421875,0.9095100164413452,0.557682991027832,1.0931600332260132,0.8318300247192383,0.5099700093269348,0.6129900217056274
2025-03-20,1.0911908149719238,1.3010668754577637,148.49000549316406,0.8763999938964844,1.4319000244140625,0.6364116668701172,0.582160234451294,162.0,0.8386099934577942,0.9563999772071838,1.5623799562454224,1.7144999504089355,1.8734999895095825,193.18299865722656,1.1401000022888184,1.8629300594329834,2.044290065765381,2.234790086746216,103.69000244140625,94.48500061035156,86.4209976196289,169.37777709960938,0.9111869931221008,0.5577499866485596,1.0930700302124023,0.8333899974822998,0.5098000168800354,0.612060010433197
2025-03-21,1.0856702327728271,1.2967981100082397,148.5959930419922,0.8813769817352295,1.4322700500488281,0.6303898096084595,0.5761895179748535,161.322998046875,0.8371700048446655,0.9569299817085266,1.554919958114624,1.7221599817276,1.884179949760437,192.68699645996094,1.1429500579833984,1.8572399616241455,2.0569698810577393,2.2504498958587646,103.73899841308594,93.66500091552734,85.5989990234375,168.56793212890625,0.9028000235557556,0.5555999875068665,1.093999981880188,0.8250499963760376,0.5077300071716309,0.6153200268745422
2025-03-24,1.0835762023925781,1.2924572229385376,149.677001953125,0.8829200267791748,1.43326997756958,0.6288319230079651,0.574540913105011,162.1750030517578,0.8383299708366394,0.9566699862480164,1.5529099702835083,1.7230499982833862,1.8858799934387207,193.44200134277344,1.1410900354385376,1.852329969406128,2.0552399158477783,2.2494399547576904,104.4229965209961,94.10900115966797,85.97200012207031,169.489501953125,0.9011499881744385,0.5551400184631348,1.0943900346755981,0.8232499957084656,0.5071200132369995,0.6159600019454956
2025-03-25,1.0803569555282593,1.2924238443374634,150.7740020751953,0.8826900124549866,1.4316099882125854,0.6285908222198486,0.5726786255836487,162.88400268554688,0.8358700275421143,0.9535899758338928,1.5465699434280396,1.7186100482940674,1.8864200115203857,194.85000610351562,1.140720009803772,1.8500800132751465,2.055910110473633,2.25570011138916,105.31199645996094,94.76200103759766,86.3280029296875,170.7900390625,0.8997960090637207,0.5547800064086914,1.0975099802017212,0.8196399807929993,0.5053499937057495,0.6165099740028381
2025-03-26,1.0787487030029297,1.2943308353424072,149.9499969482422,0.8826500177383423,1.427299976348877,0.6309000849723816,0.573309063911438,161.74600219726562,0.8332599997520447,0.9520999789237976,1.5392999649047852,1.7100000381469727,1.881500005722046,194.0800018310547,1.1425199508666992,1.8475799560546875,2.0524399280548096,2.257780075073242,105.0459976196289,94.55899810791016,85.94999694824219,169.86399841308594,0.9000800251960754,0.5566099882125854,1.0999799966812134,0.8180999755859375,0.5058799982070923,0.6183099746704102
2025-03-27,1.0742061138153076,1.2877637147903442,150.47300720214844,0.8841599822044373,1.4294999837875366,0.6287015080451965,0.5718991756439209,161.6199951171875,0.8341000080108643,0.949720025062561,1.5354599952697754,1.708490014076233,1.8782000541687012,193.76400756835938,1.1385400295257568,1.840790033340454,2.0482099056243896,2.251620054244995,105.25399780273438,94.58799743652344,86.01000213623047,170.1649932861328,0.8986179828643799,0.5557900071144104,1.0992259979248047,0.8173199892044067,0.5055000185966492,0.6184399724006653
2025-03-28,1.080100178718567,1.295202612876892,150.8470001220703,0.8813999891281128,1.4307500123977661,0.6301594376564026,0.5736411809921265,162.91000366210938,0.833899974822998,0.9521099925041199,1.5452899932861328,1.7139500379562378,1.8828500509262085,195.36099243164062,1.1416499614715576,1.852970004081726,2.055219888687134,2.2577099800109863,105.42400360107422,95.04399871826172,86.50900268554688,171.0989990234375,0.9010000228881836,0.5554199814796448,1.0984100103378296,0.8205350041389465,0.5055299997329712,0.6160600185394287
2025-03-31,1.082391619682312,1.2938284873962402,149.61700439453125,0.8808500170707703,1.4309099912643433,0.6282907128334045,0.570711076259613,161.93800354003906,0.8365499973297119,0.9534000158309937,1.5487500429153442,1.7226899862289429,1.8964799642562866,193.56500244140625,1.1395800113677979,1.8512799739837646,2.0592100620269775,2.266400098800659,104.54900360107422,93.99299621582031,85.36299896240234,169.83273315429688,0.8989740014076233,0.5533699989318848,1.100100040435791,0.816100001335144,0.5023999810218811,0.6154999732971191
2025-04-01,1.0818880796432495,1.292089819908142,149.91299438476562,0.8838199973106384,1.4390699863433838,0.6241885423660278,0.5670509338378906,162.177001953125,0.8372600078582764,0.9561100006103516,1.5566999912261963,1.733199954032898,1.9078099727630615,193.68800354003906,1.1418700218200684,1.8592900037765503,2.0703001022338867,2.2785000801086426,104.16600036621094,93.5459976196289,84.98600006103516,169.6009979248047,0.8979799747467041,0.5515469908714294,1.1004899740219116,0.8158119916915894,0.501010000705719,0.614139974117279
2025-04-02,1.0795987844467163,1.292306900024414,149.7830047607422,0.883400022983551,1.4292099475860596,0.6289584636688232,0.571389377117157,161.6909942626953,0.8353300094604492,0.9539399743080139,1.5428199768066406,1.7163100242614746,1.8892799615859985,193.55599975585938,1.1419099569320679,1.8468799591064453,2.054569959640503,2.2616000175476074,104.79399871826172,94.19999694824219,85.56199645996094,169.47637939453125,0.8988500237464905,0.5557500123977661,1.1007009744644165,0.8164299726486206,0.5047699809074402,0.6182299852371216
2025-04-03,1.090869426727295,1.3046314716339111,147.8719940185547,0.8767899870872498,1.4216500520706177,0.6264698505401611,0.5727606415748596,161.24200439453125,0.8357999920845032,0.956089973449707,1.5501699447631836,1.7405099868774414,1.9038100242614746,192.9029998779297,1.1438000202178955,1.854580044746399,2.0822999477386475,2.277630090713501,104.00700378417969,92.62100219726562,84.6729965209961,168.61399841308594,0.8904899954795837,0.5492470264434814,1.0936299562454224,0.8140659928321838,0.502020001411438,0.6166800260543823
2025-04-04,1.1043744087219238,1.308866262435913,146.2310028076172,0.8592100143432617,1.4081000089645386,0.6323510408401489,0.5786601901054382,161.4810028076172,0.8436999917030334,0.9488300085067749,1.5551799535751343,1.7463899850845337,1.9083900451660156,191.3820037841797,1.1245100498199463,1.8431099653244019,2.0697100162506104,2.2617499828338623,103.8270034790039,92.45500183105469,84.59500122070312,170.1683807373047,0.8903999924659729,0.5432829856872559,1.0926899909973145,0.8147100210189819,0.4970400035381317,0.610040009021759
2025-04-07,1.098454475402832,1.2910722494125366,145.43299865722656,0.851610004901886,1.4241100549697876,0.5987701416015625,0.5541394352912903,159.72999572753906,0.8507500290870667,0.9353500008583069,1.5641100406646729,1.8143999576568604,1.9818899631500244,187.7429962158203,1.0993499755859375,1.8383400440216064,2.1559898853302,2.329590082168579,102.10800170898438,87.05400085449219,82.25180053710938,170.73374938964844,0.852524995803833,0.5098199844360352,1.0803370475769043,0.7889329791069031,0.4717999994754791,0.5978800058364868
2025-04-08,1.0915361642837524,1.2734960317611694,147.78900146484375,0.8597099781036377,1.4237799644470215,0.5997613072395325,0.553709864616394,161.31100463867188,0.8571500182151794,0.9383500218391418,1.554010033607483,1.8198000192642212,1.9712200164794922,188.18499755859375,1.0946500301361084,1.8129199743270874,2.1229898929595947,2.2996199131011963,103.78199768066406,88.62899780273438,81.81199645996094,171.88299560546875,0.8538399934768677,0.5155500173568726,1.0830570459365845,0.7881699800491333,0.475849986076355,0.6036900281906128
2025-04-09,1.0980443954467773,1.2790995836257935,145.84500122070312,0.8456599712371826,1.4253000020980835,0.595528781414032,0.5518489480018616,160.13999938964844,0.8585000038146973,0.9285500049591064,1.5649499893188477,1.8436800241470337,1.9896700382232666,186.51499938964844,1.0814599990844727,1.8227200508117676,2.14736008644104,2.3173201084136963,102.31800079345703,86.84100341796875,80.45700073242188,172.43260192871094,0.8486800193786621,0.5035399794578552,1.0790300369262695,0.7863399982452393,0.4665299952030182,0.5932400226593018
2025-04-10,1.0952062606811523,1.2825446128845215,147.3990020751953,0.8554499745368958,1.4101300239562988,0.6133614778518677,0.5637201070785522,161.41299438476562,0.8538100123405457,0.9367899894714355,1.5441499948501587,1.7852699756622314,1.9423500299453735,189.03500366210938,1.0971100330352783,1.808500051498413,2.0908799171447754,2.2748498916625977,104.50499725341797,90.3949966430664,83.0719985961914,172.26400756835938,0.8648759722709656,0.5247030258178711,1.087939977645874,0.7947670221328735,0.48212000727653503,0.6065099835395813
2025-04-11,1.1257838010787964,1.2992074489593506,143.7469940185547,0.8207600116729736,1.3950999975204468,0.6223394870758057,0.5747886300086975,161.822998046875,0.8664299845695496,0.92399001121521,1.570520043373108,1.8088099956512451,1.9585299491882324,186.74000549316406,1.0661900043487549,1.8121000528335571,2.0872700214385986,2.260040044784546,103.01699829101562,89.44999694824219,82.60399627685547,175.09169006347656,0.868224024772644,0.5108259916305542,1.082656979560852,0.8017560243606567,0.4716300070285797,0.58815997838974
2025-04-14,1.1343141794204712,1.3085237741470337,143.6959991455078,0.8180599808692932,1.3873900175094604,0.6301316618919373,0.5836314558982849,162.97799682617188,0.8668000102043152,0.9279000163078308,1.5734800100326538,1.7998499870300293,1.9434499740600586,188.0019989013672,1.0703400373458862,1.8152799606323242,2.0764200687408447,2.241849899291992,103.55699920654297,90.52999877929688,83.83999633789062,175.6071014404297,0.8741499781608582,0.5154730081558228,1.0796300172805786,0.8094599843025208,0.47729000449180603,0.5895500183105469
2025-04-15,1.1339668035507202,1.3174536228179932,143.2209930419922,0.8159599900245667,1.3899999856948853,0.631991446018219,0.5866995453834534,162.40199279785156,0.8607000112533569,0.9252499938011169,1.5760899782180786,1.7942299842834473,1.9325499534606934,188.6699981689453,1.074910044670105,1.831089973449707,2.0844600200653076,2.245229959487915,103.0260009765625,90.50299835205078,84.00700378417969,175.49002075195312,0.878350019454956,0.5156700015068054,1.0770299434661865,0.8152999877929688,0.4785799980163574,0.5869500041007996
2025-04-16,1.1292672157287598,1.323101282119751,143.18099975585938,0.8207700252532959,1.3956999778747559,0.6337898373603821,0.5895496606826782,161.6300048828125,0.8534700274467468,0.9268500208854675,1.5760899782180786,1.7817399501800537,1.9155100584030151,189.36000061035156,1.0858700275421143,1.8465299606323242,2.0874500274658203,2.244080066680908,102.56300354003906,90.68000030517578,84.38800048828125,174.33999633789062,0.8841000199317932,0.5201200246810913,1.0749399662017822,0.8226500153541565,0.48350000381469727,0.5879300236701965
2025-04-17,1.1396790742874146,1.3233989477157593,141.92799377441406,0.8137500286102295,1.3859699964523315,0.6372998952865601,0.5935387015342712,161.71299743652344,0.8611000180244446,0.9273999929428101,1.5794099569320679,1.7889800071716309,1.9199700355529785,187.7740020751953,1.0768799781799316,1.8340790271759033,2.0774500370025635,2.229599952697754,102.39600372314453,90.39800262451172,84.2020034790039,174.3350067138672,0.8828039765357971,0.5183380246162415,1.0731199979782104,0.8224430084228516,0.48284998536109924,0.5870599746704102
2025-04-22,1.1512778997421265,1.3379716873168945,140.87600708007812,0.8090500235557556,1.383430004119873,0.6421988606452942,0.600009560585022,162.16400146484375,0.8604000210762024,0.9313700199127197,1.5924899578094482,1.792449951171875,1.9185199737548828,188.4530029296875,1.0820000171661377,1.8506699800491333,2.08309006690979,2.229520082473755,101.81900024414062,90.46299743652344,84.48999786376953,174.08900451660156,0.8883870244026184,0.5195299983024597,1.0702199935913086,0.8298799991607666,0.48532000184059143,0.5846999883651733
2025-04-23,1.1351252794265747,1.327316164970398,142.68800354003906,0.8260700106620789,1.3847099542617798,0.6376200914382935,0.5960683226585388,161.96499633789062,0.8551700115203857,0.9376800060272217,1.5717500448226929,1.7802599668502808,1.9044300317764282,189.3800048828125,1.0964499711990356,1.8378499746322632,2.0815699100494385,2.225800037384033,103.03199768066406,90.96199798583984,85.03099822998047,172.67799377441406,0.8828139901161194,0.5266199707984924,1.069540023803711,0.825190007686615,0.49226999282836914,0.5964599847793579
2025-04-24,1.132733702659607,1.326453447341919,143.22300720214844,0.829800009727478,1.387410044670105,0.6365291476249695,0.5952416062355042,162.2169952392578,0.8539100289344788,0.9399200081825256,1.5714000463485718,1.7794400453567505,1.9027800559997559,189.96800231933594,1.100659966468811,1.8402099609375,2.0838100910186768,2.2276999950408936,103.22000122070312,91.14900207519531,85.23100280761719,172.5749969482422,0.8830000162124634,0.5281360149383545,1.0692709684371948,0.8256199955940247,0.49362999200820923,0.5980100035667419
2025-04-25,1.1371906995773315,1.3326226472854614,142.87899780273438,0.8287400007247925,1.3858000040054321,0.6403483152389526,0.5987988114356995,162.46299743652344,0.8532500267028809,0.9423499703407288,1.575719952583313,1.77646005153656,1.8989200592041016,190.39199829101562,1.1043399572372437,1.846619963645935,2.081860065460205,2.2253799438476562,103.09200286865234,91.44200134277344,85.53500366210938,172.37600708007812,0.8868899941444397,0.5303999781608582,1.0688199996948242,0.8296099901199341,0.49601998925209045,0.5979400277137756
2025-04-28,1.1343141794204712,1.3290096521377563,143.84100341796875,0.8284000158309937,1.3870799541473389,0.63840651512146,0.5949406027793884,163.1529998779297,0.8534600138664246,0.9397100210189819,1.5733100175857544,1.7770999670028687,1.9065300226211548,191.1580047607422,1.1009999513626099,1.8430999517440796,2.0826199054718018,2.2337799072265625,103.68399810791016,91.77799987792969,85.55500030517578,173.58599853515625,0.8850399851799011,0.5286099910736084,1.072510004043579,0.8250870108604431,0.4927400052547455,0.5971500277519226
2025-04-29,1.1409143209457397,1.3436164855957031,142.17799377441406,0.8211899995803833,1.3830100297927856,0.6428800821304321,0.597200334072113,162.2036590576172,0.8490599989891052,0.9368500113487244,1.5775400400161743,1.7745200395584106,1.9103100299835205,191.01499938964844,1.1032700538635254,1.8581299781799316,2.0898399353027344,2.249690055847168,102.79199981689453,91.39099884033203,84.88700103759766,173.08599853515625,0.8890339732170105,0.5278599858283997,1.076390027999878,0.82573002576828,0.49028000235557556,0.5936899781227112
2025-04-30,1.1389262676239014,1.3410794734954834,142.2989959716797,0.823419988155365,1.382680058479309,0.6386919617652893,0.5936691164970398,162.0570068359375,0.8492100238800049,0.9377599954605103,1.5746500492095947,1.7835999727249146,1.9183299541473389,190.8249969482422,1.1042100191116333,1.8541899919509888,2.1002399921417236,2.2588601112365723,102.90399932861328,90.85199737548828,84.45800018310547,172.78721618652344,0.882610023021698,0.5257200002670288,1.0755499601364136,0.8205999732017517,0.4887000024318695,0.5954300165176392
2025-05-01,1.1324899196624756,1.3323917388916016,143.00900268554688,0.8259599804878235,1.3789600133895874,0.6413093209266663,0.5938313007354736,161.9409942626953,0.8498899936676025,0.9353100061416626,1.5615099668502808,1.765720009803772,1.9069199562072754,190.5290069580078,1.100409984588623,1.8372000455856323,2.0774600505828857,2.2435600757598877,103.69300079345703,91.7020034790039,84.9020004272461,173.1186981201172,0.8842399716377258,0.5296300053596497,1.079859972000122,0.8186699748039246,0.49031999707221985,0.5988600254058838
2025-05-02,1.1296498775482178,1.3286387920379639,145.447998046875,0.828980028629303,1.3846499919891357,0.6386797428131104,0.5913485288619995,164.2969970703125,0.8501899838447571,0.9364299774169922,1.5640900135040283,1.7686400413513184,1.9102200269699097,193.23300170898438,1.101199984550476,1.8395700454711914,2.0801498889923096,2.2466399669647217,105.03299713134766,92.88200378417969,85.98999786376953,175.42520141601562,0.8842399716377258,0.5293899774551392,1.0799399614334106,0.8186100125312805,0.49007999897003174,0.598609983921051
2025-05-05,1.1323232650756836,1.3271929025650024,144.62399291992188,0.8241000175476074,1.3822300434112549,0.644558310508728,0.5952097177505493,163.7469940185547,0.8530899882316589,0.9330899715423584,1.5650500059127808,1.7565699815750122,1.902250051498413,191.92999267578125,1.0936700105667114,1.8343700170516968,2.058929920196533,2.2296500205993652,104.62000274658203,93.20899963378906,86.06199645996094,175.45803833007812,0.8908799886703491,0.5311769843101501,1.0828399658203125,0.8225499987602234,0.4903700053691864,0.5960999727249146
2025-05-06,1.1313369274139404,1.3292568922042847,143.6540069580078,0.8217909932136536,1.3821899890899658,0.6461409330368042,0.5961394309997559,162.5,0.8510500192642212,0.9298800230026245,1.563599944114685,1.750789999961853,1.8976600170135498,190.9199981689453,1.092560052871704,1.836899995803833,2.057080030441284,2.2296199798583984,103.9209976196289,92.80899810791016,85.61699676513672,174.73199462890625,0.8929799795150757,0.5310800075531006,1.08378005027771,0.8237800002098083,0.48989999294281006,0.5946400165557861
2025-05-07,1.1342755556106567,1.335594892501831,143.03500366210938,0.8256300091743469,1.3769400119781494,0.6506688594818115,0.6015110015869141,162.2259979248047,0.8491899967193604,0.9364399909973145,1.5617200136184692,1.7430499792099,1.8855500221252441,191.01600646972656,1.1025999784469604,1.8388500213623047,2.0525999069213867,2.220370054244995,103.86799621582031,93.05599975585938,86.01499938964844,173.19400024414062,0.8958500027656555,0.5371599793434143,1.0816290378570557,0.8280400037765503,0.49647998809814453,0.5995299816131592
2025-05-08,1.1306205987930298,1.3294159173965454,143.84800720214844,0.8239499926567078,1.3834199905395508,0.6434799432754517,0.5940182209014893,162.61700439453125,0.8504700064659119,0.9315000176429749,1.5640100240707397,1.7577500343322754,1.9032399654388428,191.18600463867188,1.0951600074768066,1.8388500213623047,2.0665700435638428,2.2376999855041504,103.96800231933594,92.5009994506836,85.42400360107422,174.55296325683594,0.8896399736404419,0.5292999744415283,1.0826200246810913,0.8215870261192322,0.48927000164985657,0.5950999855995178
2025-05-09,1.122422695159912,1.323539137840271,146.01499938964844,0.8317999839782715,1.392449975013733,0.6392595171928406,0.589918315410614,163.8769989013672,0.8479899764060974,0.9335700273513794,1.562749981880188,1.755620002746582,1.9024900197982788,193.24899291992188,1.1008199453353882,1.8427799940109253,2.0702099800109863,2.243380069732666,104.85299682617188,93.33699798583984,86.11699676513672,175.4980010986328,0.8900799751281738,0.5317100286483765,1.0836000442504883,0.8212299942970276,0.4905500113964081,0.5972700119018555
2025-05-12,1.12296462059021,1.3289036750793457,145.81199645996094,0.8337299823760986,1.3924000263214111,0.642091691493988,0.5920698046684265,163.74899291992188,0.8450199961662292,0.9362499713897705,1.5638099908828735,1.7487599849700928,1.8966399431228638,193.72999572753906,1.1078100204467773,1.8504600524902344,2.0694499015808105,2.244270086288452,104.70099639892578,93.62000274658203,86.31700134277344,174.86572265625,0.8941019773483276,0.5353119969367981,1.084439992904663,0.8243510127067566,0.49347999691963196,0.5985699892044067
2025-05-13,1.1095577478408813,1.3177834749221802,148.30999755859375,0.8448699712753296,1.397420048713684,0.6371780633926392,0.5861286520957947,164.5469970703125,0.8419399857521057,0.9373900294303894,1.5504000186920166,1.7412300109863281,1.8929100036621094,195.4199981689453,1.1132500171661377,1.8413300514221191,2.067960023880005,2.248080015182495,106.12000274658203,94.48999786376953,86.90699768066406,175.50599670410156,0.8903589844703674,0.5382900238037109,1.087030053138733,0.8188940286636353,0.49480000138282776,0.6045100092887878
2025-05-14,1.1185556650161743,1.3304418325424194,147.5279998779297,0.8394299745559692,1.3932000398635864,0.6472617387771606,0.593591570854187,165.01100158691406,0.8406999707221985,0.938979983329773,1.5583800077438354,1.728060007095337,1.8843300342559814,196.2570037841797,1.116760015487671,1.8534899950027466,2.055310010910034,2.2411398887634277,105.8740005493164,95.47699737548828,87.55000305175781,175.70458984375,0.9017869830131531,0.5432900190353394,1.0903300046920776,0.8268300294876099,0.4981600046157837,0.602429986000061
2025-05-15,1.1181930303573608,1.3263479471206665,146.64999389648438,0.8412320017814636,1.3978999853134155,0.6428800821304321,0.5896400213241577,163.9739990234375,0.8430100083351135,0.9406999945640564,1.5630700588226318,1.739989995956421,1.8964200019836426,194.49899291992188,1.1157499551773071,1.8540400266647339,2.063889980316162,2.249350070953369,104.89800262451172,94.2300033569336,86.44200134277344,174.281005859375,0.8983229994773865,0.5406039953231812,1.089750051498413,0.824167013168335,0.4958899915218353,0.6017299890518188
2025-05-16,1.1192693710327148,1.3306896686553955,145.61300659179688,0.8345999717712402,1.3954700231552124,0.640578031539917,0.5873715281486511,162.96600341796875,0.8411700129508972,0.9343000054359436,1.5617899894714355,1.7471699714660645,1.9054700136184692,193.7310028076172,1.1107100248336792,1.856619954109192,2.0769898891448975,2.2651898860931396,104.33599853515625,93.26300048828125,85.50700378417969,174.38999938964844,0.893779993057251,0.5346999764442444,1.0904799699783325,0.8194500207901001,0.49020999670028687,0.5981600284576416
2025-05-19,1.1187559366226196,1.3305498361587524,145.29800415039062,0.8354499936103821,1.395259976387024,0.6410001516342163,0.5886993408203125,162.54200744628906,0.8407700061798096,0.9346100091934204,1.560829997062683,1.7453999519348145,1.90024995803833,193.30799865722656,1.1115100383758545,1.8563100099563599,2.0758299827575684,2.2599499225616455,104.12200164794922,93.11100006103516,85.51399993896484,173.8797607421875,0.8941299915313721,0.5353900194168091,1.0885009765625,0.8212249875068665,0.4916900098323822,0.5986700057983398
2025-05-20,1.1233429908752441,1.3360053300857544,144.97500610351562,0.8349900245666504,1.3956899642944336,0.6455819606781006,0.5930987000465393,162.83999633789062,0.8407300114631653,0.9379100203514099,1.5676599740982056,1.7398600578308105,1.893839955329895,193.67799377441406,1.1155099868774414,1.8645600080490112,2.069380044937134,2.252000093460083,103.86599731445312,93.58300018310547,85.96299743652344,173.58599853515625,0.9009400010108948,0.5390099883079529,1.088420033454895,0.8275799751281738,0.4950900077819824,0.5982000231742859
2025-05-21,1.1287955045700073,1.3397821187973022,144.3280029296875,0.8267120122909546,1.3909300565719604,0.6425999999046326,0.5927401185035706,162.91099548339844,0.8425300121307373,0.9331799745559692,1.5699800252914429,1.7567800283432007,1.9043200016021729,193.3489990234375,1.1075299978256226,1.8633400201797485,2.0850400924682617,2.260119915008545,103.75499725341797,92.72200012207031,85.52799987792969,174.54299926757812,0.8935800194740295,0.5311300158500671,1.08378005027771,0.8242670297622681,0.4898900091648102,0.5942999720573425
2025-05-22,1.133118748664856,1.3419036865234375,143.7550048828125,0.8250700235366821,1.386080026626587,0.6433101892471313,0.5933485627174377,162.87600708007812,0.8443599939346313,0.9348499774932861,1.5704900026321411,1.76118004322052,1.9095799922943115,192.88499450683594,1.107069969177246,1.8599799871444702,2.0857698917388916,2.261399984359741,103.69400024414062,92.46800231933594,85.27400207519531,174.204833984375,0.891510009765625,0.5307300090789795,1.084123969078064,0.8222900032997131,0.4893999993801117,0.5951300263404846
2025-05-23,1.1281843185424805,1.3419216871261597,143.85800170898438,0.8283799886703491,1.3858000040054321,0.6409804821014404,0.5897617340087891,162.28700256347656,0.8406400084495544,0.9345200061798096,1.563330054283142,1.7599600553512573,1.9128199815750122,193.04299926757812,1.1116100549697876,1.8596199750900269,2.093519926071167,2.275360107421875,103.79900360107422,92.2030029296875,84.8219985961914,173.6343231201172,0.8882399797439575,0.5309399962425232,1.0867700576782227,0.8171060085296631,0.48840001225471497,0.5976899862289429
2025-05-26,1.1372811794281006,1.3535828590393066,142.86700439453125,0.822409987449646,1.3737200498580933,0.6501189470291138,0.5991683602333069,162.46299743652344,0.8401299715042114,0.9352700114250183,1.5621600151062012,1.7491899728775024,1.8978899717330933,193.36099243164062,1.1131199598312378,1.8592900037765503,2.081860065460205,2.2589199542999268,103.99099731445312,92.86599731445312,85.5790023803711,173.67031860351562,0.8929790258407593,0.534600019454956,1.084920048713684,0.8229029774665833,0.49261999130249023,0.598609983921051
2025-05-27,1.1388484239578247,1.3565207719802856,142.65499877929688,0.8204200267791748,1.373579978942871,0.6481007933616638,0.5994700789451599,162.4499969482422,0.8394700288772583,0.9342700242996216,1.5641599893569946,1.7570500373840332,1.8996200561523438,193.5,1.1128300428390503,1.8631500005722046,2.092910051345825,2.262700080871582,103.84700012207031,92.447998046875,85.49700164794922,173.85699462890625,0.8901640176773071,0.5316600203514099,1.0810500383377075,0.8232200145721436,0.49167999625205994,0.5972099900245667
2025-05-28,1.1337097883224487,1.3513330221176147,144.177001953125,0.8272600173950195,1.38100004196167,0.6447120904922485,0.5948100686073303,163.44500732421875,0.838890016078949,0.9378100037574768,1.5655499696731567,1.7583199739456177,1.9058599472045898,194.8179931640625,1.1178100109100342,1.8661400079727173,2.0957999229431152,2.271199941635132,104.38700103759766,92.94400024414062,85.73899841308594,174.25799560546875,0.89028000831604,0.5332900285720825,1.0838199853897095,0.8212500214576721,0.49191999435424805,0.5989199876785278
2025-05-29,1.123368263244629,1.3431472778320312,145.69700622558594,0.8325499892234802,1.3851100206375122,0.6425207257270813,0.5959084630012512,163.66200256347656,0.8363199830055237,0.935230016708374,1.5559200048446655,1.748270034790039,1.8849999904632568,195.67599487304688,1.118149995803833,1.8602399826049805,2.090290069580078,2.253730058670044,105.1729965209961,93.59700012207031,86.8010025024414,174.9553680419922,0.8898199796676636,0.534850001335144,1.0780600309371948,0.8252429962158203,0.49597999453544617,0.6009600162506104
2025-05-30,1.1378376483917236,1.3498992919921875,143.7790069580078,0.8219699859619141,1.3805700540542603,0.6445998549461365,0.5978608727455139,163.5780029296875,0.842710018157959,0.9352099895477295,1.5707199573516846,1.7649600505828857,1.9030699729919434,194.0970001220703,1.1096299886703491,1.8638099431991577,2.0943000316619873,2.2580699920654297,104.13500213623047,92.66899871826172,85.93199920654297,174.88026428222656,0.8898299932479858,0.5297799706459045,1.0781199932098389,0.825190007686615,0.4912799894809723,0.595300018787384
2025-06-02,1.1353315114974976,1.346728801727295,143.81500244140625,0.8222699761390686,1.3726199865341187,0.644321620464325,0.5973109006881714,163.2469940185547,0.8428699970245361,0.9333900213241577,1.5580699443817139,1.7617700099945068,1.9004000425338745,193.66700744628906,1.107300043106079,1.8484300374984741,2.0900299549102783,2.2545299530029297,104.76300048828125,92.6510009765625,85.88099670410156,174.8666534423828,0.8843330144882202,0.5297399759292603,1.0786099433898926,0.8196799755096436,0.49101001024246216,0.5989699959754944
2025-06-03,1.1453442573547363,1.3556748628616333,142.45199584960938,0.8159400224685669,1.3710700273513794,0.6498401165008545,0.6047887206077576,163.13787841796875,0.8447700142860413,0.9344499707221985,1.5701700448989868,1.7623000144958496,1.8935999870300293,193.1020050048828,1.1060600280761719,1.858590006828308,2.0859999656677246,2.2413899898529053,103.88700103759766,92.56199645996094,86.13200378417969,174.5479736328125,0.8908900022506714,0.5301799774169922,1.0744249820709229,0.829010009765625,0.4933300018310547,0.5950199961662292
2025-06-04,1.1384464502334595,1.353143334388733,143.83700561523438,0.8228899836540222,1.371500015258789,0.646608829498291,0.6006113886833191,163.74000549316406,0.8412799835205078,0.9367700219154358,1.5611599683761597,1.7604999542236328,1.895359992980957,194.61500549316406,1.1133999824523926,1.8555799722671509,2.092519998550415,2.252779960632324,104.86900329589844,92.99400329589844,86.36900329589844,174.77427673339844,0.886847972869873,0.5320299863815308,1.0764800310134888,0.8234900236129761,0.49410000443458557,0.5999400019645691
2025-06-05,1.1422044038772583,1.3552155494689941,142.73199462890625,0.8179699778556824,1.3679100275039673,0.6490682363510132,0.6027400493621826,163.02000427246094,0.8427799940109253,0.9342600107192993,1.5623500347137451,1.7597500085830688,1.894950032234192,193.41900634765625,1.1084599494934082,1.8537100553512573,2.087820053100586,2.248339891433716,104.33000183105469,92.62100219726562,86.01000213623047,174.45599365234375,0.8878539800643921,0.5309450030326843,1.0767699480056763,0.8243240118026733,0.4928799867630005,0.5978800058364868
2025-06-06,1.1453834772109985,1.3579576015472412,143.54200744628906,0.8192499876022339,1.36667001247406,0.6510501503944397,0.6042296290397644,164.39700317382812,0.843280017375946,0.9383100271224976,1.5652300119400024,1.7591400146484375,1.8954800367355347,194.9320068359375,1.1125600337982178,1.8559900522232056,2.0859200954437256,2.2475500106811523,105.01699829101562,93.44100189208984,86.71099853515625,175.17446899414062,0.8896999955177307,0.5333099961280823,1.077430009841919,0.8255900144577026,0.49487999081611633,0.5993599891662598
2025-06-09,1.1407841444015503,1.3538211584091187,144.6909942626953,0.8212599754333496,1.3690600395202637,0.6500217914581299,0.6024205088615417,165.04400634765625,0.8425499796867371,0.9368199706077576,1.5616400241851807,1.7548099756240845,1.893489956855774,195.87100219726562,1.1117700338363647,1.8533400297164917,2.0825700759887695,2.247159957885742,105.67500305175781,94.04199981689453,87.14399719238281,176.1340789794922,0.8898770213127136,0.533810019493103,1.0789400339126587,0.824567973613739,0.4946199953556061,0.5997800230979919
2025-06-10,1.1428048610687256,1.3556748628616333,144.5399932861328,0.8212000131607056,1.3698899745941162,0.6518101692199707,0.6050887703895569,165.16600036621094,0.8428999781608582,0.9383900165557861,1.565369963645935,1.7530900239944458,1.8884999752044678,195.93699645996094,1.113219976425171,1.8570400476455688,2.079669952392578,2.2395999431610107,105.50399780273438,94.19999694824219,87.44300079345703,175.98199462890625,0.892799973487854,0.5346999764442444,1.0771199464797974,0.8287100195884705,0.49674999713897705,0.599399983882904
2025-06-11,1.143746018409729,1.3508219718933105,144.83799743652344,0.8219199776649475,1.3668299913406372,0.6527202129364014,0.6059100031852722,165.63299560546875,0.8466600179672241,0.9400799870491028,1.5633000135421753,1.752150058746338,1.8875900506973267,195.61199951171875,1.110260009765625,1.8463399410247803,2.0693700313568115,2.229290008544922,105.9469985961914,94.52100372314453,87.73100280761719,176.16900634765625,0.891700029373169,0.5364800095558167,1.0772299766540527,0.8280389904975891,0.49788999557495117,0.6012499928474426
2025-06-12,1.1509333848953247,1.3567416667938232,144.2030029296875,0.8184000253677368,1.366569995880127,0.6509501338005066,0.6036598682403564,165.947998046875,0.8481600284576416,0.9419800043106079,1.572540044784546,1.7678200006484985,1.9064899682998657,195.6230010986328,1.110450029373169,1.8533999919891357,2.084009885787964,2.2472898960113525,105.50700378417969,93.85700225830078,87.03099822998047,176.13720703125,0.8894799947738647,0.532837986946106,1.0782500505447388,0.824400007724762,0.4939799904823303,0.5988699793815613
2025-06-13,1.1600254774093628,1.3627691268920898,143.19400024414062,0.8090000152587891,1.3596500158309937,0.6527999043464661,0.6065201163291931,166.08299255371094,0.8512399792671204,0.9384999871253967,1.5771100521087646,1.7768100500106812,1.9123400449752808,195.0959930419922,1.1021000146865845,1.8525999784469604,2.087209939956665,2.246690034866333,105.30400085449219,93.45899963378906,86.82099914550781,176.95199584960938,0.887499988079071,0.5281890034675598,1.0762399435043335,0.8244600296020508,0.4902999997138977,0.5950000286102295
2025-06-16,1.1556684970855713,1.3557006120681763,144.09100341796875,0.8122159838676453,1.3583999872207642,0.6499997973442078,0.603900134563446,166.46636962890625,0.8510000109672546,0.9365000128746033,1.56850004196167,1.7789000272750854,1.9178999662399292,196.74551391601562,1.1002800464630127,1.8540359735488892,2.0728049278259277,2.2530999183654785,105.99205780029297,93.58352661132812,86.93485260009766,177.5442657470703,0.881600022315979,0.5274999737739563,1.0760060548782349,0.8200510144233704,0.48787200450897217,0.5968999862670898
2025-06-17,1.1551345586776733,1.3565576076507568,144.72900390625,0.8137099742889404,1.357450008392334,0.6511001586914062,0.6049203872680664,167.16000366210938,0.8514500260353088,0.9399099946022034,1.567929983139038,1.7745699882507324,1.9094300270080566,196.31300354003906,1.1037800312042236,1.8413399457931519,2.084089994430542,2.2423300743103027,106.61299896240234,94.18499755859375,87.4990005493164,177.8206787109375,0.8834400177001953,0.5295600295066833,1.0758600234985352,0.8209599852561951,0.492110013961792,0.599370002746582
2025-06-18,1.1482638120651245,1.3430029153823853,145.37600708007812,0.8168699741363525,1.3683600425720215,0.6479797959327698,0.6019382476806641,166.91099548339844,0.8548799753189087,0.9379199743270874,1.5711599588394165,1.7719600200653076,1.9074699878692627,195.22000122070312,1.096940040588379,1.8375500440597534,2.0722599029541016,2.23088002204895,106.23200225830078,94.19100189208984,87.45899963378906,177.94200134277344,0.8866109848022461,0.5293359756469727,1.0766299962997437,0.8233799934387207,0.49145999550819397,0.596809983253479
2025-06-19,1.1477497816085815,1.3416515588760376,144.9550018310547,0.8190600275993347,1.3696000576019287,0.6507408618927002,0.6029508709907532,166.3596649169922,0.8554199934005737,0.9399099946022034,1.5717600584030151,1.7633999586105347,1.903749942779541,194.45599365234375,1.098680019378662,1.8373299837112427,2.061530113220215,2.2249200344085693,105.8270034790039,94.31500244140625,87.3499984741211,176.940673828125,0.8906000256538391,0.5328800082206726,1.0792700052261353,0.8256000280380249,0.4936699867248535,0.5979099869728088
2025-06-20,1.1512778997421265,1.3476725816726685,145.21800231933594,0.8163899779319763,1.3695499897003174,0.6488786935806274,0.6000816226005554,167.1529998779297,0.8540899753570557,0.9396700263023376,1.5763299465179443,1.7747199535369873,1.918280005455017,195.69200134277344,1.1000900268554688,1.845620036125183,2.077620029449463,2.2456700801849365,106.02300262451172,94.1780014038086,87.12100219726562,177.85499572753906,0.8882200121879578,0.5294780135154724,1.0808700323104858,0.8216599822044373,0.4893999993801117,0.595990002155304
2025-06-23,1.1500862836837769,1.3435983657836914,146.2239990234375,0.8177499771118164,1.3739299774169922,0.6446704864501953,0.5962104797363281,168.1540069580078,0.8558899760246277,0.9404199719429016,1.5799800157546997,1.783769965171814,1.9288300275802612,196.44900512695312,1.098639965057373,1.8457759618759155,2.084009885787964,2.253390073776245,106.41699981689453,94.25299835205078,87.15799713134766,178.77499389648438,0.8856449723243713,0.5271570086479187,1.0811699628829956,0.8189499974250793,0.4874100089073181,0.5951099991798401
2025-06-24,1.1599044799804688,1.3545364141464233,145.92799377441406,0.8125799894332886,1.3728599548339844,0.6477800011634827,0.5995383262634277,169.2480010986328,0.856190025806427,0.9424800276756287,1.5922000408172607,1.7904800176620483,1.934689998626709,197.64500427246094,1.1005799770355225,1.8593300580978394,2.090830087661743,2.2591400146484375,106.27799987792969,94.5199966430664,87.46700286865234,179.5469970703125,0.8893120288848877,0.5263599753379822,1.0804500579833984,0.8229039907455444,0.4870400130748749,0.5917800068855286
2025-06-25,1.161224365234375,1.361488938331604,144.95700073242188,0.8051499724388123,1.3726600408554077,0.6495999097824097,0.6011313199996948,168.29800415039062,0.8528599739074707,0.9349200129508972,1.5938199758529663,1.787950038909912,1.9317200183868408,197.34300231933594,1.0961500406265259,1.8687800168991089,2.0963099002838135,2.2648398876190186,105.58899688720703,94.12899780273438,87.11399841308594,180.00096130371094,0.8913499712944031,0.5228300094604492,1.0803200006484985,0.824940025806427,0.48385998606681824,0.5864700078964233
2025-06-26,1.1683744192123413,1.369187831878662,144.9040069580078,0.8037300109863281,1.3711999654769897,0.6523114442825317,0.6055908203125,169.2899932861328,0.8532999753952026,0.9390599727630615,1.6020300388336182,1.7911200523376465,1.9295400381088257,198.3719940185547,1.1002899408340454,1.8772499561309814,2.0988800525665283,2.260730028152466,105.66300201416016,94.50199890136719,87.72699737548828,180.27066040039062,0.8943099975585938,0.524179995059967,1.0772000551223755,0.8301849961280823,0.48655998706817627,0.5860400199890137
2025-06-27,1.1692214012145996,1.37247633934021,144.69400024414062,0.8008900284767151,1.3643100261688232,0.654630184173584,0.6058990359306335,169.15699768066406,0.8518000245094299,0.9362999796867371,1.594980001449585,1.785789966583252,1.9296499490737915,198.5659942626953,1.0990500450134277,1.872130036354065,2.096299886703491,2.2650299072265625,106.03399658203125,94.71099853515625,87.62999725341797,180.6301727294922,0.8930299878120422,0.5242990255355835,1.0794999599456787,0.8263800144195557,0.48506999015808105,0.5869100093841553
2025-06-30,1.1727453470230103,1.3719680309295654,144.51699829101562,0.7982500195503235,1.3681399822235107,0.6533215045928955,0.6063987016677856,169.45399475097656,0.8547300100326538,0.9361100196838379,1.6043599843978882,1.7949299812316895,1.9338300228118896,198.23699951171875,1.095080018043518,1.876889944076538,2.0996999740600586,2.262310028076172,105.60900115966797,94.39099884033203,87.60600280761719,180.9827423095703,0.8932999968528748,0.5214300155639648,1.077239990234375,0.8294709920883179,0.48392000794410706,0.5833699703216553
2025-07-01,1.178717017173767,1.3730605840682983,143.8000030517578,0.7927200198173523,1.3605400323867798,0.6578081846237183,0.6092397570610046,169.4600067138672,0.8583599925041199,0.934440016746521,1.6035799980163574,1.7922300100326538,1.934630036354065,197.44400024414062,1.088539958000183,1.8680700063705444,2.087739944458008,2.253700017929077,105.68499755859375,94.56199645996094,87.58999633789062,181.3544464111328,0.8947070240974426,0.521340012550354,1.0793999433517456,0.8287000060081482,0.4828700125217438,0.5826399922370911
2025-07-02,1.180553913116455,1.374721646308899,143.40199279785156,0.790690004825592,1.3644299507141113,0.6583105325698853,0.6100797653198242,169.2949981689453,0.858780026435852,0.9334099888801575,1.6103399991989136,1.7939900159835815,1.9348299503326416,197.11000061035156,1.0867899656295776,1.875440001487732,2.0886900424957275,2.253109931945801,105.10700225830078,94.35299682617188,87.4729995727539,181.33876037597656,0.8974180221557617,0.5203880071640015,1.0785200595855713,0.8322100043296814,0.4822399914264679,0.5795199871063232
2025-07-03,1.18002450466156,1.3650014400482178,143.5260009765625,0.7914999723434448,1.3587100505828857,0.6582901477813721,0.6089392304420471,169.36199951171875,0.8644300103187561,0.9341800212860107,1.6033600568771362,1.7925100326538086,1.9379600286483765,195.9029998779297,1.0805200338363647,1.8545600175857544,2.073460102081299,2.241499900817871,105.62100219726562,94.47100067138672,87.37799835205078,181.28819274902344,0.8943300247192383,0.5211520195007324,1.0811200141906738,0.827180027961731,0.4819200038909912,0.582099974155426
2025-07-04,1.1771491765975952,1.366829752922058,144.6820068359375,0.7940999865531921,1.357300043106079,0.6577298641204834,0.608009934425354,170.30299377441406,0.8611800074577332,0.9347299933433533,1.5975899696350098,1.7894500494003296,1.9358700513839722,197.73300170898438,1.085279941558838,1.8550200462341309,2.0777900218963623,2.247770071029663,106.5770034790039,95.15499877929688,87.94999694824219,182.18251037597656,0.8927710056304932,0.5223209857940674,1.0818400382995605,0.8250799775123596,0.482699990272522,0.5849300026893616
2025-07-07,1.178078293800354,1.3651504516601562,144.4980010986328,0.7940400242805481,1.3603299856185913,0.6551792025566101,0.6051217317581177,170.218994140625,0.863099992275238,0.9355999827384949,1.6024600267410278,1.7979700565338135,1.9467400312423706,197.2519989013672,1.083940029144287,1.856969952583313,2.0835299491882324,2.2553999423980713,106.21199798583984,94.66300201416016,87.41699981689453,181.8890838623047,0.8911700248718262,0.5201799869537354,1.0826599597930908,0.8229699730873108,0.48034998774528503,0.583620011806488
2025-07-08,1.1736538410186768,1.3623607158660889,145.89199829101562,0.7971600294113159,1.366529941558838,0.6506096124649048,0.6007810235023499,171.21499633789062,0.8614299893379211,0.9355199933052063,1.6037100553512573,1.8037899732589722,1.9534300565719604,198.73699951171875,1.0858800411224365,1.8615200519561768,2.0938000679016113,2.267430067062378,106.75,94.90899658203125,87.62799835205078,182.98512268066406,0.8884999752044678,0.518589973449707,1.082859992980957,0.8207899928092957,0.478769987821579,0.5832700133323669
2025-07-09,1.1724566221237183,1.3585295677185059,146.8489990234375,0.7958700060844421,1.3668400049209595,0.6524518728256226,0.5993586778640747,172.16099548339844,0.8629000186920166,0.9330700039863586,1.602429986000061,1.7968699932098389,1.955199956893921,199.48300170898438,1.081130027770996,1.8562999963760376,2.082050085067749,2.265399932861328,107.4260025024414,95.802001953125,87.99400329589844,184.48599243164062,0.8917099833488464,0.5192199945449829,1.0885100364685059,0.8190299868583679,0.4768800139427185,0.5821899771690369
2025-07-10,1.17311692237854,1.3593051433563232,146.11399841308594,0.792930006980896,1.368399977684021,0.6535905003547668,0.5998404622077942,171.4010009765625,0.8629900217056274,0.9301699995994568,1.6053099632263184,1.7947900295257568,1.9556599855422974,198.5800018310547,1.07778000831604,1.8602499961853027,2.0796399116516113,2.2660200595855713,106.75199890136719,95.49299621582031,87.6240005493164,184.24400329589844,0.8944550156593323,0.5182200074195862,1.0895719528198242,0.8207399845123291,0.4754999876022339,0.5793099999427795
2025-07-11,1.1702749729156494,1.3579576015472412,146.28799438476562,0.796720027923584,1.365630030632019,0.6594000458717346,0.6041712164878845,171.16700744628906,0.8616499900817871,0.9322400093078613,1.5978800058364868,1.774459958076477,1.9366899728775024,198.63299560546875,1.0818099975585938,1.8543000221252441,2.0592200756073,2.247459888458252,107.08999633789062,96.4489974975586,88.36100006103516,183.58447265625,0.8999999761581421,0.5253000259399414,1.0913200378417969,0.8248699903488159,0.481220006942749,0.5833399891853333
2025-07-14,1.1682106256484985,1.3493820428848267,147.2949981689453,0.7967900037765503,1.368399977684021,0.6578081846237183,0.6006907820701599,172.05999755859375,0.8657000064849854,0.9307699799537659,1.598680019378662,1.7761600017547607,1.9446699619293213,198.74200439453125,1.0751099586486816,1.8466049432754517,2.051500082015991,2.2451999187469482,107.61399841308594,96.85900115966797,88.45500183105469,184.8294677734375,0.8999599814414978,0.5239599943161011,1.0947599411010742,0.8218899965286255,0.4784899950027466,0.5821200013160706
2025-07-15,1.1666297912597656,1.3428045511245728,147.79200744628906,0.7978699803352356,1.3704700469970703,0.6544716358184814,0.5971896052360535,172.41000366210938,0.8687599897384644,0.9308000206947327,1.5987499952316284,1.7824699878692627,1.9527000188827515,198.4459991455078,1.0713399648666382,1.840170979499817,2.0516700744628906,2.248460054397583,107.8290023803711,96.71299743652344,88.23799896240234,185.19602966308594,0.8968200087547302,0.5217999815940857,1.0958199501037598,0.8182299733161926,0.47633999586105347,0.5821099877357483
2025-07-16,1.1607391834259033,1.3393335342407227,148.76100158691406,0.8014199733734131,1.3716399669647217,0.651898980140686,0.5954294800758362,172.66200256347656,0.8666099905967712,0.9302099943161011,1.592039942741394,1.780460000038147,1.9494199752807617,199.22900390625,1.0733100175857544,1.8370200395584106,2.0543930530548096,2.249300003051758,108.44499969482422,96.94999694824219,88.55500030517578,185.5951385498047,0.8941220045089722,0.5224000215530396,1.0947879552841187,0.8165379762649536,0.4770199954509735,0.5842000246047974
2025-07-17,1.1635754108428955,1.3411099910736084,148.0030059814453,0.8009200096130371,1.3689299821853638,0.6525000333786011,0.594590425491333,172.2050018310547,0.8676000237464905,0.93190997838974,1.5927400588989258,1.7834299802780151,1.9569100141525269,198.47300720214844,1.0740400552749634,1.8357499837875366,2.055540084838867,2.2553699016571045,108.10800170898438,96.54399871826172,87.97899627685547,184.76112365722656,0.8929700255393982,0.5224599838256836,1.0961999893188477,0.813730001449585,0.47606998682022095,0.5849999785423279
2025-07-18,1.161548137664795,1.3432555198669434,148.44200134277344,0.8028799891471863,1.3735899925231934,0.649819016456604,0.5944314002990723,172.41299438476562,0.8647000193595886,0.9325500130653381,1.595420002937317,1.787410020828247,1.9539899826049805,199.3800048828125,1.0784000158309937,1.8449699878692627,2.0669798851013184,2.2595999240875244,108.05599975585938,96.44999694824219,88.21600341796875,184.85574340820312,0.8924999833106995,0.5216799974441528,1.0931099653244019,0.8163099884986877,0.4771200120449066,0.5844200253486633
2025-07-21,1.1630746126174927,1.341597557067871,148.43099975585938,0.8011800050735474,1.3724000453948975,0.6512112617492676,0.5952805876731873,172.6280059814453,0.8668799996376038,0.9317899942398071,1.59607994556427,1.785889983177185,1.9537299871444702,199.11599731445312,1.0747599601745605,1.841040015220642,2.059969902038574,2.2535400390625,108.14299774169922,96.65299987792969,88.33799743652344,185.24415588378906,0.8936600089073181,0.5217000246047974,1.0931999683380127,0.8167499899864197,0.47679001092910767,0.5837000012397766
2025-07-22,1.1694538593292236,1.348945140838623,147.40899658203125,0.798084020614624,1.3675800561904907,0.6528096795082092,0.5969614386558533,172.3820037841797,0.8669099807739258,0.9333199858665466,1.5992599725723267,1.7908999919891357,1.9589699506759644,198.82899475097656,1.0765199661254883,1.8446600437164307,2.065999984741211,2.259550094604492,107.77799987792969,96.22000122070312,87.95999908447266,184.67300415039062,0.8926600217819214,0.5209699869155884,1.0934720039367676,0.8161900043487549,0.4763000011444092,0.5835199952125549
2025-07-23,1.1739156246185303,1.352155327796936,146.78500366210938,0.7936300039291382,1.3604300022125244,0.6554712057113647,0.600009560585022,172.30499267578125,0.8681399822235107,0.9316200017929077,1.596940040588379,1.7908600568771362,1.9564199447631836,198.46800231933594,1.0730700492858887,1.8394299745559692,2.062809944152832,2.253469944000244,107.88899993896484,96.19999694824219,88.0510025024414,184.93008422851562,0.8916130065917969,0.5198000073432922,1.0923629999160767,0.8160799741744995,0.4760499894618988,0.5833100080490112
2025-07-24,1.1774264574050903,1.3579576015472412,146.3489990234375,0.7920470237731934,1.3601499795913696,0.6603999137878418,0.604781448841095,172.30299377441406,0.8669899702072144,0.9326000213623047,1.6013599634170532,1.7832000255584717,1.9467500448226929,198.6999969482422,1.0755800008773804,1.8469599485397339,2.0569798946380615,2.2452900409698486,107.58499908447266,96.5999984741211,88.48699951171875,184.7311248779297,0.8978300094604492,0.5228419899940491,1.0915000438690186,0.8223900198936462,0.47892001271247864,0.5822799801826477
2025-07-25,1.1756131649017334,1.3510043621063232,147.0050048828125,0.7948700189590454,1.3640600442886353,0.6597176194190979,0.6037116050720215,172.80799865722656,0.870199978351593,0.9344099760055542,1.6030000448226929,1.7822799682617188,1.9471999406814575,198.58700561523438,1.0737799406051636,1.842710018157959,2.0481700897216797,2.2376699447631836,107.75700378417969,96.95099639892578,88.72599792480469,184.91262817382812,0.899370014667511,0.5242660045623779,1.092460036277771,0.8233000040054321,0.4797399938106537,0.5826299786567688
2025-07-28,1.1756821870803833,1.344085931777954,147.81300354003906,0.7953699827194214,1.37021005153656,0.6572980284690857,0.6019309759140015,173.76699829101562,0.8748000264167786,0.9350200295448303,1.6105999946594238,1.789039969444275,1.9530400037765503,198.6280059814453,1.0687600374221802,1.8412400484085083,2.0448999404907227,2.232100009918213,107.87000274658203,97.11599731445312,88.94000244140625,185.82200622558594,0.9002400040626526,0.5225600004196167,1.0908000469207764,0.8245599865913391,0.47859999537467957,0.5803999900817871
2025-07-29,1.1596757173538208,1.336023211479187,148.47900390625,0.8030999898910522,1.3734300136566162,0.6524008512496948,0.5971896052360535,172.17599487304688,0.8679500222206116,0.9314699769020081,1.5926300287246704,1.778059959411621,1.9418200254440308,198.35800170898438,1.073099970817566,1.8348300457000732,2.048460006713867,2.2369799613952637,108.09600067138672,96.81999969482422,88.64800262451172,184.83615112304688,0.8955699801445007,0.5238100290298462,1.092020034790039,0.8199899792671204,0.479559987783432,0.5847600102424622
2025-07-30,1.1550945043563843,1.3353630304336548,148.44200134277344,0.8054699897766113,1.3773900270462036,0.651321530342102,0.595461368560791,171.4510040283203,0.8649299740791321,0.9303699731826782,1.590880036354065,1.773319959640503,1.9397300481796265,198.20899963378906,1.0755599737167358,1.8391900062561035,2.0501201152801514,2.241499900817871,107.76100158691406,96.6709976196289,88.36900329589844,184.2567901611328,0.8970320224761963,0.5246000289916992,1.0936800241470337,0.8199800252914429,0.4794900119304657,0.5847399830818176
2025-07-31,1.1429355144500732,1.3257676362991333,149.2259979248047,0.8132100105285645,1.3825199604034424,0.6447120904922485,0.5907686352729797,170.5399932861328,0.8620200157165527,0.929390013217926,1.579949975013733,1.772629976272583,1.9344899654388428,197.8179931640625,1.0780400037765503,1.8327200412750244,2.056220054626465,2.243959903717041,107.927001953125,96.19400024414062,88.13600158691406,183.46099853515625,0.8911899924278259,0.5242199897766113,1.0911699533462524,0.8165500164031982,0.4802800118923187,0.5881400108337402
2025-08-01,1.142374038696289,1.3209865093231201,150.77200317382812,0.8138999938964844,1.385699987411499,0.6429089903831482,0.5888692140579224,172.22300720214844,0.8647400140762329,0.9296600222587585,1.582859992980957,1.776710033416748,1.9398000240325928,199.14700317382812,1.0749800205230713,1.8303099870681763,2.054490089416504,2.2430500984191895,108.7969970703125,96.92500305175781,88.75,185.2222900390625,0.890841007232666,0.5231999754905701,1.0917199850082397,0.815500020980835,0.4791100025177002,0.5872600078582764
2025-08-04,1.158668041229248,1.3289920091629028,147.34300231933594,0.8040099740028381,1.3778300285339355,0.6469100117683411,0.5914185047149658,170.7050018310547,0.8717600107192993,0.9315400123596191,1.5962899923324585,1.7909200191497803,1.9589699506759644,195.79600524902344,1.0684599876403809,1.8308900594711304,2.0541601181030273,2.2470099925994873,106.93000030517578,95.31099700927734,87.11900329589844,183.23245239257812,0.891219973564148,0.5200899839401245,1.093809962272644,0.8146100044250488,0.4753499925136566,0.5834900140762329
2025-08-05,1.1584129333496094,1.3297518491744995,146.79299926757812,0.8070899844169617,1.3767999410629272,0.6474796533584595,0.5916984677314758,170.03500366210938,0.8710899949073792,0.9348899722099304,1.5944000482559204,1.7890199422836304,1.9576499462127686,195.18299865722656,1.0731500387191772,1.830399990081787,2.053499937057495,2.247189998626709,106.60099792480469,95.03199768066406,86.83599853515625,181.85299682617188,0.8914620280265808,0.5225340127944946,1.0941599607467651,0.8145099878311157,0.47742000222206116,0.5860900282859802
2025-08-06,1.1579166650772095,1.3299463987350464,147.55999755859375,0.8069199919700623,1.3770699501037598,0.6472994685173035,0.5909292101860046,170.8489990234375,0.8705899715423584,0.9343100190162659,1.594480037689209,1.7887099981307983,1.9593600034713745,196.2310028076172,1.0730799436569214,1.8313100337982178,2.054460048675537,2.2504398822784424,107.13995361328125,95.50199890136719,87.17500305175781,182.8350067138672,0.891260027885437,0.5222499966621399,1.0952800512313843,0.8131999969482422,0.4767000079154968,0.5858700275421143
2025-08-07,1.1663167476654053,1.3357912302017212,147.1929931640625,0.8060500025749207,1.37391996383667,0.6500217914581299,0.59284907579422,171.65499877929688,0.8730400204658508,0.9400299787521362,1.602239966392517,1.7940800189971924,1.9671200513839722,196.60800170898438,1.0766500234603882,1.8351600170135498,2.054879903793335,2.2530500888824463,107.1240005493164,95.66799926757812,87.24299621582031,182.57325744628906,0.892989993095398,0.5238999724388123,1.0963599681854248,0.814329981803894,0.47773000597953796,0.5866100192070007
2025-08-08,1.1676650047302246,1.345152735710144,146.83700561523438,0.8056899905204773,1.3732500076293945,0.6525711417198181,0.597011387348175,171.44900512695312,0.8679599761962891,0.9407100081443787,1.603309988975525,1.7891900539398193,1.9558000564575195,197.5070037841797,1.0836999416351318,1.8471200466156006,2.0612099170684814,2.253040075302124,106.92088317871094,95.81300354003906,87.64099884033203,182.22799682617188,0.8961039781570435,0.5257700085639954,1.093013048171997,0.8196399807929993,0.4808399975299835,0.586650013923645
2025-08-11,1.1647952795028687,1.3444474935531616,147.66400146484375,0.8074700236320496,1.3752700090408325,0.6517715454101562,0.5949299931526184,171.99099731445312,0.8663399815559387,0.940530002117157,1.601830005645752,1.7870399951934814,1.9578100442886353,198.49000549316406,1.0855300426483154,1.8488399982452393,2.062609910964966,2.259700059890747,107.36399841308594,96.23600006103516,87.8280029296875,182.83197021484375,0.8962900042533875,0.5262600183486938,1.0954999923706055,0.8179900050163269,0.4802500009536743,0.5870800018310547
2025-08-12,1.1618449687957764,1.3435261249542236,148.125,0.8118000030517578,1.377369999885559,0.6514403223991394,0.5940499901771545,172.07899475097656,0.8646000027656555,0.9432200193405151,1.6000699996948242,1.7832499742507935,1.9555699825286865,198.99000549316406,1.0907599925994873,1.850409984588623,2.0622599124908447,2.261509895324707,107.53700256347656,96.48799896240234,87.97000122070312,182.39901733398438,0.8972100019454956,0.5288800001144409,1.096560001373291,0.8180199861526489,0.48217999935150146,0.5894100069999695
2025-08-13,1.1677058935165405,1.3504207134246826,147.75799560546875,0.8061400055885315,1.376960039138794,0.6529802083969116,0.5957806706428528,172.5330047607422,0.8646799921989441,0.94132000207901,1.6078300476074219,1.7881699800491333,1.9599299430847168,199.52099609375,1.0885000228881836,1.8593300580978394,2.0678799152374268,2.266479969024658,107.29900360107422,96.4729995727539,88.01000213623047,183.26600646972656,0.8990650177001953,0.5263779759407043,1.0959500074386597,0.8201599717140198,0.4801500141620636,0.5853899717330933
2025-08-14,1.171289324760437,1.3585295677185059,147.1199951171875,0.8047199845314026,1.3752100467681885,0.6551706194877625,0.5981004238128662,172.31399536132812,0.8621399998664856,0.9423999786376953,1.610700011253357,1.7876700162887573,1.9583200216293335,199.85699462890625,1.0931700468063354,1.8681700229644775,2.073430061340332,2.2713100910186768,106.97000122070312,96.38200378417969,87.97138214111328,182.7988739013672,0.9010059833526611,0.5271999835968018,1.0953799486160278,0.8223609924316406,0.48121100664138794,0.5850899815559387
2025-08-15,1.1651345491409302,1.3530701398849487,147.6909942626953,0.8075199723243713,1.381309986114502,0.6497514843940735,0.5921083688735962,172.06985473632812,0.8610299825668335,0.9409000277519226,1.6092599630355835,1.793030023574829,1.9676200151443481,199.8209991455078,1.0925500392913818,1.868880033493042,2.082289934158325,2.285020112991333,106.91100311279297,95.95500183105469,87.427001953125,182.86399841308594,0.8974400162696838,0.524649977684021,1.097309947013855,0.8176900148391724,0.4779999852180481,0.5845299959182739
2025-08-18,1.1706587076187134,1.3556381464004517,147.26400756835938,0.8065999746322632,1.381500005722046,0.651296079158783,0.5928595662117004,172.38800048828125,0.8634999990463257,0.9441699981689453,1.6171300411224365,1.797629952430725,1.9743499755859375,199.62600708007812,1.093309998512268,1.8726099729537964,2.0816400051116943,2.286360025405884,106.58899688720703,95.88300323486328,87.28700256347656,182.55345153808594,0.8992000222206116,0.5251500010490417,1.0982600450515747,0.8188499808311462,0.47804999351501465,0.5837600231170654
2025-08-19,1.1668338775634766,1.3508219718933105,147.91600036621094,0.8074100017547607,1.380210041999817,0.6494801044464111,0.5923784375190735,172.58399963378906,0.8637499809265137,0.9420400261878967,1.6102800369262695,1.7964400053024292,1.969539999961853,199.80099487304688,1.090559959411621,1.8642899990081787,2.0796899795532227,2.2803499698638916,107.16200256347656,96.06300354003906,87.60600280761719,183.17872619628906,0.8963599801063538,0.5243200063705444,1.0963399410247803,0.8173999786376953,0.47811999917030334,0.584879994392395
2025-08-20,1.164252758026123,1.348679542541504,147.7310028076172,0.8077700138092041,1.3866000175476074,0.6454598307609558,0.5897687077522278,171.9929962158203,0.8632400035858154,0.9404100179672241,1.6141799688339233,1.803670048713684,1.9740400314331055,199.23399353027344,1.089359998703003,1.8696999549865723,2.089319944381714,2.2868099212646484,106.5,95.3479995727539,87.10600280761719,182.86000061035156,0.8948900103569031,0.5209000110626221,1.094349980354309,0.8175699710845947,0.47620999813079834,0.5824400186538696
2025-08-21,1.165175199508667,1.3466380834579468,147.3179931640625,0.8041399717330933,1.387279987335205,0.6436100006103516,0.5828185081481934,171.6490020751953,0.8652799725532532,0.9368399977684021,1.6163100004196167,1.8102600574493408,1.9990899562835693,198.3509979248047,1.082610011100769,1.868090033531189,2.092010021209717,2.3104801177978516,106.18399810791016,94.80899810791016,85.84100341796875,183.1842803955078,0.8927900195121765,0.5174499750137329,1.1042100191116333,0.8083400130271912,0.4685100018978119,0.5795599818229675
2025-08-22,1.16130530834198,1.3419395685195923,148.38600158691406,0.8086699843406677,1.3900400400161743,0.6425496339797974,0.5822314620018005,172.31500244140625,0.8654000163078308,0.9390400052070618,1.614169955253601,1.8072099685668945,1.9943900108337402,199.08799743652344,1.0849900245666504,1.8651399612426758,2.088099956512451,2.3045899868011475,106.74299621582031,95.33699798583984,86.3740005493164,183.48452758789062,0.8930799961090088,0.519573986530304,1.1035300493240356,0.8090400099754333,0.470660001039505,0.5816599726676941
2025-08-25,1.1709601879119873,1.35111403465271,147.21499633789062,0.8022599816322327,1.3828799724578857,0.6484898924827576,0.5865412354469299,172.3719940185547,0.866599977016449,0.9393699765205383,1.6191799640655518,1.8054399490356445,1.996269941329956,198.8979949951172,1.0838600397109985,1.868299961090088,2.083240032196045,2.303410053253174,106.447998046875,95.46199798583984,86.32129669189453,183.46778869628906,0.8966900110244751,0.5202100276947021,1.1054949760437012,0.8109099864959717,0.4704200029373169,0.5800700187683105
2025-08-26,1.1618449687957764,1.3453518152236938,147.82200622558594,0.8061699867248535,1.3859299421310425,0.6481099724769592,0.5849184393882751,171.6790008544922,0.8632699847221375,0.9363600015640259,1.609470009803772,1.7919000387191772,1.985610008239746,198.86199951171875,1.0845799446105957,1.8643900156021118,2.0754899978637695,2.2999401092529297,106.65299987792969,95.8010025024414,86.44400024414062,183.32479858398438,0.8981879949569702,0.5225369930267334,1.1080299615859985,0.8104509711265564,0.47141000628471375,0.5816199779510498
2025-08-27,1.1639411449432373,1.3478723764419556,147.46200561523438,0.8037599921226501,1.3833400011062622,0.6495801210403442,0.5858402848243713,171.6179962158203,0.8634999990463257,0.93545001745224,1.6098699569702148,1.7917100191116333,1.986549973487854,198.72000122070312,1.0832600593566895,1.8643800020217896,2.074769973754883,2.3007900714874268,106.58699798583984,95.7760009765625,86.36500549316406,183.45144653320312,0.8984500169754028,0.5220779776573181,1.1086900234222412,0.8101999759674072,0.4706900119781494,0.5810099840164185
2025-08-28,1.1647952795028687,1.3503841161727905,147.3159942626953,0.8015000224113464,1.3781399726867676,0.6511399745941162,0.5861183404922485,171.58599853515625,0.8625100255012512,0.9335700273513794,1.6048099994659424,1.7886799573898315,1.9872100353240967,198.92300415039062,1.0822700262069702,1.8609100580215454,2.073620080947876,2.3038699626922607,106.88999938964844,95.91899871826172,86.322998046875,183.7749481201172,0.8973100185394287,0.5219050049781799,1.1108800172805786,0.8075590133666992,0.46963000297546387,0.581529974937439
2025-08-29,1.1681560277938843,1.35111403465271,146.7899932861328,0.8015900254249573,1.3749799728393555,0.6532399654388428,0.5885087847709656,171.4720001220703,0.8645399808883667,0.9363099932670593,1.6059999465942383,1.7880899906158447,1.9848500490188599,198.32400512695312,1.0829499959945679,1.8576300144195557,2.0680899620056152,2.2957398891448975,106.75199890136719,95.88400268554688,86.36900329589844,183.09100341796875,0.8981299996376038,0.5236210227012634,1.1099580526351929,0.8089799880981445,0.47163400053977966,0.582889974117279
2025-09-01,1.1691803932189941,1.3503841161727905,147.0970001220703,0.8006399869918823,1.3738399744033813,0.6543598771095276,0.5896887183189392,171.95899963378906,0.8656799793243408,0.9358999729156494,1.6060099601745605,1.7864500284194946,1.9816999435424805,198.6280059814453,1.0810500383377075,1.8551000356674194,2.063390016555786,2.289949893951416,107.06300354003906,96.2490005493164,86.7249984741211,183.68670654296875,0.8989199995994568,0.523904025554657,1.1096199750900269,0.809939980506897,0.47196999192237854,0.5826799869537354
2025-09-02,1.1715912818908691,1.3547931909561157,147.08399963378906,0.8001499772071838,1.3747400045394897,0.6556801199913025,0.5906291007995605,172.3179931640625,0.8647000193595886,0.9373999834060669,1.6104700565338135,1.7866899967193604,1.9835599660873413,199.26100158691406,1.083940029144287,1.8624099493026733,2.0659799575805664,2.2937400341033936,106.98400115966797,96.43599700927734,86.85600280761719,183.808349609375,0.9013299942016602,0.5246300101280212,1.1100900173187256,0.8117600083351135,0.4724000096321106,0.5819399952888489
2025-09-03,1.163602590560913,1.3383476734161377,148.54800415039062,0.8052899837493896,1.3784500360488892,0.6518301367759705,0.5861698985099792,172.81700134277344,0.8692399859428406,0.9368199706077576,1.6034499406814575,1.7846499681472778,1.984529972076416,198.7949981689453,1.0776300430297852,1.8446500301361084,2.0528900623321533,2.283250093460083,107.76000213623047,96.822998046875,87.05999755859375,184.4552459716797,0.8984400033950806,0.5248870253562927,1.1119199991226196,0.807699978351593,0.4718500077724457,0.5841100215911865
2025-09-04,1.16604483127594,1.3441582918167114,147.97999572753906,0.8037999868392944,1.3793100118637085,0.6544399857521057,0.5881107449531555,172.5469970703125,0.8674600124359131,0.937250018119812,1.6082600355148315,1.7815899848937988,1.982640027999878,198.89700317382812,1.0803600549697876,1.8538600206375122,2.053539991378784,2.2853798866271973,107.27999877929688,96.84400177001953,87.00800323486328,184.07437133789062,0.9026299715042114,0.5260000228881836,1.1127500534057617,0.8109830021858215,0.47258999943733215,0.5827100276947021
2025-09-05,1.1656913757324219,1.3444474935531616,148.375,0.8051300048828125,1.381500005722046,0.6521999835968018,0.5851101279258728,172.95399475097656,0.8670099973678589,0.9384700059890747,1.6103099584579468,1.7871700525283813,1.9921900033950806,199.468994140625,1.0822999477386475,1.857200026512146,2.0611300468444824,2.29761004447937,107.39600372314453,96.76699829101562,86.79499816894531,184.2729949951172,0.9009299874305725,0.5250300168991089,1.1146199703216553,0.8081200122833252,0.47091999650001526,0.5827000141143799
2025-09-08,1.1713168621063232,1.3492909669876099,148.343994140625,0.7991799712181091,1.3833999633789062,0.655450165271759,0.5888698697090149,173.75599670410156,0.8680400252342224,0.9360600113868713,1.6203800439834595,1.7868499755859375,1.9882999658584595,200.1540069580078,1.078279972076416,1.8666199445724487,2.058379888534546,2.291100025177002,107.22000122070312,97.23100280761719,87.34300231933594,185.59771728515625,0.9067299962043762,0.5237900018692017,1.1129599809646606,0.8145300149917603,0.47051000595092773,0.5776000022888184
2025-09-09,1.1769136190414429,1.3553073406219482,147.36399841308594,0.7928100228309631,1.3795000314712524,0.6598090529441833,0.5945091247558594,173.42999267578125,0.8683300018310547,0.9330099821090698,1.6232999563217163,1.78357994556427,1.979599952697754,199.7100067138672,1.0743800401687622,1.8689759969711304,2.054194927215576,2.279639959335327,106.81099700927734,97.2229995727539,87.58799743652344,185.85658264160156,0.9101600050926208,0.5230399966239929,1.1097899675369263,0.8199499845504761,0.47117000818252563,0.5745999813079834
2025-09-10,1.1702749729156494,1.352109670639038,147.39199829101562,0.7972999811172485,1.384660005569458,0.6584700345993042,0.5925999879837036,172.4810028076172,0.8654999732971191,0.9332000017166138,1.6202800273895264,1.7770700454711914,1.974560022354126,199.28599548339844,1.0778000354766846,1.8720500469207764,2.053189992904663,2.2815399169921875,106.43900299072266,97.0469970703125,87.33100128173828,184.81300354003906,0.9116899967193604,0.5250099897384644,1.1110299825668335,0.820389986038208,0.4724299907684326,0.5758900046348572
2025-09-11,1.1703435182571411,1.3534730672836304,147.33200073242188,0.7986699938774109,1.3860499858856201,0.6619316339492798,0.5943783521652222,172.43800354003906,0.8646600246429443,0.9346399903297424,1.6220699548721313,1.7680000066757202,1.9689300060272217,199.40499877929688,1.0808500051498413,1.875849962234497,2.044569969177246,2.2769999504089355,106.2699966430664,97.5199966430664,87.54000091552734,184.4652862548828,0.9174000024795532,0.5286419987678528,1.113569974899292,0.823199987411499,0.4745500087738037,0.5761200189590454
2025-09-12,1.1734747886657715,1.3576626777648926,147.2239990234375,0.7959499955177307,1.383370041847229,0.6668000221252441,0.5977801084518433,172.76300048828125,0.8642600178718567,0.933929979801178,1.6232099533081055,1.7598999738693237,1.9627399444580078,199.86599731445312,1.0805200338363647,1.8780499696731567,2.0365400314331055,2.2708499431610107,106.40899658203125,98.13400268554688,87.9800033569336,184.94305419921875,0.9221199750900269,0.5305989980697632,1.1151260137557983,0.8268200159072876,0.47569000720977783,0.5752400159835815
2025-09-15,1.1726491451263428,1.3553440570831299,147.66600036621094,0.7967000007629395,1.3839000463485718,0.6648998260498047,0.5953408479690552,173.14500427246094,0.8651300072669983,0.9341700077056885,1.6226799488067627,1.7633999586105347,1.9696099758148193,200.12600708007812,1.0797300338745117,1.875,2.038209915161133,2.276479959487915,106.69000244140625,98.1719970703125,87.88800048828125,185.32676696777344,0.9200599789619446,0.5296400189399719,1.1167700290679932,0.8237460255622864,0.4741399884223938,0.5755599737167358
2025-09-16,1.1763737201690674,1.3602666854858398,147.40499877929688,0.7946599721908569,1.3774000406265259,0.6673001646995544,0.596911609172821,173.39599609375,0.8647599816322327,0.934719979763031,1.6202800273895264,1.762760043144226,1.9707599878311157,200.5,1.0808299779891968,1.8735500574111938,2.038170099258423,2.2788100242614746,107.00700378417969,98.36000061035156,87.97100067138672,185.47799682617188,0.9190999865531921,0.5302760004997253,1.1179200410842896,0.8219950199127197,0.4741699993610382,0.5768200159072876
2025-09-17,1.1871408224105835,1.365392804145813,146.41299438476562,0.7859100103378296,1.3738800287246704,0.6688998937606812,0.5989401340484619,173.8000030517578,0.86940997838974,0.932919979095459,1.6308799982070923,1.7746299505233765,1.9811999797821045,199.8979949951172,1.072950005531311,1.875730037689209,2.041100025177002,2.279360055923462,106.56400299072266,97.93399810791016,87.6780014038086,186.2790069580078,0.9189000129699707,0.5256869792938232,1.1166599988937378,0.8227300047874451,0.4700999855995178,0.5719599723815918
2025-09-18,1.1826341152191162,1.3629734516143799,146.89100646972656,0.7883399724960327,1.3769899606704712,0.6652501225471497,0.5934189558029175,173.70799255371094,0.8676199913024902,0.9322199821472168,1.6280499696731567,1.777519941329956,1.9919999837875366,200.2010040283203,1.0744099617004395,1.8767399787902832,2.048569917678833,2.295599937438965,106.6719970703125,97.71499633789062,87.14600372314453,186.29977416992188,0.9159899950027466,0.524399995803833,1.1210299730300903,0.8169379830360413,0.46766000986099243,0.5724200010299683
2025-09-19,1.1791062355041504,1.3556013107299805,147.94700622558594,0.7925099730491638,1.3791799545288086,0.6617901921272278,0.5891293883323669,174.4320068359375,0.8696500062942505,0.934249997138977,1.625830054283142,1.7813199758529663,2.0010900497436523,200.54800415039062,1.0742199420928955,1.8694900274276733,2.0481300354003906,2.300909996032715,107.26781463623047,97.90599822998047,87.13999938964844,186.6785125732422,0.9126499891281128,0.5244200229644775,1.1224000453948975,0.8123160004615784,0.466729998588562,0.5745499730110168
2025-09-22,1.1736950874328613,1.3464748859405518,148.09500122070312,0.7962300181388855,1.3782000541687012,0.6589308381080627,0.5851306319236755,173.81199645996094,0.871649980545044,0.9344599843025208,1.617609977722168,1.7811700105667114,2.0058000087738037,199.39300537109375,1.0716999769210815,1.8556599617004395,2.0432400703430176,2.300950050354004,107.44100189208984,97.57599639892578,86.63400268554688,185.9807891845703,0.9081950187683105,0.5246220231056213,1.1260900497436523,0.8062800168991089,0.46573999524116516,0.5776000022888184
2025-09-23,1.1801080703735352,1.3514974117279053,147.72500610351562,0.792389988899231,1.3824900388717651,0.660199761390686,0.5868799686431885,174.32899475097656,0.8730999827384949,0.9350500106811523,1.6313799619674683,1.7877000570297241,2.0106000900268555,199.63900756835938,1.0707000494003296,1.868280053138733,2.0472500324249268,2.3025100231170654,106.83000183105469,97.50800323486328,86.66000366210938,186.41200256347656,0.9125300049781799,0.5228490233421326,1.1246600151062012,0.8112000226974487,0.46492999792099,0.5730699896812439
2025-09-24,1.1814465522766113,1.3524478673934937,147.61300659179688,0.7914299964904785,1.3839099407196045,0.6597799062728882,0.5856995582580566,174.3820037841797,0.8735899925231934,0.9349700212478638,1.6347899436950684,1.7904900312423706,2.0170600414276123,199.60800170898438,1.0701600313186646,1.8713639974594116,2.049420118331909,2.3088700771331787,106.65499877929688,97.38899993896484,86.43499755859375,186.49600219726562,0.9130100011825562,0.5221660137176514,1.1264499425888062,0.8103299736976624,0.4633699953556061,0.5717800259590149
2025-09-25,1.1744670867919922,1.3452396392822266,148.75100708007812,0.7946599721908569,1.3896000385284424,0.6586921215057373,0.5816601514816284,174.6959991455078,0.8730000257492065,0.9332600235939026,1.631909966468811,1.782920002937317,2.018899917602539,200.10000610351562,1.068969964981079,1.8687000274658203,2.0422298908233643,2.3124799728393555,107.0199966430664,97.97000122070312,86.51100158691406,187.15692138671875,0.9151999950408936,0.5233700275421143,1.1322400569915771,0.808139979839325,0.46213001012802124,0.5717999935150146
2025-09-26,1.166275978088379,1.333653450012207,149.86099243164062,0.8000400066375732,1.3940999507904053,0.6537314653396606,0.5763190388679504,174.7729949951172,0.8744500279426575,0.9330300092697144,1.625830054283142,1.7839299440383911,2.023469924926758,199.8509979248047,1.0669000148773193,1.8590400218963623,2.039949893951416,2.3138999938964844,107.45999908447266,97.9520034790039,86.34600067138672,187.28395080566406,0.9112570285797119,0.5229460000991821,1.1341500282287598,0.8032600283622742,0.46059998869895935,0.5738000273704529
2025-09-29,1.170823097229004,1.3408241271972656,149.40499877929688,0.7974799871444702,1.39382004737854,0.6553998589515686,0.577820897102356,174.8820037841797,0.8729900121688843,0.933489978313446,1.6314500570297241,1.786460041999817,2.025789976119995,200.31399536132812,1.069200038909912,1.868690013885498,2.0461599826812744,2.320349931716919,107.18299865722656,97.88300323486328,86.30699920654297,187.30999755859375,0.9131399989128113,0.5223990082740784,1.1338800191879272,0.8051499724388123,0.46066001057624817,0.5720999836921692
2025-09-30,1.1731443405151367,1.3437248468399048,148.59500122070312,0.7972000241279602,1.3916200399398804,0.6581978797912598,0.5781516432762146,174.3179931640625,0.8730999827384949,0.9353700280189514,1.6324100494384766,1.7830899953842163,2.0291099548339844,199.64599609375,1.0713000297546387,1.8697400093078613,2.042249917984009,2.3239500522613525,106.77100372314453,97.7509994506836,85.88800048828125,186.33599853515625,0.9154700040817261,0.5245199799537659,1.1378799676895142,0.8043599724769592,0.46083998680114746,0.5728899836540222
2025-10-01,1.1735849380493164,1.3443390130996704,147.9969940185547,0.7961999773979187,1.3923499584197998,0.6610700488090515,0.5795992612838745,173.67300415039062,0.8729400038719177,0.9345399737358093,1.6338399648666382,1.775089979171753,2.024739980697632,198.94900512695312,1.0705100297927856,1.8717000484466553,2.0333399772644043,2.3193600177764893,106.28500366210938,97.83000183105469,85.75700378417969,185.81736755371094,0.9203799962997437,0.5264099836349487,1.140529990196228,0.8068000078201294,0.4614199995994568,0.5718799829483032
2025-10-02,1.1734058856964111,1.3480178117752075,147.08299255371094,0.7969099879264832,1.3939499855041504,0.6615498065948486,0.5821806192398071,172.57699584960938,0.8704100251197815,0.9350200295448303,1.6355400085449219,1.7736300230026245,2.014899969100952,198.25999450683594,1.0741100311279297,1.8789199590682983,2.037400007247925,2.3152999877929688,105.51000213623047,97.28900146484375,85.61499786376953,184.5514678955078,0.9218599796295166,0.5270500183105469,1.1362199783325195,0.8113200068473816,0.46378999948501587,0.5716099739074707
2025-10-03,1.1725116968154907,1.3446643352508545,147.14999389648438,0.7970200181007385,1.396090030670166,0.6598090529441833,0.5819502472877502,172.5290069580078,0.8719300031661987,0.934499979019165,1.6363999843597412,1.7770700454711914,2.0137999057769775,197.86000061035156,1.071679949760437,1.877150058746338,2.0378201007843018,2.310539960861206,105.39399719238281,97.072998046875,85.61399841308594,184.5945587158203,0.9210439920425415,0.5258499979972839,1.1336970329284668,0.8122299909591675,0.46369999647140503,0.5708299875259399
2025-10-06,1.171248197555542,1.3433817625045776,149.6060028076172,0.7971900105476379,1.3964999914169312,0.6593101024627686,0.5824688673019409,175.21200561523438,0.8717799782752991,0.9336400032043457,1.635390043258667,1.77606999874115,2.01065993309021,200.9600067138672,1.0707800388336182,1.8758100271224976,2.037209987640381,2.306119918823242,107.12000274658203,98.63300323486328,87.125,187.65113830566406,0.9206299781799316,0.5255929827690125,1.1318600177764893,0.8131999969482422,0.46417000889778137,0.5707499980926514
2025-10-07,1.171028733253479,1.3484903573989868,150.33099365234375,0.7949100136756897,1.3946000337600708,0.6616500020027161,0.5840998888015747,176.03599548339844,0.8683599829673767,0.930840015411377,1.632889986038208,1.7697299718856812,2.004610061645508,202.7050018310547,1.0718499422073364,1.8804600238800049,2.0378799438476562,2.307499885559082,107.79000091552734,99.45999908447266,87.79000091552734,189.0969696044922,0.9226800203323364,0.5259299874305725,1.1326099634170532,0.8144500255584717,0.46421000361442566,0.5699300169944763
2025-10-08,1.1654603481292725,1.3421016931533813,152.05099487304688,0.7985900044441223,1.3952800035476685,0.6580505967140198,0.5797706246376038,177.19700622558594,0.8683000206947327,0.930649995803833,1.6259700059890747,1.770900011062622,2.010040044784546,204.05799865722656,1.0717099905014038,1.8724700212478638,2.0393800735473633,2.314729928970337,108.96600341796875,100.0459976196289,88.13400268554688,190.36859130859375,0.9180499911308289,0.5254499912261963,1.1349200010299683,0.8087530136108398,0.46285998821258545,0.5722799897193909
2025-10-09,1.1631964445114136,1.3401411771774292,152.67999267578125,0.8015000224113464,1.3954600095748901,0.6584500670433044,0.5783489346504211,177.5540008544922,0.8677899837493896,0.9320700168609619,1.6228200197219849,1.7661000490188599,2.010809898376465,204.59800720214844,1.0740100145339966,1.8700000047683716,2.035059928894043,2.316499948501587,109.40499877929688,100.52799987792969,88.28099822998047,190.4585418701172,0.918828010559082,0.5277649760246277,1.1384899616241455,0.8068600296974182,0.46340999007225037,0.5743100047111511
2025-10-10,1.156644344329834,1.3304948806762695,152.96499633789062,0.8061699867248535,1.4018800258636475,0.6561291813850403,0.5752912163734436,176.93600463867188,0.8693299889564514,0.9323899745941162,1.621399998664856,1.762719988822937,2.0105199813842773,203.50399780273438,1.0724600553512573,1.8650000095367432,2.027590036392212,2.3125500679016113,109.10800170898438,100.3550033569336,87.97599792480469,189.72000122070312,0.9197099804878235,0.5288800001144409,1.1404399871826172,0.8062790036201477,0.46362000703811646,0.5749899744987488
2025-10-13,1.160240888595581,1.3336178064346313,152.05599975585938,0.8023200035095215,1.3998500108718872,0.6498401165008545,0.5726786255836487,176.41400146484375,0.8699600100517273,0.9308099746704102,1.6239800453186035,1.7852799892425537,2.025629997253418,202.77200317382812,1.069890022277832,1.8665900230407715,2.051990032196045,2.328540086746216,108.61699676513672,98.80599975585938,87.05999755859375,189.5066375732422,0.9095600247383118,0.5213540196418762,1.1346399784088135,0.8014600276947021,0.45930999517440796,0.5731199979782104
2025-10-14,1.1566845178604126,1.3332622051239014,152.4340057373047,0.8042899966239929,1.4039000272750854,0.651159942150116,0.5717487335205078,176.31100463867188,0.8675000071525574,0.930180013179779,1.623669981956482,1.7761499881744385,2.0229599475860596,203.2239990234375,1.0722299814224243,1.8717199563980103,2.047369956970215,2.3319900035858154,108.57499694824219,99.25199890136719,87.13700103759766,189.5070037841797,0.914080023765564,0.523639976978302,1.1388399600982666,0.8024770021438599,0.4596799910068512,0.5728499889373779
2025-10-15,1.1602274179458618,1.3321610689163208,151.7310028076172,0.8015300035476685,1.4045000076293945,0.6491301655769348,0.5715000629425049,176.04200744628906,0.8709400296211243,0.92985999584198,1.6294200420379639,1.7872300148010254,2.030630111694336,202.11599731445312,1.0676100254058838,1.8706599473953247,2.0519299507141113,2.331660032272339,108.02799987792969,98.49299621582031,86.677001953125,189.2807159423828,0.911620020866394,0.5203070044517517,1.136199951171875,0.8022199869155884,0.45774999260902405,0.5706499814987183
2025-10-16,1.1646324396133423,1.3404465913772583,150.9739990234375,0.7965499758720398,1.4046000242233276,0.6508001685142517,0.5716115236282349,175.81900024414062,0.8687899708747864,0.9276300072669983,1.635509967803955,1.789520025253296,2.0372300148010254,202.36000061035156,1.0676300525665283,1.8823699951171875,2.0595901012420654,2.3450798988342285,107.48799896240234,98.23999786376953,86.27999877929688,189.49600219726562,0.9140130281448364,0.5183380246162415,1.1384390592575073,0.802681028842926,0.455159991979599,0.5670199990272522
2025-10-17,1.1699601411819458,1.3445558547973633,150.1199951171875,0.7918300032615662,1.4046000242233276,0.64823979139328,0.572701632976532,175.6300048828125,0.8701199889183044,0.9263499975204468,1.6431599855422974,1.804669976234436,2.042840003967285,201.83799743652344,1.064579963684082,1.8883700370788574,2.0740299224853516,2.34768009185791,106.87899780273438,97.30799865722656,85.95099639892578,189.5663299560547,0.9103999733924866,0.5132849812507629,1.1318800449371338,0.8043199777603149,0.45333001017570496,0.5637400150299072
2025-10-20,1.165745735168457,1.342588186264038,150.89999389648438,0.7935900092124939,1.4015899896621704,0.6501701474189758,0.5731808543205261,175.9040069580078,0.8682500123977661,0.9250100255012512,1.6338000297546387,1.7928500175476074,2.0337600708007812,202.58200073242188,1.065369963645935,1.8816100358963013,2.0646800994873047,2.3422598838806152,107.65998077392578,98.10600280761719,86.47200012207031,190.11099243164062,0.9111999869346619,0.5159199833869934,1.1334999799728394,0.8031499981880188,0.45471999049186707,0.5661399960517883
2025-10-21,1.164442539215088,1.3405184745788574,150.7740020751953,0.7924000024795532,1.4033000469207764,0.6516313552856445,0.5744485259056091,175.55599975585938,0.8686100244522095,0.9226899743080139,1.6339499950408936,1.7868800163269043,2.02620005607605,202.10400390625,1.0621800422668457,1.8806999921798706,2.057039976119995,2.333509922027588,107.43599700927734,98.23999786376953,86.58899688720703,190.24066162109375,0.9144840240478516,0.5163440108299255,1.1342899799346924,0.8058900237083435,0.4550600051879883,0.5646200180053711
2025-10-22,1.160038948059082,1.336523175239563,151.89300537109375,0.7967000007629395,1.4019900560379028,0.6491904854774475,0.5742605328559875,176.19500732421875,0.867900013923645,0.9241300225257874,1.6262400150299072,1.7867799997329712,2.0199999809265137,202.9929962158203,1.0646899938583374,1.8736200332641602,2.0585999488830566,2.3272299766540527,108.33300018310547,98.60099792480469,87.2030029296875,190.61000061035156,0.9101150035858154,0.5171939730644226,1.1304399967193604,0.8048989772796631,0.45735999941825867,0.5681899785995483
2025-10-23,1.1608469486236572,1.3351848125457764,151.95399475097656,0.7960900068283081,1.3988800048828125,0.6489999890327454,0.5736905336380005,176.39100646972656,0.8693900108337402,0.9240599870681763,1.6235300302505493,1.7890700101852417,2.0234100818634033,202.8780059814453,1.0628199577331543,1.867609977722168,2.0576601028442383,2.3272199630737305,108.62200164794922,98.58399963378906,87.15499877929688,190.85800170898438,0.9075199961662292,0.5163729786872864,1.1309200525283813,0.8023099899291992,0.4565599858760834,0.5690199732780457
2025-10-24,1.1618045568466187,1.332746982574463,152.6020050048828,0.7950800061225891,1.3986599445343018,0.6514798402786255,0.5755196809768677,177.29100036621094,0.8716700077056885,0.9236500263214111,1.6248600482940674,1.7831300497055054,2.018549919128418,203.3719940185547,1.059540033340454,1.8639400005340576,2.0454599857330322,2.315540075302124,109.10099792480469,99.41400146484375,87.80799865722656,191.91635131835938,0.9111400246620178,0.517985999584198,1.1318999528884888,0.8047699928283691,0.4574500024318695,0.56836998462677
2025-10-27,1.1631693840026855,1.3322391510009766,153.06100463867188,0.7960500121116638,1.399340033531189,0.653398334980011,0.5760199427604675,178.0279998779297,0.8730300068855286,0.9258800148963928,1.6274900436401367,1.780060052871704,2.01921010017395,203.90699768066406,1.060420036315918,1.8641899824142456,2.0387399196624756,2.312730073928833,109.375,100.0,88.14700317382812,192.23500061035156,0.9142199754714966,0.5200499892234802,1.1342600584030151,0.8058599829673767,0.4583500027656555,0.5687999725341797
2025-10-28,1.165175199508667,1.3341000080108643,152.69200134277344,0.7946100234985352,1.3991400003433228,0.6558598279953003,0.5775506496429443,177.90199279785156,0.8733000159263611,0.9257799983024597,1.6301100254058838,1.7763899564743042,2.0173099040985107,203.69500732421875,1.0599499940872192,1.8664900064468384,2.0338900089263916,2.309000015258789,109.12875366210938,100.14199829101562,88.16600036621094,192.11900329589844,0.9175800085067749,0.52115398645401,1.1355600357055664,0.8078699707984924,0.4587700068950653,0.5678499937057495
2025-10-29,1.1657865047454834,1.3279330730438232,151.7310028076172,0.7928299903869629,1.3938900232315063,0.6585099697113037,0.5783589482307434,176.86700439453125,0.8778300285339355,0.9240999817848206,1.6247400045394897,1.7701799869537354,2.0155398845672607,201.47000122070312,1.052690029144287,1.8508000373840332,2.016400098800659,2.2958600521087646,108.84500122070312,99.90899658203125,87.73799896240234,191.34628295898438,0.9177700281143188,0.5220670104026794,1.1385400295257568,0.8059499859809875,0.4583800137042999,0.5687500238418579
2025-10-30,1.1603351831436157,1.3195397853851318,152.7220001220703,0.7997999787330627,1.394129991531372,0.657680094242096,0.5764286518096924,177.1999969482422,0.8792999982833862,0.9282900094985962,1.6172699928283691,1.7641199827194214,2.0129098892211914,201.50399780273438,1.0556199550628662,1.8389999866485596,2.006089925765991,2.2890400886535645,109.55799865722656,100.43800354003906,88.01100158691406,190.8800048828125,0.9164999723434448,0.5261120200157166,1.1409399509429932,0.8034089803695679,0.4610300064086914,0.5738199949264526
2025-10-31,1.157246708869934,1.3159106969833374,153.89999389648438,0.8015900254249573,1.398110032081604,0.6559299826622009,0.5745310187339783,178.0989990234375,0.8793500065803528,0.9275599718093872,1.6174999475479126,1.7640399932861328,2.014090061187744,202.50900268554688,1.0547200441360474,1.8396899700164795,2.0059399604797363,2.290339946746826,110.072998046875,100.947998046875,88.39900207519531,191.9739990234375,0.9169600009918213,0.5257300138473511,1.1416800022125244,0.8030400276184082,0.4603999853134155,0.5733299851417542
2025-11-03,1.1528042554855347,1.3134735822677612,154.19500732421875,0.8048999905586243,1.4015400409698486,0.6545702219009399,0.5722787976264954,177.7449951171875,0.8776199817657471,0.9278200268745422,1.6154500246047974,1.7609299421310425,2.013849973678589,202.5189971923828,1.0570399761199951,1.8404899835586548,2.0062999725341797,2.2951200008392334,110.01000213623047,100.9280014038086,88.22899627685547,191.54122924804688,0.9172999858856201,0.5268589854240417,1.143839955329895,0.8018699884414673,0.4603799879550934,0.5741699934005737
2025-11-04,1.1519144773483276,1.3135254383087158,154.20399475097656,0.8081300258636475,1.4055399894714355,0.6541078090667725,0.5707013010978699,177.6199951171875,0.8769199848175049,0.9308900237083435,1.6189099550247192,1.7615599632263184,2.0183300971984863,202.54100036621094,1.0614299774169922,1.8458600044250488,2.0086400508880615,2.301539897918701,109.70700073242188,100.81700134277344,87.9800033569336,190.77999877929688,0.918910026550293,0.5283399820327759,1.1456199884414673,0.8019000291824341,0.4610599875450134,0.5748999714851379
2025-11-05,1.1485539674758911,1.3021697998046875,153.5570068359375,0.8103299736976624,1.4100899696350098,0.6485601663589478,0.5642401576042175,176.35800170898438,0.8820000290870667,0.9305999875068665,1.619379997253418,1.7704999446868896,2.035290002822876,199.9199981689453,1.0550600290298462,1.8359299898147583,2.0074799060821533,2.3076400756835938,108.88500213623047,99.58300018310547,86.6259994506836,189.47271728515625,0.9144200086593628,0.5254600048065186,1.1494050025939941,0.7955530285835266,0.45708999037742615,0.5745499730110168
2025-11-06,1.1496764421463013,1.3052598237991333,154.072998046875,0.8097299933433533,1.410230040550232,0.6509907841682434,0.566899836063385,177.1280059814453,0.8807799816131592,0.930869996547699,1.620959997177124,1.7659499645233154,2.028549909591675,201.08999633789062,1.0567599534988403,1.8402199745178223,2.004849910736084,2.3030099868774414,109.26000213623047,100.29100036621094,87.29900360107422,190.2480010986328,0.9177799820899963,0.5270299911499023,1.1486400365829468,0.7989000082015991,0.45871999859809875,0.5740699768066406
2025-11-07,1.1549211740493774,1.3140950202941895,152.947998046875,0.805899977684021,1.411180019378662,0.6483898758888245,0.5639013051986694,176.63600158691406,0.87882000207901,0.9309099912643433,1.629520058631897,1.7810100317001343,2.0479800701141357,200.97000122070312,1.059209942817688,1.8539899587631226,2.0264101028442383,2.330159902572632,108.3740005493164,99.16500091552734,86.22899627685547,189.7067108154297,0.9148200154304504,0.522629976272583,1.1498500108718872,0.7955600023269653,0.45440998673439026,0.5711299777030945
2025-11-10,1.1543878316879272,1.3142677545547485,153.81700134277344,0.8070899844169617,1.404379963874817,0.650239884853363,0.5627208352088928,177.56300354003906,0.8783400058746338,0.9316200017929077,1.6210700273513794,1.7750699520111084,2.051330089569092,202.12600708007812,1.060439944267273,1.8454500436782837,2.0207700729370117,2.3351500034332275,109.51200103759766,100.01100158691406,86.53700256347656,190.5728759765625,0.913100004196167,0.5247200131416321,1.1554700136184692,0.7900099754333496,0.45399001240730286,0.5745800137519836
2025-11-11,1.1557220220565796,1.3172974586486816,154.14599609375,0.8051599860191345,1.4025499820709229,0.653488039970398,0.5643786787986755,178.1439971923828,0.8773099780082703,0.9304599761962891,1.6207499504089355,1.7684099674224854,2.0475399494171143,203.03500366210938,1.0604300498962402,1.8472399711608887,2.0155398845672607,2.3339600563049316,109.89600372314453,100.69999694824219,86.9729995727539,191.43885803222656,0.9163500070571899,0.5260900259017944,1.157817006111145,0.7913100123405457,0.4541899859905243,0.573989987373352
2025-11-12,1.1587486267089844,1.3152875900268555,154.0749969482422,0.8003299832344055,1.4015799760818481,0.6529499292373657,0.5657292604446411,178.52699279785156,0.8809199929237366,0.927299976348877,1.6238399744033813,1.7744799852371216,2.0480899810791016,202.63800048828125,1.0525399446487427,1.843000054359436,2.014130115509033,2.324860095977783,109.92500305175781,100.59700012207031,87.14900207519531,192.48899841308594,0.9150400161743164,0.522566020488739,1.1541800498962402,0.7926700115203857,0.45263999700546265,0.5709400177001953
2025-11-13,1.159218668937683,1.3127838373184204,154.71299743652344,0.797819972038269,1.4009300470352173,0.6536400318145752,0.566228985786438,179.33799743652344,0.8829399943351746,0.9247499704360962,1.6236000061035156,1.7733299732208252,2.047110080718994,203.09800720214844,1.0472899675369263,1.8390699625015259,2.0083200931549072,2.3183999061584473,110.44100189208984,101.11900329589844,87.55999755859375,193.90284729003906,0.9156200289726257,0.5214200019836426,1.1542999744415283,0.7930499911308289,0.45159998536109924,0.5694100260734558
2025-11-14,1.1631964445114136,1.3152183294296265,154.63299560546875,0.7932699918746948,1.4035500288009644,0.6529000401496887,0.5650898814201355,179.83200073242188,0.8842200040817261,0.9225299954414368,1.6321500539779663,1.781290054321289,2.0579700469970703,203.35899353027344,1.0432000160217285,1.845770001411438,2.014389991760254,2.325900077819824,110.16300201416016,100.94100189208984,87.36399841308594,194.88999938964844,0.9161999821662903,0.5178300142288208,1.1550370454788208,0.7929369807243347,0.44780001044273376,0.5651299953460693
2025-11-17,1.1615345478057861,1.3160146474838257,154.5850067138672,0.7942799925804138,1.4018199443817139,0.6533001661300659,0.5676302909851074,179.5489959716797,0.8826000094413757,0.9225000143051147,1.628000020980835,1.7777600288391113,2.046149969100952,203.41900634765625,1.0451200008392334,1.8444199562072754,2.0141000747680664,2.3183000087738037,110.2699966430664,100.98500061035156,87.73100280761719,194.6085205078125,0.91566002368927,0.5188900232315063,1.1509499549865723,0.7954300045967102,0.4506799876689911,0.5665599703788757
2025-11-18,1.159057378768921,1.3156163692474365,155.2729949951172,0.796239972114563,1.4050500392913818,0.6492701172828674,0.5654797554016113,179.96499633789062,0.8809700012207031,0.922819972038269,1.628350019454956,1.7850600481033325,2.0495998859405518,204.26600646972656,1.0473500490188599,1.8483699560165405,2.026129961013794,2.326430082321167,110.4800033569336,100.80699920654297,87.7699966430664,194.97999572753906,0.9121299982070923,0.5170390009880066,1.148210048675537,0.7943300008773804,0.45010998845100403,0.5666099786758423
2025-11-19,1.1581177711486816,1.3147515058517456,155.54800415039062,0.8001999855041504,1.3985099792480469,0.6509018540382385,0.5659213662147522,180.13299560546875,0.8807600140571594,0.9266200065612793,1.619379997253418,1.7791099548339844,2.0463099479675293,204.50100708007812,1.0519599914550781,1.8386000394821167,2.019740104675293,2.3231899738311768,111.19000244140625,101.2300033569336,88.01100158691406,194.36831665039062,0.9101600050926208,0.5203999876976013,1.1500500440597534,0.7912399768829346,0.4526900053024292,0.5720999836921692
2025-11-20,1.154068112373352,1.3061821460723877,156.99200439453125,0.8054199814796448,1.4042500257492065,0.649000883102417,0.5614413619041443,181.16000366210938,0.8834199905395508,0.9293599724769592,1.6203399896621704,1.7779899835586548,2.0543999671936035,205.04100036621094,1.0518699884414673,1.8339799642562866,2.01242995262146,2.3263099193573,111.79000091552734,101.87999725341797,88.12999725341797,194.92999267578125,0.9108999967575073,0.5226399898529053,1.1552000045776367,0.7882000207901001,0.4520399868488312,0.5734800100326538
2025-11-21,1.1534557342529297,1.308489441871643,157.36900329589844,0.8054800033569336,1.409119963645935,0.6449499130249023,0.5591809153556824,181.52499389648438,0.8814700245857239,0.9290400147438049,1.6252800226211548,1.7883000373840332,2.062580108642578,205.9040069580078,1.053879976272583,1.8437399864196777,2.028599977493286,2.339940071105957,111.6719970703125,101.49299621582031,87.98500061035156,195.3641357421875,0.9087600111961365,0.5194770097732544,1.1534500122070312,0.7872999906539917,0.4502600133419037,0.5715299844741821
2025-11-24,1.1507612466812134,1.3096375465393066,156.68800354003906,0.8086699843406677,1.4094599485397339,0.6462398767471313,0.5613183975219727,180.3070068359375,0.8786500096321106,0.9305999875068665,1.6217700242996216,1.7805299758911133,2.0500600337982178,205.2030029296875,1.0590300559997559,1.8457900285720825,2.026360034942627,2.3330399990081787,111.16500091552734,101.25499725341797,87.93299865722656,193.7320098876953,0.9107199907302856,0.522570013999939,1.151319980621338,0.7908999919891357,0.45381999015808105,0.5736899971961975
2025-11-25,1.1520073413848877,1.3106160163879395,156.93899536132812,0.8086100220680237,1.4108999967575073,0.6465799808502197,0.561381459236145,180.78399658203125,0.8789100050926208,0.9314299821853638,1.625059962272644,1.7814699411392212,2.0519700050354004,205.66900634765625,1.0596599578857422,1.8490400314331055,2.026789903640747,2.3334999084472656,111.22699737548828,101.46900177001953,88.08699798583984,194.06980895996094,0.9122300148010254,0.5227900147438049,1.1518199443817139,0.7918499708175659,0.45377999544143677,0.5730299949645996
2025-11-26,1.156483769416809,1.315870761871338,156.22999572753906,0.8079800009727478,1.4102200269699097,0.6470301151275635,0.5624499320983887,180.66400146484375,0.8788400292396545,0.9343600273132324,1.6307899951934814,1.7872200012207031,2.0560998916625977,205.5590057373047,1.0630799531936646,1.8554500341415405,2.033479928970337,2.339440107345581,110.76699829101562,101.05999755859375,87.8458480834961,193.33087158203125,0.9123899936676025,0.5227400064468384,1.1503239870071411,0.7929800152778625,0.4542900025844574,0.5728700160980225
2025-11-27,1.1602139472961426,1.3244997262954712,156.23899841308594,0.8034899830818176,1.4039499759674072,0.6524859666824341,0.5707000494003296,181.26800537109375,0.8758999705314636,0.9321600198745728,1.6284600496292114,1.778190016746521,2.033519983291626,206.9320068359375,1.0641299486160278,1.8589799404144287,2.029939889907837,2.3215301036834717,111.25640869140625,101.92900085449219,89.1240005493164,194.4199981689453,0.9159200191497803,0.5241699814796448,1.1435099840164185,0.8006100058555603,0.4582599997520447,0.5722299814224243
2025-11-28,1.1599851846694946,1.3241175413131714,156.28399658203125,0.8046000003814697,1.4026000499725342,0.653579831123352,0.5731000304222107,181.28199768066406,0.8760200142860413,0.9332699775695801,1.6267900466918945,1.7747100591659546,2.0243499279022217,206.9250030517578,1.0652400255203247,1.8566999435424805,2.025710105895996,2.3107199668884277,111.4229965209961,102.13700103759766,89.5199966430664,194.21971130371094,0.9166100025177002,0.5253999829292297,1.1406199932098389,0.8030999898910522,0.46088001132011414,0.5735599994659424
2025-12-01,1.1601465940475464,1.3239772319793701,155.92799377441406,0.8033400177955627,1.396939992904663,0.6551298499107361,0.5736411809921265,180.88900756835938,0.8762400150299072,0.9319300055503845,1.6205600500106812,1.7707099914550781,2.0223500728607178,206.4239959716797,1.0634599924087524,1.8491400480270386,2.0205800533294678,2.3078598976135254,111.60900115966797,102.1449966430664,89.4229965209961,194.0799102783203,0.9150400161743164,0.526229977607727,1.1420700550079346,0.8010600209236145,0.46066999435424805,0.5749899744987488
2025-12-02,1.1607661247253418,1.3209341764450073,155.5570068359375,0.8046000003814697,1.399999976158142,0.6544001698493958,0.572619616985321,180.55999755859375,0.8786799907684326,0.9340400099754333,1.6248699426651,1.7741899490356445,2.027009963989258,205.4739990234375,1.0629199743270874,1.8490099906921387,2.018980026245117,2.30676007270813,111.10600280761719,101.76100158691406,89.06099700927734,193.2784881591797,0.9157599806785583,0.5264000296592712,1.1424399614334106,0.8013799786567688,0.46066001057624817,0.5742999911308289
2025-12-03,1.1627906560897827,1.3219469785690308,155.8070068359375,0.8028600215911865,1.3969600200653076,0.6573700904846191,0.574079155921936,181.16700744628906,0.8795700073242188,0.9337000250816345,1.624169945716858,1.7687300443649292,2.0250000953674316,205.96200561523438,1.061229944229126,1.84660005569458,2.0107600688934326,2.3026199340820312,111.5260009765625,102.41699981689453,89.42500305175781,193.97805786132812,0.9182400107383728,0.5277510285377502,1.1450999975204468,0.8017200231552124,0.460750013589859,0.5746300220489502
2025-12-04,1.1666841506958008,1.3348817825317383,155.10699462890625,0.7997599840164185,1.3953100442886353,0.6605019569396973,0.5774205327033997,180.95799255371094,0.8741000294685364,0.9330099821090698,1.6275099515914917,1.7664899826049805,2.0204598903656006,207.0330047607422,1.0674599409103394,1.861799955368042,2.0209999084472656,2.3116400241851807,111.15899658203125,102.43199920654297,89.54100036621094,193.92507934570312,0.9214400053024292,0.5277000069618225,1.143720030784607,0.8054699897766113,0.46164000034332275,0.5730999708175659
2025-12-05,1.1642799377441406,1.3321788311004639,155.14199829101562,0.8037800192832947,1.3959699869155884,0.660641610622406,0.5759804248809814,180.6199951171875,0.8739299774169922,0.9357600212097168,1.6252100467681885,1.7622499465942383,2.0209999084472656,206.6649932861328,1.0706700086593628,1.8595800399780273,2.0162100791931152,2.3127899169921875,111.12699890136719,102.48300170898438,89.33000183105469,193.0019989013672,0.9221400022506714,0.5309299826622009,1.1469199657440186,0.803849995136261,0.462799996137619,0.575689971446991
2025-12-08,1.164022445678711,1.3324593305587769,155.33999633789062,0.8048499822616577,1.3834600448608398,0.6635400652885437,0.5775999426841736,180.81399536132812,0.8735399842262268,0.9368100166320801,1.6102800369262695,1.754080057144165,2.0149199962615967,206.9770050048828,1.0723400115966797,1.8431600332260132,2.0078799724578857,2.3066799640655518,112.27799987792969,103.06999969482422,89.71499633789062,192.98956298828125,0.917930006980896,0.5339999794960022,1.1486999988555908,0.7989810109138489,0.4647499918937683,0.5816799998283386
2025-12-09,1.1641442775726318,1.3326793909072876,155.843994140625,0.8066380023956299,1.3848999738693237,0.6627300977706909,0.5776100158691406,181.38999938964844,0.8734400272369385,0.938979983329773,1.6119600534439087,1.756309986114502,2.0143001079559326,207.6699981689453,1.07492995262146,1.8454099893569946,2.0106000900268555,2.3060998916625977,112.52799987792969,103.2770004272461,90.00800323486328,193.1704864501953,0.91771000623703,0.5346099734306335,1.147320032119751,0.7993999719619751,0.46549999713897705,0.5824199914932251
2025-12-10,1.1628313064575195,1.3303532600402832,156.83799743652344,0.805899977684021,1.3845499753952026,0.6640987992286682,0.5779501795768738,182.36700439453125,0.8740299940109253,0.9371899962425232,1.6098400354385376,1.7511600255966187,2.0117900371551514,208.63400268554688,1.072160005569458,1.8418300151824951,2.0033700466156006,2.301100015640259,113.26776123046875,104.13300323486328,90.62699890136719,194.56292724609375,0.9189820289611816,0.5351399779319763,1.1488300561904907,0.800059974193573,0.46571001410484314,0.5820500254631042
2025-12-11,1.1701242923736572,1.3388315439224243,155.7899932861328,0.7993800044059753,1.3789399862289429,0.6674498319625854,0.5817199945449829,182.28500366210938,0.8739100098609924,0.9352800250053406,1.6129000186920166,1.7530100345611572,2.0113399028778076,208.56900024414062,1.0701299905776978,1.84607994556427,2.005810022354126,2.3013200759887695,112.98300170898438,103.97200012207031,90.61100006103516,194.86399841308594,0.9202600121498108,0.5334600210189819,1.1464999914169312,0.801829993724823,0.4648599922657013,0.579200029373169
2025-12-12,1.1739431619644165,1.339046597480774,155.56700134277344,0.7947900295257568,1.3775700330734253,0.6665000319480896,0.5809191465377808,182.62399291992188,0.876579999923706,0.9329800009727478,1.616979956626892,1.7618199586868286,2.020780086517334,208.30999755859375,1.0642499923706055,1.8443900346755981,2.0097498893737793,2.3052000999450684,112.91500091552734,103.6449966430664,90.35399627685547,195.70599365234375,0.9176700115203857,0.5294899940490723,1.1468900442123413,0.7999799847602844,0.4615499973297119,0.5768499970436096
2025-12-15,1.1737639904022217,1.3367732763290405,155.88800048828125,0.7961400151252747,1.3767800331115723,0.6647300720214844,0.5802315473556519,182.96099853515625,0.8780199885368347,0.9344199895858765,1.6159100532531738,1.7656199932098389,2.022830009460449,208.3699951171875,1.06413996219635,1.8403199911117554,2.0108299255371094,2.3037099838256836,113.21299743652344,103.61199951171875,90.4280014038086,195.7830047607422,0.915120005607605,0.52920001745224,1.1456400156021118,0.7985799908638,0.4617899954319,0.5781499743461609
2025-12-16,1.1754610538482666,1.3380612134933472,155.01499938964844,0.7960100173950195,1.3769199848175049,0.6641799807548523,0.5786099433898926,182.21099853515625,0.8784499764442444,0.9356300234794617,1.61844003200531,1.7696599960327148,2.03125,207.40699768066406,1.0649700164794922,1.8422199487686157,2.0143799781799316,2.3122100830078125,112.57599639892578,102.9530029296875,89.677001953125,194.718994140625,0.9144499897956848,0.5286840200424194,1.147819995880127,0.7965400218963623,0.46046000719070435,0.578029990196228
2025-12-17,1.1749500036239624,1.342499852180481,154.7779998779297,0.795199990272522,1.3756099939346313,0.6634001135826111,0.5785999298095703,181.8489990234375,0.8751400113105774,0.9342799782752991,1.6161199808120728,1.7713899612426758,2.0311899185180664,207.7760009765625,1.0674899816513062,1.846459984779358,2.023859977722168,2.32069993019104,112.51100158691406,102.64800262451172,89.51000213623047,194.62185668945312,0.9122999906539917,0.5272570252418518,1.1466599702835083,0.7954699993133545,0.45982998609542847,0.5780199766159058
2025-12-18,1.1742326021194458,1.3374598026275635,155.4949951171875,0.795199990272522,1.3783799409866333,0.6601501107215881,0.5772998332977295,182.572998046875,0.8779000043869019,0.9336599707603455,1.618209958076477,1.7785999774932861,2.034670114517212,207.94900512695312,1.063439965248108,1.8434100151062012,2.025779962539673,2.317539930343628,112.80899810791016,102.63999938964844,89.71399688720703,195.50457763671875,0.9098700284957886,0.5248960256576538,1.1439599990844727,0.795229971408844,0.4586600065231323,0.5768200159072876
2025-12-19,1.1725666522979736,1.3385393619537354,155.58599853515625,0.7940099835395813,1.3776999711990356,0.6613800525665283,0.5776106715202332,182.4250030517578,0.8759599924087524,0.9309399724006653,1.6153600215911865,1.7727899551391602,2.029910087585449,208.2429962158203,1.062399983406067,1.843940019607544,2.0236198902130127,2.317189931869507,112.91600036621094,102.89299774169922,89.8479995727539,195.93186950683594,0.9110900163650513,0.5251129865646362,1.144966959953308,0.7955899834632874,0.45848000049591064,0.576200008392334
2025-12-22,1.1708093881607056,1.3377031087875366,157.67599487304688,0.7958300113677979,1.3790299892425537,0.6610198020935059,0.57548987865448,184.58399963378906,0.8751299977302551,0.931659996509552,1.614359974861145,1.770900011062622,2.0341899394989014,210.875,1.0642999410629272,1.8443599939346313,2.023200035095215,2.323930025100708,114.2969970703125,104.21800231933594,90.71800231933594,198.09422302246094,0.9114800095558167,0.5259900093078613,1.1486400365829468,0.7933700084686279,0.45781999826431274,0.5767899751663208
2025-12-23,1.1765950918197632,1.3469899892807007,156.8769989013672,0.7914299964904785,1.3748699426651,0.6658400893211365,0.5797706246376038,184.52200317382812,0.8734300136566162,0.9310799837112427,1.6175199747085571,1.7666000127792358,2.0292699337005615,211.23599243164062,1.0658799409866333,1.8517500162124634,2.0227699279785156,2.323090076446533,114.08499908447266,104.41899871826172,90.93099975585938,198.13999938964844,0.9153299927711487,0.5264999866485596,1.1484400033950806,0.7966899871826172,0.45840001106262207,0.5755299925804138
2025-12-24,1.179551362991333,1.3513604402542114,156.17599487304688,0.7874500155448914,1.3685499429702759,0.6701900959014893,0.5842998623847961,184.13699340820312,0.8728100061416626,0.9287800192832947,1.613919973373413,1.7598400115966797,2.0185999870300293,210.95599365234375,1.0640100240707397,1.8492599725723267,2.0160000324249268,2.312619924545288,114.06800079345703,104.62000274658203,91.23200225830078,198.24205017089844,0.9171199798583984,0.5277180075645447,1.1469279527664185,0.7994480133056641,0.459960013628006,0.5753200054168701
2025-12-26,1.1785364151000977,1.3508949279785156,156.08999633789062,0.7880499958992004,1.3672000169754028,0.6705604195594788,0.5836417078971863,183.92999267578125,0.8722699880599976,0.9286800026893616,1.610990047454834,1.7572400569915771,2.018970012664795,210.8419952392578,1.0643999576568604,1.846500039100647,2.0144200325012207,2.3142099380493164,114.1449966430664,104.65599822998047,91.0780029296875,198.0379180908203,0.9167919754981995,0.5283799767494202,1.1488300561904907,0.7978420257568359,0.45980000495910645,0.5762699842453003
2025-12-29,1.1772738695144653,1.349727988243103,156.46299743652344,0.7892400026321411,1.3668299913406372,0.6714099645614624,0.582610011100769,184.24000549316406,0.872160017490387,0.9290000200271606,1.608839988708496,1.7531399726867676,2.0203099250793457,211.16700744628906,1.065060019493103,1.8446300029754639,2.0100200176239014,2.3163199424743652,114.49199676513672,105.0479965209961,91.15010833740234,198.2841033935547,0.9175300002098083,0.5298849940299988,1.1523900032043457,0.7962549924850464,0.45969000458717346,0.5773199796676636
2025-12-30,1.1772878170013428,1.3510993719100952,156.01300048828125,0.7886999845504761,1.3687200546264648,0.6695501804351807,0.5808698534965515,183.69000244140625,0.871399998664856,0.9287700057029724,1.6109700202941895,1.7582999467849731,2.0269200801849365,210.7550048828125,1.065600037574768,1.8486100435256958,2.0176401138305664,2.325589895248413,114.00599670410156,104.4489974975586,90.5999984741211,197.75,0.9161400198936462,0.5280699729919434,1.1525559425354004,0.7946100234985352,0.458079993724823,0.576259970664978
2025-12-31,1.1747292280197144,1.346719741821289,156.41299438476562,0.791700005531311,1.3694700002670288,0.6697999835014343,0.5791494250297546,183.72000122070312,0.8722400069236755,0.9300600290298462,1.608389973640442,1.7540500164031982,2.0282399654388428,210.61000061035156,1.0662200450897217,1.8439199924468994,2.010819911956787,2.325200080871582,114.2030029296875,104.72000122070312,90.56099700927734,197.5189208984375,0.9168499708175659,0.5301650166511536,1.1562600135803223,0.7927600145339966,0.45840999484062195,0.5780900120735168
2026-01-02,1.175046682357788,1.347363829612732,156.7310028076172,0.7920299768447876,1.3716000318527222,0.6678299903869629,0.5757914185523987,184.16299438476562,0.8720499873161316,0.9306100010871887,1.6117199659347534,1.7593400478363037,2.0406699180603027,211.16000366210938,1.0670299530029297,1.847599983215332,2.0172500610351562,2.33981990814209,114.25,104.66200256347656,90.2249984741211,197.8684844970703,0.9159799814224243,0.528918981552124,1.1597900390625,0.7895600199699402,0.45590001344680786,0.5773100256919861
2026-01-05,1.1704667806625366,1.3437970876693726,156.98899841308594,0.79339998960495,1.3746700286865234,0.6683902144432068,0.5755594372749329,183.7469940185547,0.8709700107574463,0.9285799860954285,1.6089199781417847,1.750980019569397,2.0335099697113037,210.95700073242188,1.0660799741744995,1.8472100496292114,2.0103800296783447,2.3346800804138184,114.19100189208984,104.9229965209961,90.34100341796875,197.8419952392578,0.9187399744987488,0.530239999294281,1.1612900495529175,0.7910100221633911,0.45649999380111694,0.577049970626831
2026-01-06,1.1714951992034912,1.3533997535705566,156.62600708007812,0.7921000123023987,1.3772499561309814,0.6713401079177856,0.5786300301551819,183.47999572753906,0.8655700087547302,0.9279199838638306,1.6133899688720703,1.7448899745941162,2.02455997467041,211.95799255371094,1.0719300508499146,1.8638399839401245,2.0157101154327393,2.338779926300049,113.71399688720703,105.13999938964844,90.60700225830078,197.70799255371094,0.9240999817848206,0.5317860245704651,1.160230040550232,0.7967299818992615,0.4578000009059906,0.5750600099563599
2026-01-07,1.1688251495361328,1.3500559329986572,156.67999267578125,0.7954999804496765,1.3815499544143677,0.6737000942230225,0.5781984925270081,183.12600708007812,0.8657100200653076,0.9299700260162354,1.6146800518035889,1.7345999479293823,2.0208001136779785,211.51199340820312,1.074139952659607,1.865049958229065,2.0039501190185547,2.3348000049591064,113.4020004272461,105.53399658203125,90.55999755859375,196.8908233642578,0.9304699897766113,0.5357450246810913,1.1650099754333496,0.7982000112533569,0.4599300026893616,0.5758799910545349
2026-01-08,1.1676785945892334,1.3459312915802002,156.7310028076172,0.7976499795913696,1.3857899904251099,0.672210156917572,0.5773905515670776,183.02699279785156,0.8675699830055237,0.9314000010490417,1.6178699731826782,1.736989974975586,2.0223100185394287,210.91000366210938,1.0734800100326538,1.8647220134735107,2.0020101070404053,2.330820083618164,113.10900115966797,105.35199737548828,90.47799682617188,196.4534912109375,0.9314799904823303,0.5356000065803528,1.1641700267791748,0.7999500036239624,0.46042001247406006,0.5751000046730042
2026-01-09,1.1657865047454834,1.3438005447387695,156.8800048828125,0.7990099787712097,1.3864099979400635,0.6701065301895142,0.5750893950462341,182.88800048828125,0.867579996585846,0.9315999746322632,1.6161099672317505,1.7401100397109985,2.0264999866485596,210.7729949951172,1.0734599828720093,1.8627300262451172,2.005500078201294,2.3362600803375244,113.14800262451172,105.08699798583984,90.20099639892578,196.2640838623047,0.928538978099823,0.5347999930381775,1.1641000509262085,0.797124981880188,0.4593600034713745,0.5762400031089783
2026-01-12,1.1623716354370117,1.3394231796264648,158.1490020751953,0.8015260100364685,1.3913899660110474,0.6685801148414612,0.572980523109436,183.82000732421875,0.8677800297737122,0.931659996509552,1.6171200275421143,1.738420009613037,2.0285699367523193,211.8159942626953,1.0735199451446533,1.8635200262069702,2.00314998626709,2.3374900817871094,113.6520004272461,105.72699737548828,90.59500122070312,197.26600646972656,0.9301199913024902,0.5358399748802185,1.166849970817566,0.7970389723777771,0.4591299891471863,0.5760200023651123
2026-01-13,1.1666978597640991,1.3465656042099,157.98599243164062,0.7973600029945374,1.3875700235366821,0.6707807779312134,0.5773205757141113,184.32200622558594,0.8663899898529053,0.9302300214767456,1.6187299489974976,1.7392499446868896,2.020859956741333,212.7259979248047,1.0735900402069092,1.8682299852371216,2.0072200298309326,2.3323099613189697,113.84600067138672,105.96800231933594,91.19200134277344,198.12600708007812,0.930741012096405,0.5348320007324219,1.1611000299453735,0.8004999756813049,0.45989999175071716,0.5745499730110168
2026-01-14,1.164252758026123,1.3426783084869385,159.1790008544922,0.801010012626648,1.3886499404907227,0.6683598756790161,0.5739309191703796,185.32400512695312,0.867110013961792,0.9325900077819824,1.6166000366210938,1.7419300079345703,2.0285398960113525,213.70799255371094,1.0753999948501587,1.8642250299453735,2.008699893951416,2.3393399715423584,114.62000274658203,106.37899780273438,91.33899688720703,198.6920623779297,0.9280700087547302,0.535319983959198,1.1645300388336182,0.7967600226402283,0.4596000015735626,0.5767599940299988
2026-01-15,1.1646324396133423,1.344266653060913,158.40199279785156,0.7997199892997742,1.3884600400924683,0.6682798862457275,0.5744815468788147,184.4739990234375,0.8664100170135498,0.9313099980354309,1.6167000532150269,1.7426600456237793,2.027139902114868,212.8979949951172,1.0748200416564941,1.866189956665039,2.0110599994659424,2.339669942855835,114.08799743652344,105.85199737548828,90.97599792480469,198.0589599609375,0.9276000261306763,0.5343599915504456,1.1633199453353882,0.7972599864006042,0.45925000309944153,0.5759000182151794
2026-01-16,1.1609008312225342,1.3381328582763672,158.5959930419922,0.8034200072288513,1.3888399600982666,0.6704210042953491,0.5743601322174072,184.10899353027344,0.8675000071525574,0.932669997215271,1.6121699810028076,1.7321900129318237,2.0210700035095215,212.218994140625,1.0749000310897827,1.8583799600601196,1.9965300559997559,2.3294498920440674,114.18499755859375,106.2770004272461,91.072998046875,197.37892150878906,0.9306300282478333,0.5383599996566772,1.1667100191116333,0.7975199818611145,0.46132999658584595,0.5784100294113159
2026-01-19,1.162493348121643,1.3404287099838257,157.53500366210938,0.7987200021743774,1.3899400234222412,0.6687598824501038,0.5763389468193054,183.1230010986328,0.8672299981117249,0.9284399747848511,1.6156799793243408,1.738029956817627,2.0168399810791016,211.13999938964844,1.0704400539398193,1.8628100156784058,2.004040002822876,2.3255300521850586,113.3290023803711,105.3489990234375,90.7750015258789,197.21836853027344,0.9294000267982483,0.5340800285339355,1.1603070497512817,0.8008959889411926,0.46018001437187195,0.5745300054550171
2026-01-20,1.1639139652252197,1.3418315649032593,158.177001953125,0.7978900074958801,1.3874000310897827,0.6709878444671631,0.5793507695198059,184.10299682617188,0.86735999584198,0.9286400079727173,1.614650011062622,1.7345499992370605,2.0089499950408936,212.23699951171875,1.0703999996185303,1.8616199493408203,1.999709963798523,2.3148000240325928,114.0009994506836,106.12699890136719,91.61000061035156,198.22300720214844,0.9308509826660156,0.5353099703788757,1.158079981803894,0.803600013256073,0.462119996547699,0.5750200152397156
2026-01-21,1.1727865934371948,1.344085931777954,158.16200256347656,0.7894999980926514,1.3832999467849731,0.6731699109077454,0.5827301740646362,185.48199462890625,0.8725000023841858,0.9259799718856812,1.622189998626709,1.742050051689148,2.0124599933624268,212.56399536132812,1.0611499547958374,1.8587000370025635,1.9964200258255005,2.306380033493042,114.3290023803711,106.45999908447266,92.14800262451172,200.26800537109375,0.9310100078582764,0.531470000743866,1.1551400423049927,0.805400013923645,0.459989994764328,0.5707600116729736
2026-01-22,1.1672970056533813,1.3419395685195923,158.45599365234375,0.7963899970054626,1.3843200206756592,0.6754794120788574,0.5838188529014587,184.9600067138672,0.8698099851608276,0.9295399785041809,1.6156200170516968,1.7279800176620483,1.99931001663208,212.6199951171875,1.06850004196167,1.8571699857711792,1.9864699840545654,2.298409938812256,114.46600341796875,107.01699829101562,92.48799896240234,198.9545135498047,0.9350169897079468,0.5378699898719788,1.1569900512695312,0.8079900145530701,0.4647899866104126,0.5752099752426147
2026-01-23,1.1754610538482666,1.3501288890838623,158.50100708007812,0.7889999747276306,1.3784099817276,0.6840506792068481,0.5916704535484314,186.2899932861328,0.8705899715423584,0.9274299740791321,1.6201499700546265,1.718309998512268,1.9865599870681763,213.9720001220703,1.065000057220459,1.8608700037002563,1.973520040512085,2.2816200256347656,114.97699737548828,108.40299987792969,93.75900268554688,200.85800170898438,0.9428399801254272,0.5396999716758728,1.1560900211334229,0.8153600096702576,0.46630001068115234,0.5723400115966797
2026-01-26,1.1858457326889038,1.3662508726119995,155.16600036621094,0.7778699994087219,1.3701900243759155,0.691399872303009,0.596039891242981,183.9949951171875,0.8678799867630005,0.9224299788475037,1.6245700120925903,1.7149900197982788,1.9893699884414673,211.9810028076172,1.062749981880188,1.8716800212860107,1.9759900569915771,2.291840076446533,113.23699951171875,107.27300262451172,92.46700286865234,199.4347686767578,0.9473099708557129,0.5378000140190125,1.159890055656433,0.8164299726486206,0.46358999609947205,0.5677300095558167
2026-01-27,1.1876484155654907,1.3677457571029663,154.33599853515625,0.777239978313446,1.3711999654769897,0.691472053527832,0.5970701575279236,183.27000427246094,0.8682000041007996,0.923009991645813,1.6283199787139893,1.717360019683838,1.9889099597930908,211.08200073242188,1.0629899501800537,1.875309944152832,1.9778800010681152,2.290570020675659,112.52999877929688,106.71099853515625,92.13099670410156,198.53878784179688,0.9480869770050049,0.5373899936676025,1.15802001953125,0.8184300065040588,0.463919997215271,0.5667700171470642
2026-01-28,1.2017642259597778,1.3824374675750732,152.4530029296875,0.7631999850273132,1.3591500520706177,0.6995800137519836,0.6027800440788269,183.20700073242188,0.8692600131034851,0.9171000123023987,1.6331199407577515,1.7176799774169922,1.9934200048446655,210.75,1.0549299716949463,1.878640055656433,1.9758700132369995,2.2932300567626953,112.15399932861328,106.6500015258789,91.87999725341797,199.71800231933594,0.9502999782562256,0.5338500142097473,1.159600019454956,0.8190199732780457,0.45991000533103943,0.561460018157959
2026-01-29,1.1977769136428833,1.382533073425293,153.0959930419922,0.7657399773597717,1.353790044784546,0.7039799094200134,0.6065311431884766,183.36000061035156,0.8662999868392944,0.917110025882721,1.6211999654769897,1.7008999586105347,1.9746299982070923,211.63900756835938,1.0585099458694458,1.8711800575256348,1.9635200500488281,2.279289960861206,113.08000183105469,107.76899719238281,92.83499908447266,199.88299560546875,0.9528300166130066,0.5390200018882751,1.1606299877166748,0.8209409713745117,0.4643299877643585,0.565530002117157
2026-01-30,1.19657301902771,1.380643367767334,153.16200256347656,0.7644100189208984,1.3492000102996826,0.7047300934791565,0.6075703501701355,183.26600646972656,0.8666599988937378,0.9146599769592285,1.614259958267212,1.6978600025177002,1.9694099426269531,211.42999267578125,1.0552699565887451,1.862481951713562,1.9588700532913208,2.2721800804138184,113.51000213623047,107.93099975585938,93.04100036621094,200.32899475097656,0.9508000016212463,0.5387089848518372,1.159890055656433,0.8195300102233887,0.4643000066280365,0.5664700269699097
2026-02-02,1.1849182844161987,1.3679141998291016,155.20199584960938,0.7735599875450134,1.3635799884796143,0.6946277618408203,0.6014494895935059,183.89199829101562,0.8661999702453613,0.9165499806404114,1.6156200170516968,1.7057700157165527,1.970020055770874,212.28199768066406,1.0579899549484253,1.86489999294281,1.9690899848937988,2.27413010597229,113.80999755859375,107.79299926757812,93.322998046875,200.59719848632812,0.947048008441925,0.5372499823570251,1.1548069715499878,0.819819986820221,0.46511000394821167,0.5672100186347961
2026-02-03,1.1798714399337769,1.367315649986267,155.4429931640625,0.779009997844696,1.3673700094223022,0.6955500841140747,0.6010915637016296,183.3939971923828,0.8628699779510498,0.9190700054168701,1.61312997341156,1.6962000131607056,1.962820053100586,212.5229949951172,1.0650099515914917,1.8692799806594849,1.965399980545044,2.2745699882507324,113.67400360107422,108.10800170898438,93.41200256347656,199.52000427246094,0.950980007648468,0.5417600274085999,1.1571600437164307,0.8216500282287598,0.4680899977684021,0.5696300268173218
2026-02-04,1.1816140413284302,1.3697504997253418,155.7989959716797,0.7757599949836731,1.3639400005340576,0.7022520899772644,0.6042186617851257,184.0800018310547,0.8625800013542175,0.9165599942207336,1.611430048942566,1.6824599504470825,1.955430030822754,213.3939971923828,1.0624200105667114,1.8679200410842896,1.9503599405288696,2.2668299674987793,114.2229995727539,109.37999725341797,94.11699676513672,200.8104705810547,0.9577270150184631,0.5447310209274292,1.162160038948059,0.8237800002098083,0.46858999133110046,0.5686900019645691
2026-02-05,1.180163860321045,1.3644611835479736,156.91700744628906,0.7773100137710571,1.366919994354248,0.699440062046051,0.5998188257217407,185.18299865722656,0.8648999929428101,0.9172700047492981,1.6131399869918823,1.687190055847168,1.967329978942871,214.08999633789062,1.0604599714279175,1.8649300336837769,1.9504899978637695,2.274480104446411,114.78700256347656,109.7490005493164,94.09400177001953,201.84962463378906,0.9558500051498413,0.5436000227928162,1.1660699844360352,0.8195199966430664,0.4660800099372864,0.5685300230979919
2026-02-06,1.177786946296692,1.3520822525024414,156.78399658203125,0.7777000069618225,1.3712199926376343,0.6916399002075195,0.5938912630081177,184.6490020751953,0.8709999918937683,0.915910005569458,1.614400029182434,1.7027599811553955,1.9830399751663208,211.9969940185547,1.0514400005340576,1.8538299798965454,1.9548699855804443,2.2766599655151367,114.33599853515625,108.4260025024414,93.09200286865234,201.58099365234375,0.9478999972343445,0.5378299951553345,1.1644699573516846,0.814162015914917,0.46173998713493347,0.567110002040863
2026-02-09,1.182578206062317,1.3608959913253784,157.24400329589844,0.7758299708366394,1.3658900260925293,0.7033699154853821,0.6032381653785706,185.9499969482422,0.868910014629364,0.9174000024795532,1.6151299476623535,1.6811100244522095,1.9602899551391602,213.98300170898438,1.0556700229644775,1.8587199449539185,1.9345999956130981,2.2558999061584473,115.11399841308594,110.59300231933594,94.83399963378906,202.6510009765625,0.9606000185012817,0.5456799864768982,1.165910005569458,0.8236700296401978,0.4678899943828583,0.5679600238800049
2026-02-10,1.1904053688049316,1.368344783782959,156.1320037841797,0.7671200037002563,1.356220006942749,0.7083597779273987,0.605279266834259,185.85499572753906,0.8699100017547607,0.9131799936294556,1.6143499612808228,1.6803499460220337,1.966599941253662,213.60000610351562,1.0495500564575195,1.8555999994277954,1.9313900470733643,2.260499954223633,115.11199951171875,110.58799743652344,94.48600006103516,203.4986572265625,0.9606099724769592,0.5433599948883057,1.170240044593811,0.8206400275230408,0.4641900062561035,0.5655699968338013
2026-02-11,1.1889617443084717,1.3634566068649292,154.48199462890625,0.7685700058937073,1.3552000522613525,0.7074797749519348,0.6041712164878845,183.656005859375,0.871940016746521,0.9137300252914429,1.6110899448394775,1.6803799867630005,1.9677499532699585,210.61000061035156,1.047860026359558,1.8475799560546875,1.9270000457763672,2.2566299438476562,113.9800033569336,109.28199768066406,93.31400299072266,200.96231079101562,0.9586399793624878,0.5432999730110168,1.1709799766540527,0.8185499906539917,0.46421998739242554,0.5670400261878967
2026-02-12,1.1876062154769897,1.362399697303772,153.2689971923828,0.7711399793624878,1.3575400114059448,0.7125298380851746,0.6048911213874817,182.02099609375,0.8716599941253662,0.9157800078392029,1.6120699644088745,1.666659951210022,1.9632699489593506,208.79800415039062,1.0504800081253052,1.8491599559783936,1.9118800163269043,2.252110004425049,112.9020004272461,109.20099639892578,92.70099639892578,198.73519897460938,0.9670100212097168,0.5493800044059753,1.1779600381851196,0.8208100199699402,0.4663200080394745,0.5676000118255615
2026-02-13,1.1868449449539185,1.3620266914367676,152.8209991455078,0.7695500254631042,1.3610700368881226,0.7087101936340332,0.6032600402832031,181.3719940185547,0.8714399933815002,0.9132599830627441,1.6153000593185425,1.6744999885559082,1.9672900438308716,208.1060028076172,1.0476000308990479,1.853469967842102,1.921280026435852,2.257319927215576,112.26599884033203,108.29900360107422,92.1729965209961,198.5590057373047,0.9639999866485596,0.5453400015830994,1.1747900247573853,0.820900022983551,0.46389999985694885,0.5648000240325928
2026-02-16,1.1867464780807495,1.3647778034210205,152.7790069580078,0.7682099938392639,1.3617899417877197,0.7070400714874268,0.6033801436424255,181.30499267578125,0.8694999814033508,0.911620020866394,1.6159499883651733,1.6783900260925293,1.966770052909851,208.49600219726562,1.04830002784729,1.858240008354187,1.9300700426101685,2.2617900371551514,112.18000030517578,108.01599884033203,92.16300201416016,198.78143310546875,0.962689995765686,0.5432389974594116,1.1717599630355835,0.8213599920272827,0.46334001421928406,0.5639899969100952
2026-02-17,1.1849884986877441,1.3627691268920898,153.60899353027344,0.769599974155426,1.3636200428009033,0.7072985768318176,0.6032018065452576,182.0229949951172,0.8695200085639954,0.912060022354126,1.615689992904663,1.675279974937439,1.9644399881362915,209.32000732421875,1.0488100051879883,1.858139991760254,1.9264800548553467,2.259049892425537,112.63999938964844,108.63899993896484,92.63700103759766,199.53086853027344,0.964389979839325,0.5437999963760376,1.1718000173568726,0.822350025177002,0.46389999985694885,0.5643799901008606
2026-02-18,1.185185194015503,1.3564472198486328,153.1490020751953,0.7702000141143799,1.3637700080871582,0.708320140838623,0.6048911213874817,181.5,0.8736799955368042,0.9127799868583679,1.6161999702453613,1.6730200052261353,1.9591599702835083,207.72799682617188,1.0446499586105347,1.8497400283813477,1.9147599935531616,2.2422800064086914,112.29199981689453,108.45999908447266,92.62000274658203,198.78399658203125,0.9659199714660645,0.5455690026283264,1.170930027961731,0.8247479796409607,0.46573999524116516,0.5646799802780151
2026-02-19,1.1788839101791382,1.349582314491272,154.6929931640625,0.7721999883651733,1.3696099519729614,0.704379141330719,0.5967797636985779,182.35299682617188,0.873449981212616,0.9105499982833862,1.6145000457763672,1.6735299825668335,1.9752600193023682,208.7530059814453,1.0423500537872314,1.8482600450515747,1.9157299995422363,2.261229991912842,112.93900299072266,108.9520034790039,92.2959976196289,200.24156188964844,0.9646199941635132,0.5440199971199036,1.1802799701690674,0.8171700239181519,0.4608500003814697,0.5639100074768066
2026-02-20,1.1769136190414429,1.3461124897003174,155.16000366210938,0.7753400206565857,1.3686800003051758,0.7056102752685547,0.5971004962921143,182.60899353027344,0.8742499947547913,0.9124900102615356,1.6105799674987793,1.667829990386963,1.9701999425888062,208.84500122070312,1.043619990348816,1.8421200513839722,1.9075700044631958,2.254390001296997,113.35800170898438,109.4729995727539,92.62899780273438,200.0931396484375,0.9656199812889099,0.5470399856567383,1.181730031967163,0.8169699907302856,0.4628300070762634,0.5664600133895874
2026-02-23,1.1834739446640015,1.3533265590667725,154.33900451660156,0.7717000246047974,1.3648500442504883,0.7111399173736572,0.6003986597061157,182.65699768066406,0.874459981918335,0.9132300019264221,1.6151399612426758,1.664080023765564,1.971060037612915,208.86700439453125,1.0442399978637695,1.8469500541687012,1.902899980545044,2.2539501190185547,113.0739974975586,109.7509994506836,92.64700317382812,199.98138427734375,0.9705309867858887,0.5487719774246216,1.1844700574874878,0.819267988204956,0.4631800055503845,0.5652999877929688
2026-02-24,1.1793843507766724,1.34969162940979,154.63499450683594,0.7742300033569336,1.369379997253418,0.706070065498352,0.596039891242981,182.36900329589844,0.8737800121307373,0.913070023059845,1.6148300170898438,1.670240044593811,1.9786499738693237,208.6909942626953,1.0448299646377563,1.8479000329971313,1.9112800359725952,2.2642900943756104,112.91400146484375,109.16000366210938,92.14900207519531,199.68099975585938,0.96670001745224,0.5465899705886841,1.1846200227737427,0.8159899711608887,0.46132001280784607,0.5652999877929688
2026-02-25,1.1775233745574951,1.3497462272644043,155.8800048828125,0.7737299799919128,1.3700300455093384,0.7060999870300293,0.5965590476989746,183.53500366210938,0.8723400235176086,0.9110199809074402,1.613010048866272,1.6677600145339966,1.973680019378662,210.3719940185547,1.0441999435424805,1.8488099575042725,1.911679983139038,2.262360095977783,113.76000213623047,110.03700256347656,92.97200012207031,201.40199279785156,0.96670001745224,0.5460739731788635,1.1833300590515137,0.8171150088310242,0.46143999695777893,0.5646799802780151
2026-02-26,1.181516408920288,1.3558034896850586,156.1999969482422,0.7721400260925293,1.3675800561904907,0.7120498418807983,0.6000888347625732,184.5399932861328,0.871399998664856,0.9122300148010254,1.6155400276184082,1.6591999530792236,1.9688299894332886,211.76600646972656,1.046779990196228,1.8538529872894287,1.9038399457931519,2.2588999271392822,114.20999908447266,111.19000244140625,93.71399688720703,202.24400329589844,0.9735699892044067,0.5497840046882629,1.1865400075912476,0.8203399777412415,0.46320000290870667,0.5645099878311157
2026-02-27,1.1803030967712402,1.3491452932357788,155.85899353027344,0.7732300162315369,1.3675800561904907,0.71017986536026,0.5980217456817627,183.94700622558594,0.8747699856758118,0.9125699996948242,1.613919973373413,1.6618200540542603,1.9735100269317627,210.26499938964844,1.0430599451065063,1.8449100255966187,1.8994300365447998,2.255850076675415,113.95500183105469,110.68000030517578,93.18800354003906,201.5189971923828,0.9710900187492371,0.5490599870681763,1.1875799894332886,0.8176469802856445,0.46226000785827637,0.5653300285339355
2026-03-02,1.1759449243545532,1.3406623601913452,156.63299560546875,0.7695299983024597,1.3668400049209595,0.7058109045028687,0.595770001411438,184.18600463867188,0.8770700097084045,0.9048600196838379,1.6071799993515015,1.6659799814224243,1.9737600088119507,209.98199462890625,1.0316100120544434,1.832200050354004,1.8993500471115112,2.250269889831543,114.58599853515625,110.5459976196289,93.2979965209961,203.52920532226562,0.9646469950675964,0.5431110262870789,1.1846100091934204,0.8140000104904175,0.45829999446868896,0.5629199743270874
2026-03-03,1.1697274446487427,1.3410578966140747,157.2570037841797,0.7787100076675415,1.3671000003814697,0.710580050945282,0.5948804616928101,183.92300415039062,0.8721299767494202,0.9107400178909302,1.5987900495529175,1.6458699703216553,1.966130018234253,210.8730010986328,1.0441299676895142,1.8330700397491455,1.8869999647140503,2.2542600631713867,115.01699829101562,111.73500061035156,93.5250015258789,201.9080047607422,0.9713199734687805,0.5532799959182739,1.1944799423217773,0.8130599856376648,0.4630799889564514,0.5695300102233887
2026-03-04,1.161224365234375,1.3353630304336548,157.7729949951172,0.7819200158119202,1.3674099445343018,0.7040701508522034,0.5889108180999756,183.20399475097656,0.8695999979972839,0.9078900218009949,1.5876599550247192,1.6491400003433228,1.9708000421524048,210.66000366210938,1.0439499616622925,1.8256700038909912,1.8962600231170654,2.2660999298095703,115.36599731445312,111.08000183105469,92.89900207519531,201.75918579101562,0.9626200199127197,0.5504500269889832,1.1955100297927856,0.8049799799919128,0.4603399932384491,0.5717599987983704
2026-03-05,1.1635618209838867,1.3369520902633667,156.98300170898438,0.7791500091552734,1.364400029182434,0.7075998783111572,0.5937607288360596,182.64100646972656,0.8702200055122375,0.9064800143241882,1.587380051612854,1.6441600322723389,1.9594099521636963,209.85400390625,1.0415400266647339,1.8240100145339966,1.8891799449920654,2.2512800693511963,115.05000305175781,111.07099914550781,93.19000244140625,201.4558563232422,0.9653599858283997,0.5513120293617249,1.1916699409484863,0.8098670244216919,0.46248000860214233,0.5709800124168396
2026-03-06,1.1608065366744995,1.3357375860214233,157.53399658203125,0.7806599736213684,1.3669899702072144,0.7011299729347229,0.5897687077522278,182.86199951171875,0.8689900040626526,0.9061700105667114,1.5867199897766113,1.6554800271987915,1.9681299924850464,210.4149932861328,1.0426900386810303,1.8258099555969238,1.9047900438308716,2.264539957046509,115.22699737548828,110.4469985961914,92.88899993896484,201.74696350097656,0.9582800269126892,0.5473930239677429,1.1888099908828735,0.805899977684021,0.46028000116348267,0.5710200071334839
2026-03-09,1.152325987815857,1.3301055431365967,158.427001953125,0.781220018863678,1.3602099418640137,0.6966199278831482,0.5850211381912231,182.5469970703125,0.8662499785423279,0.9001200199127197,1.567229986190796,1.653939962387085,1.969539999961853,210.71800231933594,1.0389599800109863,1.8088200092315674,1.9091600179672241,2.273469924926758,116.45600128173828,110.35700225830078,92.66400146484375,202.7449951171875,0.947380006313324,0.5440999865531921,1.190750002861023,0.7955570220947266,0.45688000321388245,0.5742599964141846
2026-03-10,1.1617234945297241,1.3424980640411377,157.84800720214844,0.7778800129890442,1.358739972114563,0.7068586349487305,0.5927084684371948,183.35000610351562,0.8653200268745422,0.9036300182342529,1.5783400535583496,1.6433700323104858,1.959879994392395,211.8699951171875,1.0439000129699707,1.8238199949264526,1.8989700078964233,2.2643001079559326,116.16999816894531,111.56700134277344,93.54000091552734,202.89044189453125,0.9602100253105164,0.5498359799385071,1.1925400495529175,0.8051400184631348,0.46059998869895935,0.5724300146102905
2026-03-11,1.1611299514770508,1.3419036865234375,158.11399841308594,0.778577983379364,1.3582899570465088,0.712100088596344,0.5924416184425354,183.57699584960938,0.8651900291442871,0.9039899706840515,1.576949954032898,1.630810022354126,1.9597400426864624,212.15899658203125,1.0447100400924683,1.8221999406814575,1.8847500085830688,2.2648398876190186,116.39299774169922,112.55699920654297,93.6520004272461,203.05418395996094,0.966946005821228,0.5542809963226318,1.2016990184783936,0.8045290112495422,0.4610700011253357,0.5731099843978882
2026-03-12,1.1543211936950684,1.338186502456665,159.0749969482422,0.7817400097846985,1.3601700067520142,0.7129209637641907,0.5895600914955139,183.61900329589844,0.8626000285148621,0.9023200273513794,1.5697300434112549,1.618980050086975,1.9578200578689575,212.87100219726562,1.046049952507019,1.8200900554656982,1.876979947090149,2.2698099613189697,116.9489974975586,113.40299987792969,93.76300048828125,203.46099853515625,0.9696369767189026,0.5572299957275391,1.2091799974441528,0.8016999959945679,0.46074000000953674,0.5746600031852722
2026-03-13,1.1521666049957275,1.335250735282898,159.20599365234375,0.7853400111198425,1.36326003074646,0.7075298428535461,0.5852998495101929,183.4290008544922,0.862820029258728,0.9047799706459045,1.5706000328063965,1.628250002861023,1.968269944190979,212.56100463867188,1.0484999418258667,1.820180058479309,1.886970043182373,2.281100034713745,116.76899719238281,112.63400268554688,93.16600036621094,202.66900634765625,0.964460015296936,0.555649995803833,1.2086999416351318,0.7978159785270691,0.45954999327659607,0.57600998878479
2026-03-16,1.1435105800628662,1.3247665166854858,159.5679931640625,0.7899199724197388,1.3711700439453125,0.7005700469017029,0.5797303318977356,182.45799255371094,0.8631299734115601,0.9032300114631653,1.567829966545105,1.6321099996566772,1.9723700284957886,211.3699951171875,1.0463500022888184,1.8162399530410767,1.8907099962234497,2.2848899364471436,116.36399841308594,111.78099822998047,92.48899841308594,201.97132873535156,0.9605299830436707,0.5533599853515625,1.2083899974822998,0.7947099804878235,0.4578399956226349,0.5760499835014343
2026-03-17,1.1499539613723755,1.3314337730407715,159.10499572753906,0.7880499958992004,1.368399977684021,0.706848680973053,0.5853704214096069,182.9499969482422,0.8636299967765808,0.9061700105667114,1.57368004322052,1.6267499923706055,1.9643900394439697,211.82200622558594,1.0491600036621094,1.822029948234558,1.8835300207138062,2.273699998855591,116.24400329589844,112.447998046875,93.1109390258789,201.86793518066406,0.9672600030899048,0.5569700002670288,1.2074320316314697,0.8009330034255981,0.46120598912239075,0.5757399797439575
2026-03-18,1.153948187828064,1.335951805114746,158.88900756835938,0.7847700119018555,1.3689500093460083,0.710909903049469,0.585919201374054,183.36399841308594,0.8637599945068359,0.9057400226593018,1.5796600580215454,1.6230100393295288,1.9693700075149536,212.23699951171875,1.0482800006866455,1.8284900188446045,1.8788100481033325,2.2792999744415283,116.06600189208984,112.947998046875,93.0770034790039,202.4320068359375,0.973226010799408,0.5579000115394592,1.213379979133606,0.8015999794006348,0.45980000495910645,0.573170006275177
2026-03-19,1.1464471817016602,1.32650625705719,159.7949981689453,0.7926300168037415,1.372939944267273,0.7029501795768738,0.5795589685440063,183.1699981689453,0.8641700148582458,0.9086300134658813,1.573830008506775,1.6307300329208374,1.9777400493621826,211.94000244140625,1.0513700246810913,1.8211400508880615,1.8868900537490845,2.2886099815368652,116.39800262451172,112.31099700927734,92.59200286865234,201.59500122070312,0.9648200273513794,0.5570899844169617,1.2128900289535522,0.7955049872398376,0.45923998951911926,0.577239990234375
2026-03-20,1.157755732536316,1.342570185661316,157.9239959716797,0.7886999845504761,1.373579978942871,0.708109974861145,0.5868303775787354,182.822998046875,0.8622900247573853,0.9132000207901001,1.5900499820709229,1.6348600387573242,1.972790002822876,212.01300048828125,1.0589799880981445,1.8440500497817993,1.8958100080490112,2.287790060043335,114.95999908447266,111.81500244140625,92.64900207519531,200.174072265625,0.9724299907684326,0.5585730075836182,1.2067300081253052,0.8057500123977661,0.46276000142097473,0.5741900205612183
2026-03-23,1.1560158729553223,1.3331555128097534,159.23399353027344,0.7878199815750122,1.3709800243377686,0.7007802128791809,0.5831209421157837,184.07200622558594,0.8671000003814697,0.9107300043106079,1.5848300457000732,1.6495000123977661,1.982450008392334,212.25999450683594,1.0501999855041504,1.8275699615478516,1.902109980583191,2.2862401008605957,116.125,111.58100128173828,92.8290023803711,202.0880889892578,0.9605500102043152,0.5520859956741333,1.2017799615859985,0.799239993095398,0.4592599868774414,0.5745900273323059
2026-03-24,1.1607122421264648,1.342426061630249,158.47900390625,0.7864000201225281,1.3730700016021729,0.7006098031997681,0.5853601694107056,183.92999267578125,0.8645899891853333,0.913070023059845,1.5937199592590332,1.656690001487732,1.9828799962997437,212.73599243164062,1.0559799671173096,1.8428599834442139,1.9159879684448242,2.293100118637085,115.40499877929688,111.01000213623047,92.74099731445312,201.4199981689453,0.961929976940155,0.5511000156402588,1.1959999799728394,0.8035600185394287,0.46035000681877136,0.5728499889373779
2026-03-25,1.16146719455719,1.3416335582733154,158.71800231933594,0.7879999876022339,1.3757200241088867,0.6996901631355286,0.5838086605072021,184.34100341796875,0.8657000064849854,0.9152100086212158,1.5976999998092651,1.6598600149154663,1.9894499778747559,212.9320068359375,1.057070016860962,1.8454099893569946,1.9172500371932983,2.298029899597168,115.3499984741211,111.02999877929688,92.63099670410156,201.36599731445312,0.9624300003051758,0.5513430237770081,1.1984599828720093,0.8028900027275085,0.45989999175071716,0.5727199912071228
2026-03-26,1.1561496257781982,1.336362361907959,159.38400268554688,0.7915499806404114,1.3814200162887573,0.6942901611328125,0.5806391835212708,184.27099609375,0.865119993686676,0.915120005607605,1.59660005569458,1.6651300191879272,1.9911500215530396,212.98399353027344,1.057610034942627,1.8459800481796265,1.9245500564575195,2.301419973373413,115.37300109863281,110.64600372314453,92.52200317382812,201.31100463867188,0.9588199853897095,0.5494700074195862,1.1957199573516846,0.8019099831581116,0.4594700038433075,0.5729399919509888
2026-03-27,1.1535090208053589,1.3335645198822021,159.70399475097656,0.7946799993515015,1.3851900100708008,0.6887398958206177,0.5761796236038208,184.2239990234375,0.8649299740791321,0.9166399836540222,1.597640037536621,1.6747299432754517,2.001300096511841,212.96200561523438,1.059559941291809,1.8466999530792236,1.9358999729156494,2.3142600059509277,115.28199768066406,109.98300170898438,91.99500274658203,200.94509887695312,0.9538400173187256,0.5472300052642822,1.1953200101852417,0.7978799939155579,0.45774000883102417,0.5733000040054321
2026-03-30,1.149200677871704,1.3238370418548584,160.23399353027344,0.7997999787330627,1.3899500370025635,0.6850901246070862,0.5727902054786682,184.1269989013672,0.8680300116539001,0.9190800189971924,1.5973299741744995,1.6773600578308105,2.0063400268554688,212.0970001220703,1.058650016784668,1.83965003490448,1.9321600198745728,2.3111300468444824,115.25800323486328,109.76699829101562,91.75700378417969,200.32200622558594,0.9520099759101868,0.547819972038269,1.1960099935531616,0.795956015586853,0.45796999335289,0.5753399729728699
2026-03-31,1.1460003852844238,1.3172800540924072,159.84100341796875,0.7998800277709961,1.3928300142288208,0.6845901012420654,0.5717389583587646,183.1230010986328,0.869700014591217,0.9163900017738342,1.5956900119781494,1.6735199689865112,2.003849983215332,210.5449981689453,1.0534600019454956,1.8346699476242065,1.9241600036621094,2.3032000064849854,114.7300033569336,109.40899658203125,91.36399841308594,199.8090057373047,0.9533299803733826,0.5475640296936035,1.1973400115966797,0.7961360216140747,0.4571399986743927,0.574209988117218
2026-04-01,1.1574207544326782,1.324327826499939,158.57899475097656,0.7976300120353699,1.3902900218963623,0.692051112651825,0.5756091475486755,183.47500610351562,0.8738700151443481,0.9232000112533569,1.608680009841919,1.6723999977111816,2.0102999210357666,209.9409942626953,1.0562599897384644,1.8406399488449097,1.9136500358581543,2.3008599281311035,114.03700256347656,109.70600128173828,91.22100067138672,198.7150115966797,0.9621269702911377,0.5519400238990784,1.2023500204086304,0.799839973449707,0.45897001028060913,0.5737500190734863
2026-04-02,1.159057378768921,1.3302648067474365,158.68800354003906,0.7939500212669373,1.3876399993896484,0.6923999190330505,0.5750100612640381,183.8979949951172,0.8712499737739563,0.9202100038528442,1.6081000566482544,1.6740000247955322,2.0157198905944824,211.04100036621094,1.0559899806976318,1.84552001953125,1.9210100173950195,2.313199996948242,114.34200286865234,109.84600067138672,91.20800018310547,199.8256072998047,0.9602000117301941,0.5496600270271301,1.2041200399398804,0.7976300120353699,0.45590001344680786,0.5720700025558472
2026-04-03,1.1541746854782104,1.3230313062667847,159.49099731445312,0.7986299991607666,1.391700029373169,0.6911499500274658,0.5717801451683044,184.05599975585938,0.8723199963569641,0.9217100143432617,1.605929970741272,1.6698600053787231,2.0179998874664307,210.96099853515625,1.0563700199127197,1.8407800197601318,1.9139399528503418,2.3134899139404297,114.58699798583984,110.2030029296875,91.16000366210938,199.649658203125,0.9615899920463562,0.551829993724823,1.2086900472640991,0.795199990272522,0.4562000036239624,0.5737699866294861
2026-04-06,1.150999665260315,1.3186348676681519,159.77999877929688,0.8011500239372253,1.394569993019104,0.6885501742362976,0.5686697363853455,183.9010009765625,0.8727999925613403,0.9220499992370605,1.6048699617385864,1.671489953994751,2.024019956588745,210.68099975585938,1.0562800168991089,1.8388700485229492,1.9147000312805176,2.318739891052246,114.5530014038086,109.99600219726562,90.82499694824219,199.397705078125,0.9599699974060059,0.5515300035476685,1.2098000049591064,0.7925000190734863,0.45541998744010925,0.574400007724762
2026-04-07,1.1541212797164917,1.3234164714813232,159.68299865722656,0.7980999946594238,1.391160011291504,0.6916901469230652,0.5714514255523682,184.29600524902344,0.8720499873161316,0.9210799932479858,1.6053800582885742,1.6685099601745605,2.0196499824523926,211.322998046875,1.0560699701309204,1.840809941291809,1.9132000207901,2.3159000873565674,114.77300262451172,110.44400024414062,91.2300033569336,200.065673828125,0.9621899724006653,0.5520150065422058,1.21042001247406,0.7947900295257568,0.45592001080513,0.5736200213432312
2026-04-08,1.1686612367630005,1.3401771783828735,158.71600341796875,0.7904000282287598,1.3841999769210815,0.707679033279419,0.5809292793273926,185.48300170898438,0.8720200061798096,0.9236699938774109,1.6174499988555908,1.6512900590896606,2.0111498832702637,212.69500732421875,1.0592000484466553,1.8550100326538086,1.8935099840164185,2.3067901134490967,114.64099884033203,112.30799865722656,92.1729965209961,200.7530059814453,0.9795460104942322,0.5593379735946655,1.2181199789047241,0.803820013999939,0.45906001329421997,0.5709400177001953
2026-04-09,1.16593599319458,1.3394052982330322,158.64199829101562,0.7914000153541565,1.3850500583648682,0.703937828540802,0.5825400948524475,184.96499633789062,0.8704900145530701,0.9226700067520142,1.6144499778747559,1.6561299562454224,2.0014100074768066,212.47000122070312,1.059880018234253,1.854509949684143,1.9025100469589233,2.2990500926971436,114.53600311279297,111.66999816894531,92.3949966430664,200.42300415039062,0.9749490022659302,0.5570859909057617,1.208340048789978,0.8065299987792969,0.46090999245643616,0.5713199973106384
2026-04-10,1.1691256761550903,1.3430029153823853,159.11199951171875,0.7908700108528137,1.3822699785232544,0.7075698375701904,0.585048496723175,185.99000549316406,0.8704800009727478,0.9246000051498413,1.615820050239563,1.6522400379180908,1.9983099699020386,213.66600036621094,1.0619800090789795,1.8559999465942383,1.8978999853134155,2.295490026473999,115.09100341796875,112.56700134277344,93.06099700927734,201.16400146484375,0.9778599739074707,0.559469997882843,1.209439992904663,0.8084400296211243,0.4625700116157532,0.5720700025558472
2026-04-13,1.1675150394439697,1.339441180229187,159.67999267578125,0.7926099896430969,1.3872699737548828,0.7019898295402527,0.5804302096366882,186.4239959716797,0.8715999722480774,0.92535001039505,1.619439959526062,1.663059949874878,2.010999917984009,213.8679962158203,1.0614999532699585,1.8581000566482544,1.90802001953125,2.307610034942627,115.09400177001953,112.08100128173828,92.65799713134766,201.43545532226562,0.9736400246620178,0.5563099980354309,1.2094199657440186,0.8049200177192688,0.45982998609542847,0.5712800025939941
2026-04-14,1.176885962486267,1.3515340089797974,159.21400451660156,0.7832000255584717,1.378499984741211,0.7099298238754272,0.5871990919113159,187.3419952392578,0.8704000115394592,0.9215400218963623,1.6219899654388428,1.6569000482559204,2.0039000511169434,215.18600463867188,1.0584100484848022,1.8626999855041504,1.9036400318145752,2.3017799854278564,115.4800033569336,113.02300262451172,93.46600341796875,203.25799560546875,0.9785199761390686,0.555400013923645,1.209030032157898,0.8093680143356323,0.45976001024246216,0.5680299997329712
2026-04-15,1.179940938949585,1.357533574104309,158.79200744628906,0.7809100151062012,1.3766100406646729,0.7129300832748413,0.5903501510620117,187.35499572753906,0.8691200017929077,0.9213200211524963,1.6240400075912476,1.6548999547958374,1.9976999759674072,215.56500244140625,1.0599600076675415,1.8684899806976318,1.9040100574493408,2.2995400428771973,115.34200286865234,113.20099639892578,93.7229995727539,203.33216857910156,0.9812399744987488,0.5566200017929077,1.2076499462127686,0.8124200105667114,0.46088001132011414,0.5671899914741516
2026-04-16,1.1809163093566895,1.3573696613311768,158.8090057373047,0.7813100218772888,1.373129963874817,0.7175799012184143,0.5912192463874817,187.5030059814453,0.8698400259017944,0.9224399924278259,1.6209299564361572,1.6452900171279907,1.997040033340454,215.54400634765625,1.0603200197219849,1.8631999492645264,1.8912800550460815,2.295599937438965,115.65399932861328,113.95099639892578,93.86799621582031,203.24520874023438,0.9850900173187256,0.5606269836425781,1.2137500047683716,0.8112000226974487,0.4617899954319,0.5689200162887573
2026-04-17,1.1782727241516113,1.3526124954223633,159.19500732421875,0.7832000255584717,1.3700400590896606,0.7159000635147095,0.5886092185974121,187.55799865722656,0.8709800243377686,0.9225999712944031,1.613700032234192,1.645609974861145,2.0009000301361084,215.31900024414062,1.0592000484466553,1.8526999950408936,1.8891199827194214,2.297600030899048,116.19000244140625,113.96199798583984,93.68099975585938,203.24000549316406,0.9807900190353394,0.5606099963188171,1.21628999710083,0.8062199950218201,0.46059998869895935,0.5716000199317932
2026-04-20,1.1741223335266113,1.348435878753662,159.16099548339844,0.7836599946022034,1.3704999685287476,0.7134998440742493,0.5865206122398376,186.843994140625,0.8707000017166138,0.9200000166893005,1.6087000370025635,1.6455800533294678,2.0007998943328857,214.583251953125,1.0565600395202637,1.8479100465774536,1.8898999691009521,2.298719882965088,116.10900115966797,113.52999877929688,93.3280029296875,203.03433227539062,0.9775400161743164,0.5588809847831726,1.21628999710083,0.803600013256073,0.4595099985599518,0.5716999769210815
2026-04-21,1.1784392595291138,1.3531250953674316,158.843994140625,0.7785099744796753,1.364400029182434,0.7174198627471924,0.590639591217041,187.18600463867188,0.8708599805831909,0.9174100160598755,1.6077500581741333,1.6425199508666992,1.9944000244140625,214.93099975585938,1.0532599687576294,1.8459199666976929,1.8859399557113647,2.2909300327301025,116.41200256347656,113.95099639892578,93.7979965209961,204.0019989013672,0.9786999821662903,0.5584400296211243,1.21465003490448,0.8056300282478333,0.45965999364852905,0.5704900026321411
2026-04-22,1.174425721168518,1.3509680032730103,159.3730010986328,0.7805500030517578,1.3657599687576294,0.7156198024749756,0.5898104310035706,187.16600036621094,0.8693000078201294,0.9166399836540222,1.6038399934768677,1.6410599946975708,1.9911799430847168,215.28700256347656,1.0542800426483154,1.8447500467300415,1.887619972229004,2.290440082550049,116.68199920654297,114.03800201416016,93.97699737548828,204.1439971923828,0.9771699905395508,0.5585579872131348,1.213320016860962,0.8052899837493896,0.46000000834465027,0.5714300274848938
2026-04-23,1.1706037521362305,1.3500378131866455,159.48800659179688,0.784820020198822,1.3669699430465698,0.7158001661300659,0.5905802845954895,186.68600463867188,0.8670399785041809,0.9186499714851379,1.6001399755477905,1.6353399753570557,1.9811999797821045,215.2969970703125,1.0593500137329102,1.8449699878692627,1.8858699798583984,2.285830020904541,116.66300201416016,114.14199829101562,94.15399932861328,203.1910858154297,0.978190004825592,0.5616300106048584,1.212030053138733,0.8069499731063843,0.4633199870586395,0.5740500092506409
2026-04-24,1.16838800907135,1.3466380834579468,159.7469940185547,0.7862399816513062,1.3698400259017944,0.7129616141319275,0.5853807330131531,186.6479949951172,0.8675900101661682,0.9186000227928162,1.6002899408340454,1.6387699842453003,1.9959299564361572,215.11900329589844,1.058590054512024,1.8443299531936646,1.8886499404907227,2.300450086593628,116.60700225830078,113.86900329589844,93.4729995727539,203.14700317382812,0.976606011390686,0.5605459809303284,1.2179900407791138,0.801580011844635,0.4601300060749054,0.573889970779419
2026-04-27,1.1706448793411255,1.3515102863311768,159.5760040283203,0.786300003528595,1.3675999641418457,0.7143500447273254,0.5870887637138367,186.80799865722656,0.866159975528717,0.9205999970436096,1.6007000207901,1.63864004611969,1.9931999444961548,215.64700317382812,1.0626399517059326,1.8480900526046753,1.8917399644851685,2.3020501136779785,116.66600036621094,113.97899627685547,93.65899658203125,202.9010009765625,0.9768199920654297,0.5616700053215027,1.216770052909851,0.8025000095367432,0.46129998564720154,0.5745999813079834
2026-04-28,1.1723467111587524,1.3538211584091187,159.35699462890625,0.785290002822876,1.362149953842163,0.7190897464752197,0.5912611484527588,186.78500366210938,0.865909993648529,0.9205800294876099,1.596709966659546,1.63018000125885,1.982800006866455,215.73399353027344,1.0630600452423096,1.8440099954605103,1.8825299739837646,2.2896900177001953,116.98100280761719,114.58399963378906,94.19999694824219,202.8754119873047,0.9793400168418884,0.564674973487854,1.2162400484085083,0.8051400184631348,0.46417999267578125,0.5764300227165222
2026-04-29,1.171783447265625,1.3524478673934937,159.552001953125,0.7889900207519531,1.367900013923645,0.7187212109565735,0.588841438293457,186.94200134277344,0.8664399981498718,0.9244800209999084,1.6027799844741821,1.6304099559783936,1.989799976348877,215.7760009765625,1.0667099952697754,1.8494999408721924,1.8816100358963013,2.2967801094055176,116.62100219726562,114.66300201416016,93.92900085449219,202.14700317382812,0.9831690192222595,0.5669400095939636,1.220579981803894,0.8052800297737122,0.46445998549461365,0.5766599774360657
2026-04-30,1.168470025062561,1.3488596677780151,160.1840057373047,0.7905600070953369,1.3671300411224365,0.7131141424179077,0.584050714969635,187.1820068359375,0.8662400245666504,0.923799991607666,1.5971200466156006,1.6389000415802002,2.000610113143921,216.05499267578125,1.0662000179290771,1.843500018119812,1.8921899795532227,2.3092899322509766,117.18099975585938,114.15499877929688,93.53800201416016,202.56520080566406,0.9739000201225281,0.5633999705314636,1.2204300165176392,0.7978000044822693,0.46129998564720154,0.5777999758720398
2026-05-01,1.172910451889038,1.3602666854858398,156.97799682617188,0.7814000248908997,1.3579599857330322,0.720079779624939,0.5906988978385925,184.1490020751953,0.862280011177063,0.9167400002479553,1.5926200151443481,1.6287399530410767,1.9855899810791016,213.53500366210938,1.0629500150680542,1.8467700481414795,1.888890027999878,2.3026599884033203,115.5999984741211,113.02899932861328,92.71199798583984,200.86500549316406,0.9778000116348267,0.5628250241279602,1.2189799547195435,0.8019520044326782,0.4615800082683563,0.5755199790000916
2026-05-04,1.1726628541946411,1.3581420183181763,156.8459930419922,0.7811300158500671,1.3588099479675293,0.7212925553321838,0.5906500220298767,183.9429931640625,0.863349974155426,0.9159700274467468,1.5928000211715698,1.6262099742889404,1.9853500127792358,213.01600646972656,1.0608099699020386,1.8451000452041626,1.8834500312805176,2.299329996109009,115.4229965209961,113.08699798583984,92.61900329589844,200.78399658203125,0.9795629978179932,0.5632200241088867,1.2208319902420044,0.8023729920387268,0.46125999093055725,0.5748100280761719
2026-05-05,1.1691941022872925,1.353143334388733,157.19400024414062,0.7839699983596802,1.3621100187301636,0.7167482376098633,0.58724045753479,183.781005859375,0.8640099763870239,0.9165300130844116,1.5923399925231934,1.6312299966812134,1.9901000261306763,212.6820068359375,1.0607500076293945,1.8430299758911133,1.8877999782562256,2.3042099475860596,115.39600372314453,112.6500015258789,92.2699966430664,200.47613525390625,0.9762449860572815,0.5618990063667297,1.2205300331115723,0.7996299862861633,0.4602600038051605,0.5754899978637695
2026-05-06,1.1715774536132812,1.3568705320358276,157.677001953125,0.7813799977302551,1.3603500127792358,0.7203900218009949,0.5903292298316956,184.73899841308594,0.8634999990463257,0.9154000282287598,1.593709945678711,1.6262600421905518,1.9845800399780273,213.94700622558594,1.060130000114441,1.8457399606704712,1.8834400177001953,2.298340082168579,115.89099884033203,113.58200073242188,93.06400299072266,201.75799560546875,0.9799200296401978,0.5628399848937988,1.2203099727630615,0.8028579950332642,0.4610700011253357,0.5743100047111511
2026-05-07,1.1747430562973022,1.3591758012771606,156.50799560546875,0.7788599729537964,1.3636900186538696,0.7235099673271179,0.5953586101531982,183.8509979248047,0.8642799854278564,0.9149199724197388,1.6019400358200073,1.6235899925231934,1.973039984703064,212.69200134277344,1.0584900379180908,1.8530000448226929,1.8784300088882446,2.2825300693511963,114.75900268554688,113.22899627685547,93.1520004272461,200.91961669921875,0.9865900278091431,0.5634949803352356,1.215190052986145,0.8115900158882141,0.4636000096797943,0.5710600018501282
2026-05-08,1.1731581687927246,1.3555645942687988,156.82899475097656,0.7802000045776367,1.366070032119751,0.7208600044250488,0.5938488841056824,183.968994140625,0.8653299808502197,0.9154800176620483,1.6023800373077393,1.6272599697113037,1.9753600358963013,212.5800018310547,1.0576000213623047,1.8515299558639526,1.8803800344467163,2.282680034637451,114.79399871826172,113.0469970703125,93.11000061035156,200.91799926757812,0.9845600128173828,0.5625,1.2138400077819824,0.8109899759292603,0.46334001421928406,0.5712400078773499
2026-05-11,1.176885962486267,1.3594714403152466,156.85800170898438,0.7777699828147888,1.368299961090088,0.7236999869346619,0.5950397253036499,184.57000732421875,0.8655700087547302,0.9151800274848938,1.6099900007247925,1.626479983329773,1.977579951286316,213.22999572753906,1.057229995727539,1.859779953956604,1.8789399862289429,2.284630060195923,114.6240005493164,113.4729995727539,93.31400299072266,201.6583709716797,0.9898599982261658,0.5625830292701721,1.2158499956130981,0.8138800263404846,0.4626699984073639,0.5683299899101257
2026-05-12,1.177994966506958,1.360470175743103,157.2310028076172,0.7781599760055542,1.367840051651001,0.7246218919754028,0.5965298414230347,185.19700622558594,0.8657400012016296,0.9165700078010559,1.6110299825668335,1.6254500150680542,1.974429965019226,213.8939971923828,1.0585500001907349,1.860610008239746,1.8772499561309814,2.280210018157959,114.94300079345703,113.93000030517578,93.77799987792969,202.03799438476562,0.9911100268363953,0.5637900233268738,1.21465003490448,0.8158100247383118,0.46410998702049255,0.5688300132751465
2026-05-13,1.1735436916351318,1.3537001609802246,157.67100524902344,0.7804099917411804,1.369729995727539,0.7237801551818848,0.5952416062355042,185.0279998779297,0.8667700290679932,0.91593998670578,1.6072900295257568,1.6213699579238892,1.9715499877929688,213.40499877929688,1.056339979171753,1.85371994972229,1.870069980621338,2.2739999294281006,115.09600067138672,114.10199737548828,93.8239974975586,201.94900512695312,0.9911900162696838,0.5648000240325928,1.2158839702606201,0.8151199817657471,0.46445000171661377,0.5697699785232544
2026-05-14,1.1716049909591675,1.352630853652954,157.8509979248047,0.781499981880188,1.3704700469970703,0.7254998683929443,0.5931690335273743,184.92999267578125,0.8661199808120728,0.9157800078392029,1.6050000190734863,1.6151100397109985,1.974910020828247,213.51800537109375,1.0572799444198608,1.8537399768829346,1.8646399974822998,2.2802700996398926,115.1500015258789,114.49199676513672,93.61178588867188,201.92153930664062,0.9937599897384644,0.5668110251426697,1.222762942314148,0.8127279877662659,0.4635399878025055,0.5702900290489197
2026-05-15,1.166208028793335,1.3391362428665161,158.3820037841797,0.7841799855232239,1.3723700046539307,0.7214298844337463,0.5903501510620117,184.69900512695312,0.8708500266075134,0.9145100116729736,1.600409984588623,1.6164499521255493,1.9753899574279785,212.07400512695312,1.0500199794769287,1.8375699520111084,1.8561099767684937,2.2683498859405518,115.4000015258789,114.21199798583984,93.45899963378906,201.93788146972656,0.9899399876594543,0.5656700134277344,1.222059965133667,0.8099700212478638,0.46281999349594116,0.5713499784469604
2026-05-18,1.161440134048462,1.330849051475525,158.843994140625,0.7872899770736694,1.3761299848556519,0.7130200862884521,0.5832604169845581,184.48300170898438,0.8725399971008301,0.914330005645752,1.5980900526046753,1.6287800073623657,1.991170048713684,211.41700744628906,1.047760009765625,1.8311899900436401,1.866569995880127,2.281949996948242,115.41799926757812,113.2509994506836,92.62899780273438,201.74197387695312,0.9810000061988831,0.561269998550415,1.2224400043487549,0.8023499846458435,0.4590800106525421,0.5720099806785583
2026-05-19,1.1655147075653076,1.3432012796401978,158.86099243164062,0.7844700217247009,1.3738700151443481,0.7172901630401611,0.5874301791191101,185.14999389648438,0.867680013179779,0.9142699837684631,1.6010799407958984,1.625309944152832,1.9840600490570068,213.37600708007812,1.0535800457000732,1.845039963722229,1.873039960861206,2.2865400314331055,115.61699676513672,113.90699768066406,93.2969970703125,202.47500610351562,0.9849900007247925,0.5624300241470337,1.220729947090149,0.8067899942398071,0.4606899917125702,0.5709199905395508
2026-05-20,1.1607122421264648,1.3396027088165283,159.03500366210938,0.7888000011444092,1.374709963798523,0.7106598019599915,0.5833386778831482,184.58999633789062,0.8664000034332275,0.9155200123786926,1.5955599546432495,1.633679986000061,1.9895000457763672,213.03500366210938,1.0564899444580078,1.8410600423812866,1.8852800130844116,2.296250104904175,115.65899658203125,112.97899627685547,92.74800109863281,201.58399963378906,0.9767000079154968,0.5602779984474182,1.217919945716858,0.8017899990081787,0.46000999212265015,0.5736600160598755
2026-05-21,1.1625338792800903,1.3433998823165894,158.88800048828125,0.7869200110435486,1.3747700452804565,0.7150007486343384,0.5868303775787354,184.68699645996094,0.8653200268745422,0.9149799942970276,1.5978399515151978,1.6259100437164307,1.9809499979019165,213.42999267578125,1.0571500062942505,1.8467899560928345,1.878849983215332,2.289099931716919,115.56742858886719,113.58300018310547,93.19000244140625,201.82000732421875,0.982446014881134,0.5625680088996887,1.2175999879837036,0.8061000108718872,0.46129998564720154,0.5724700093269348
2026-05-22,1.1621150970458984,1.3432555198669434,159.01800537109375,0.7864999771118164,1.3775899410247803,0.7148299813270569,0.5878514647483826,184.74600219726562,0.8649200201034546,0.9136000275611877,1.6004199981689453,1.6252199411392212,1.9758599996566772,213.58200073242188,1.056339979171753,1.8500659465789795,1.878980040550232,2.284709930419922,115.4000015258789,113.66400146484375,93.45600128173828,202.11019897460938,0.9842000007629395,0.5622199773788452,1.215999960899353,0.8095800280570984,0.4622099995613098,0.5708699822425842
2026-05-25,1.164225697517395,1.34816312789917,158.9459991455078,0.782289981842041,1.380210041999817,0.7157202363014221,0.5873000621795654,185.0449981689453,0.8635200262069702,0.9106699824333191,1.6067299842834473,1.6265900135040283,1.9822100400924683,214.27499389648438,1.0544500350952148,1.8603999614715576,1.8834199905395508,2.2952699661254883,115.15799713134766,113.75700378417969,93.3270034790039,203.1668243408203,0.987779974937439,0.5598099827766418,1.2186100482940674,0.8103299736976624,0.45927000045776367,0.5662999749183655
2026-05-26,1.1637378931045532,1.3496370315551758,158.95399475097656,0.78302001953125,1.3804099559783936,0.717029869556427,0.5862111449241638,184.94400024414062,0.8619999885559082,0.911300003528595,1.6063300371170044,1.6231900453567505,1.9847300052642822,214.50900268554688,1.0569900274276733,1.8631800413131714,1.8824700117111206,2.302109956741333,115.1259994506836,113.91000366210938,93.14099884033203,202.8976593017578,0.989579975605011,0.5613189935684204,1.2228269577026367,0.8091099858283997,0.4590199887752533,0.5672500133514404
2026-05-27,1.1636837720870972,1.345532774925232,159.2429962158203,0.7851099967956543,1.3807799816131592,0.717079758644104,0.5842486619949341,185.30299377441406,0.8647500276565552,0.9135900139808655,1.6066099405288696,1.6227400302886963,1.9912999868392944,214.26100158691406,1.0562700033187866,1.8575700521469116,1.8762799501419067,2.3030099868774414,115.32099914550781,114.18399810791016,93.01300048828125,202.79299926757812,0.9899700284004211,0.5629799962043762,1.2274099588394165,0.8064500093460083,0.4586000144481659,0.568560004234314
2026-05-28,1.1617909669876099,1.3416515588760376,159.5679931640625,0.7878599762916565,1.384310007095337,0.7133201360702515,0.5892404317855835,185.3719940185547,0.865909993648529,0.9150999784469604,1.6080299615859985,1.6286300420761108,1.9716600179672241,214.06300354003906,1.056879997253418,1.856850028038025,1.880579948425293,2.27620005607605,115.2509994506836,113.81199645996094,93.98999786376953,202.51528930664062,0.9874600172042847,0.5619810223579407,1.2105900049209595,0.8153799772262573,0.46369999647140503,0.5690199732780457
2026-05-29,1.1652837991714478,1.3444474935531616,159.27000427246094,0.7836599946022034,1.378290057182312,0.7164201736450195,0.594569206237793,185.58599853515625,0.8664100170135498,0.9132900238037109,1.6058100461959839,1.6266000270843506,1.9598400592803955,214.1199951171875,1.0534800291061401,1.8529399633407593,1.8766599893569946,2.261199951171875,115.54499816894531,114.05999755859375,94.65499877929688,203.18247985839844,0.9872599840164185,0.5613359808921814,1.2048300504684448,0.8191900253295898,0.46588999032974243,0.5685999989509583
2026-06-01,1.164890170097351,1.345152735710144,159.35299682617188,0.7818599939346313,1.3796299695968628,0.7180498242378235,0.5981684327125549,185.6300048828125,0.8659600019454956,0.9107400178909302,1.6069899797439575,1.622230052947998,1.9466999769210815,214.33799743652344,1.051509976387024,1.8557599782943726,1.8730599880218506,2.2485499382019043,115.48699951171875,114.41799926757812,95.2959976196289,203.7990264892578,0.9904400110244751,0.5613769888877869,1.2004499435424805,0.8249499797821045,0.4674000144004822,0.5666199922561646
2026-06-02,1.1635483503341675,1.3460001945495605,159.63600158691406,0.7861400246620178,1.3839199542999268,0.7164298892021179,0.5935704112052917,185.7449951171875,0.8644099831581116,0.9147999882698059,1.6104199886322021,1.6239299774169922,1.9595799446105957,214.8719940185547,1.0582000017166138,1.8627400398254395,1.8785200119018555,2.2674400806427,115.33300018310547,114.36900329589844,94.73100280761719,202.98699951171875,0.9916099905967712,0.563289999961853,1.2069300413131714,0.821340024471283,0.4664500057697296,0.5680299997329712
2026-06-03,1.1622096300125122,1.3454241752624512,159.96800231933594,0.7882500290870667,1.3844499588012695,0.7174115777015686,0.5922486186027527,185.90899658203125,0.863789975643158,0.9160799980163574,1.6087599992752075,1.6199400424957275,1.962249994277954,215.19000244140625,1.0603899955749512,1.8621799945831299,1.8752199411392212,2.27170991897583,115.54100036621094,114.75900268554688,94.71700286865234,202.91848754882812,0.993170976638794,0.5654870271682739,1.211300015449524,0.8197000026702881,0.46672001481056213,0.5692999958992004
2026-06-04,1.160941243171692,1.3427144289016724,159.94000244140625,0.7910299897193909,1.3893200159072876,0.7134499549865723,0.5871197581291199,185.677001953125,0.8645899891853333,0.9183300137519836,1.6126600503921509,1.6272499561309814,1.9773099422454834,214.7429962158203,1.0619800090789795,1.86503005027771,1.8819400072097778,2.2868099212646484,115.11799621582031,114.09100341796875,93.87799835205078,202.16000366210938,0.9909300208091736,0.5643439888954163,1.2151299715042114,0.8153600096702576,0.46413999795913696,0.5692899823188782
2026-06-05,1.1612648963928223,1.3427000045776367,159.99000549316406,0.7889000177383423,1.3905999660491943,0.7132158875465393,0.5869888067245483,185.76800537109375,0.8648999929428101,0.9164000153541565,1.614400029182434,1.6283299922943115,1.9780399799346924,214.72999572753906,1.0590200424194336,1.8667199611663818,1.8823000192642212,2.2866098880767822,115.01000213623047,114.05799865722656,93.88999938964844,202.67153930664062,0.9914109706878662,0.5620999932289124,1.2138999700546265,0.8155999779701233,0.4630900025367737,0.5673499703407288
2026-06-08,1.1522595882415771,1.3335645198822021,160.32699584960938,0.7964199781417847,1.3944400548934937,0.7043498158454895,0.5796698331832886,184.73199462890625,0.8639799952507019,0.9176899790763855,1.6066999435424805,1.6359299421310425,1.9874999523162842,213.80099487304688,1.0620800256729126,1.8595399856567383,1.8933099508285522,2.300529956817627,114.95800018310547,112.91272735595703,92.91200256347656,201.27908325195312,0.9820700287818909,0.5609409809112549,1.2150599956512451,0.8080300092697144,0.46154001355171204,0.5710899829864502
2026-06-09,1.1528440713882446,1.3333333730697632,160.1739959716797,0.7981699705123901,1.3956300020217896,0.704049825668335,0.5803594589233398,184.64999389648438,0.864549994468689,0.9201099872589111,1.6088600158691406,1.637660026550293,1.986199975013733,213.57400512695312,1.0641200542449951,1.8608299493789673,1.8941099643707275,2.297489881515503,114.75399780273438,112.74600219726562,92.93599700927734,200.65687561035156,0.9823600053787231,0.5616490244865417,1.2129199504852295,0.8098300099372864,0.4630190134048462,0.5717800259590149
2026-06-10,1.1535356044769287,1.3372201919555664,160.38400268554688,0.7992600202560425,1.3953800201416016,0.7023113369941711,0.5807504653930664,185.0019989013672,0.8624100089073181,0.9217299818992615,1.6093800067901611,1.642259955406189,1.986240029335022,214.45599365234375,1.0685299634933472,1.8652900457382202,1.903439998626709,2.3025500774383545,114.93000030517578,112.62699890136719,93.11900329589844,200.60067749023438,0.979951024055481,0.5612980127334595,1.2093199491500854,0.8101199865341187,0.46404001116752625,0.5727099776268005
2026-06-11,1.1535621881484985,1.3362016677856445,160.52699279785156,0.7999500036239624,1.3946800231933594,0.6994200348854065,0.5794313549995422,185.17100524902344,0.8630800247192383,0.922760009765625,1.6088099479675293,1.6492500305175781,1.990820050239563,214.48699951171875,1.0687899589538574,1.862720012664795,1.9098399877548218,2.305919885635376,115.09100341796875,112.26799774169922,92.99199676513672,200.6479949951172,0.9752299785614014,0.559440016746521,1.2069400548934937,0.807919979095459,0.4633899927139282,0.5734999775886536
2026-06-12,1.157594919204712,1.341381549835205,160.1300048828125,0.7950500249862671,1.3972400426864624,0.7047901749610901,0.5832808613777161,185.36500549316406,0.8628900051116943,0.9203299880027771,1.6172800064086914,1.6423900127410889,1.984179973602295,214.77499389648438,1.0663700103759766,1.8739800453186035,1.9032100439071655,2.2998900413513184,114.5989990234375,112.84100341796875,93.3759994506836,201.38897705078125,0.9845499992370605,0.5602399706840515,1.2083499431610107,0.8147199749946594,0.4636000096797943,0.5689399838447571
2026-06-15,1.1603081226348877,1.344971776008606,159.9550018310547,0.7939000129699707,1.3963600397109985,0.7075197696685791,0.585538387298584,185.5959930419922,0.8626899719238281,0.9211699962615967,1.6200300455093384,1.6399699449539185,1.981600046157837,215.1320037841797,1.0677599906921387,1.8780499696731567,1.900920033454895,2.297070026397705,114.53600311279297,113.16400146484375,93.63800048828125,201.45936584472656,0.9878990054130554,0.5616869926452637,1.208359956741333,0.8173199892044067,0.4645000100135803,0.5684999823570251
2026-06-16,1.1594202518463135,1.341599464416504,160.22900390625,0.7944300174713135,1.3990000486373901,0.7073001265525818,0.5827913284301758,185.7100067138672,0.8640000224113464,0.9208999872207642,1.6219199895858765,1.6389700174331665,1.989050030708313,214.9499969482422,1.0656299591064453,1.8765000104904175,1.8968499898910522,2.3018898963928223,114.51000213623047,113.31700134277344,93.33000183105469,201.65028381347656,0.9895200133323669,0.5616359710693359,1.2135900259017944,0.8152300119400024,0.46239998936653137,0.5677199959754944
2026-06-17,1.1609952449798584,1.3426424264907837,160.41900634765625,0.7931100130081177,1.3995699882507324,0.7065500020980835,0.5831209421157837,186.24099731445312,0.8647300004959106,0.9207500219345093,1.6244900226593018,1.6431100368499756,1.9908499717712402,215.36099243164062,1.0646400451660156,1.8784099817276,1.8999199867248535,2.3023600578308105,114.62100219726562,113.33499908447266,93.52200317382812,202.2307586669922,0.9885600209236145,0.560371994972229,1.2116899490356445,0.815750002861023,0.46209999918937683,0.5666599869728088
2026-06-18,1.150734782218933,1.3301233053207397,160.60000610351562,0.7994099855422974,1.409980058670044,0.7018499374389648,0.5774805545806885,184.80599975585938,0.8651000261306763,0.9198600053787231,1.6225899457931519,1.6394599676132202,1.9923499822616577,213.60800170898438,1.063230037689209,1.8754299879074097,1.895050048828125,2.303299903869629,113.88099670410156,112.70999908447266,92.72200012207031,200.88400268554688,0.9896500110626221,0.561020016670227,1.2144999504089355,0.8141300082206726,0.4615100026130676,0.5668299794197083
2026-06-19,1.1458560228347778,1.3202017545700073,161.28900146484375,0.8048999905586243,1.4140700101852417,0.7013099789619446,0.57548987865448,184.81500244140625,0.8678600192070007,0.9222599864006042,1.62021005153656,1.633829951286316,1.9905999898910522,212.927001953125,1.0625499486923218,1.8667999505996704,1.882349967956543,2.2937099933624268,114.05500030517578,113.10399627685547,92.80500030517578,200.37132263183594,0.9915199875831604,0.5644599795341492,1.2184799909591675,0.8136500120162964,0.46312999725341797,0.569130003452301
2026-06-22,1.1462763547897339,1.3207945823669434,161.43299865722656,0.8079699873924255,1.41743004322052,0.7002899646759033,0.5734602212905884,185.04299926757812,0.8678600192070007,0.9261500239372253,1.6245800256729126,1.6368099451065063,1.998479962348938,213.2050018310547,1.0671099424362183,1.8717600107192993,1.8859800100326538,2.3031599521636963,113.88200378417969,113.03900146484375,92.55500030517578,199.76499938964844,0.9925709962844849,0.5658450126647949,1.2211799621582031,0.8125500082969666,0.4631899893283844,0.5699899792671204
2026-06-23,1.1427135467529297,1.3247138261795044,161.57000732421875,0.8087999820709229,1.4158400297164917,0.6994621157646179,0.5711707472801208,184.6219940185547,0.8625800013542175,0.9241999983787537,1.6177699565887451,1.6336499452590942,2.0006299018859863,214.02699279785156,1.0713599920272827,1.875499963760376,1.8934999704360962,2.319149971008301,114.09300231933594,113.00499725341797,92.26200103759766,199.76416015625,0.9902499914169312,0.5651000142097473,1.22461998462677,0.8084800243377686,0.4618400037288666,0.571179986000061
2026-06-24,1.1379542350769043,1.3200099468231201,161.5989990234375,0.8097100257873535,1.4209599494934082,0.6915600895881653,0.5664695501327515,183.8820037841797,0.8620399832725525,0.9213299751281738,1.6167900562286377,1.645359992980957,2.008430004119873,213.3000030517578,1.0686700344085693,1.8753399848937988,1.9085999727249146,2.3301799297332764,113.7030029296875,111.7040023803711,91.49400329589844,199.55670166015625,0.9825299978256226,0.5598700046539307,1.2208199501037598,0.8046799898147583,0.4584999978542328,0.5697500109672546
2026-06-25,1.1354217529296875,1.3166556358337402,161.76300048828125,0.8125799894332886,1.4235199689865112,0.6900001764297485,0.5644615292549133,183.6699981689453,0.8624500036239624,0.922569990158081,1.6160199642181396,1.6457600593566895,2.0114998817443848,212.947998046875,1.0696200132369995,1.8735899925231934,1.9081599712371826,2.3321900367736816,113.63800048828125,111.59200286865234,91.28500366210938,199.0330047607422,0.9818099737167358,0.5603860020637512,1.2222599983215332,0.8031899929046631,0.4585399925708771,0.5707499980926514
2026-06-26,1.1361699104309082,1.318791389465332,161.80499267578125,0.8105199933052063,1.4200600385665894,0.6900501847267151,0.5643309354782104,183.82699584960938,0.861329972743988,0.921019971370697,1.613379955291748,1.6464500427246094,2.0132899284362793,213.3699951171875,1.0690200328826904,1.8724299669265747,1.9109699726104736,2.336740016937256,113.93000030517578,111.62699890136719,91.2760009765625,199.5684814453125,0.9797499775886536,0.5593199729919434,1.2228200435638428,0.8011699914932251,0.4573499858379364,0.5708000063896179
2026-06-29,1.1385631561279297,1.319713830947876,161.78700256347656,0.8100699782371521,1.4189800024032593,0.6896218657493591,0.5640698671340942,184.19000244140625,0.8626999855041504,0.9222400188446045,1.6154500246047974,1.6509300470352173,2.0184500217437744,213.50100708007812,1.0688999891281128,1.8721599578857422,1.913540005683899,2.3395299911499023,113.9990005493164,111.56700134277344,91.2300033569336,199.71377563476562,0.9784799814224243,0.5585700273513794,1.222540020942688,0.8001899719238281,0.4567500054836273,0.5708000063896179
2026-06-30,1.1422044038772583,1.325398564338684,161.92300415039062,0.8076000213623047,1.4208999872207642,0.6882398128509521,0.5651313662528992,184.9010009765625,0.8613700270652771,0.9223999977111816,1.622689962387085,1.6591399908065796,2.0199999809265137,214.59300231933594,1.070199966430664,1.8832199573516846,1.9256000518798828,2.3452401161193848,113.93399810791016,111.43199920654297,91.48300170898438,200.43467712402344,0.9779300093650818,0.5559409856796265,1.2178900241851807,0.8028799891471863,0.4563699960708618,0.56836998462677
2026-07-01,1.1413310766220093,1.325065016746521,162.6280059814453,0.8087000250816345,1.4205000400543213,0.6912999749183655,0.5675304532051086,185.60699462890625,0.861329972743988,0.9229599833488464,1.6212199926376343,1.6510800123214722,2.0110299587249756,215.47999572753906,1.071429967880249,1.8822400569915771,1.9168200492858887,2.3347599506378174,114.45800018310547,112.375,92.25900268554688,201.05999755859375,0.9815000295639038,0.5589140057563782,1.217898964881897,0.806119978427887,0.45882999897003174,0.569130003452301
2026-07-02,1.13779878616333,1.3279330730438232,162.53900146484375,0.809149980545044,1.4217300415039062,0.6892097592353821,0.5675497651100159,184.91600036621094,0.8565300107002258,0.9206399917602539,1.6174099445343018,1.651110053062439,2.0047600269317627,215.82699584960938,1.0744400024414062,1.887410044670105,1.9269100427627563,2.339600086212158,114.31199645996094,111.99199676513672,92.2249984741211,200.84764099121094,0.9796800017356873,0.5573920011520386,1.214110016822815,0.8067299723625183,0.45906001329421997,0.5690400004386902
2026-07-03,1.1422696113586426,1.3338704109191895,161.44900512695312,0.8044099807739258,1.419029951095581,0.6916002035140991,0.5692912936210632,184.4029998779297,0.8561000227928162,0.9186400175094604,1.620710015296936,1.6516000032424927,2.0064799785614014,215.3470001220703,1.0728100538253784,1.8924800157546997,1.9285199642181396,2.342989921569824,113.76599884033203,111.6520004272461,91.88999938964844,200.67799377441406,0.9813299775123596,0.5562959909439087,1.2148900032043457,0.8075900077819824,0.45781001448631287,0.5667999982833862
2026-07-06,1.1437721252441406,1.335309624671936,161.45199584960938,0.8037999868392944,1.4204200506210327,0.6937001347541809,0.5706000924110413,184.6479949951172,0.8564900159835815,0.9192299842834473,1.6243699789047241,1.648669958114624,2.0053300857543945,215.57899475097656,1.0731600522994995,1.8963099718093872,1.9248000383377075,2.341789960861206,113.6520004272461,111.98999786376953,92.04100036621094,200.85330200195312,0.9851899743080139,0.557295024394989,1.2165700197219849,0.809660017490387,0.45813000202178955,0.5658000111579895
2026-07-07,1.144177794456482,1.3397893905639648,162.08799743652344,0.805079996585846,1.4207799434661865,0.6955297589302063,0.5701611638069153,185.4530029296875,0.8541799783706665,0.9211199879646301,1.6254600286483765,1.6449600458145142,2.0067501068115234,217.1020050048828,1.0783100128173828,1.9027700424194336,1.9256800413131714,2.3492801189422607,114.08100128173828,112.72899627685547,92.39800262451172,201.3123321533203,0.9880399703979492,0.5598899722099304,1.2199100255966187,0.8098400235176086,0.45890000462532043,0.5665900111198425
2026-07-08,1.140380859375,1.3348907232284546,162.36300659179688,0.8088200092315674,1.4203499555587769,0.6922600269317627,0.567659318447113,185.11700439453125,0.8542299866676331,0.9222000241279602,1.6193699836730957,1.6469999551773071,2.008729934692383,216.68600463867188,1.0796200037002563,1.895550012588501,1.9279299974441528,2.3512399196624756,114.2959976196289,112.38200378417969,92.11699676513672,200.66099548339844,0.9831699728965759,0.5599300265312195,1.2194700241088867,0.8059399724006653,0.459089994430542,0.5694500207901001
2026-07-09,1.1422044038772583,1.339620590209961,162.53900146484375,0.8080599904060364,1.416700005531311,0.6936299204826355,0.5715788006782532,185.63299560546875,0.8524900078773499,0.9229300022125244,1.6175999641418457,1.6466100215911865,1.997499942779541,217.6929931640625,1.0820900201797485,1.896880030632019,1.930459976196289,2.343329906463623,114.72000122070312,112.73100280761719,92.87200164794922,201.11366271972656,0.9827060103416443,0.5604900121688843,1.2135499715805054,0.809440016746521,0.461760014295578,0.5702999830245972
2026-07-10,1.1433405876159668,1.3415615558624268,162.36300659179688,0.8065400123596191,1.4162399768829346,0.6944401264190674,0.5762293934822083,185.62899780273438,0.8523200154304504,0.9220899939537048,1.6195900440216064,1.6461000442504883,1.9837000370025635,217.7779998779297,1.0817400217056274,1.900089979171753,1.9318100214004517,2.327660083770752,114.59100341796875,112.72200012207031,93.51000213623047,201.27499389648438,0.9836000204086304,0.5600190162658691,1.2049399614334106,0.8160899877548218,0.4646100103855133,0.5692300200462341
2026-07-13,1.1404459476470947,1.3386881351470947,161.8780059814453,0.8093600273132324,1.4163399934768677,0.6942197680473328,0.5758709907531738,184.61199951171875,0.8518999814987183,0.923039972782135,1.615149974822998,1.6427099704742432,1.9803800582885742,216.69900512695312,1.0834399461746216,1.8956999778747559,1.9281200170516968,2.324620008468628,114.27799987792969,112.37000274658203,93.19999694824219,199.98916625976562,0.9832080006599426,0.5618699789047241,1.2055200338363647,0.8154299855232239,0.4659700095653534,0.571399986743927
2026-07-14,1.1384334564208984,1.3347926139831543,162.4290008544922,0.8147299885749817,1.4149399995803833,0.6918213367462158,0.5763389468193054,184.875,0.8527200222015381,0.9272000193595886,1.6104700565338135,1.6452399492263794,1.9749300479888916,216.79800415039062,1.0873899459838867,1.888659954071045,1.929319977760315,2.316009998321533,114.76499938964844,112.36299896240234,93.57599639892578,199.33692932128906,0.9789360165596008,0.5635700225830078,1.200410008430481,0.815310001373291,0.4694199860095978,0.5752000212669373
2026-07-15,1.1424654722213745,1.3397103548049927,162.18699645996094,0.8090599775314331,1.405150055885315,0.6976497769355774,0.5813513994216919,185.2899932861328,0.8527399897575378,0.9242900013923645,1.605299949645996,1.6375499963760376,1.9651800394058228,217.27699279785156,1.08378005027771,1.8824299573898315,1.9201799631118774,2.3045198917388916,115.41100311279297,113.14299774169922,94.26499938964844,200.45272827148438,0.980239987373352,0.5643900036811829,1.2000399827957153,0.8166859745979309,0.4702099859714508,0.5757099986076355
2026-07-16,1.1470258235931396,1.3541291952133179,162.07200622558594,0.8046600222587585,1.4037100076675415,0.7008101344108582,0.5847799181938171,185.88099670410156,0.8469399809837341,0.9229300022125244,1.6093000173568726,1.6366599798202515,1.9607000350952148,219.38699340820312,1.0893499851226807,1.9005000591278076,1.9316999912261963,2.3149900436401367,115.43000030517578,113.5459976196289,94.7300033569336,201.3942413330078,0.9835000038146973,0.5638960003852844,1.1984000205993652,0.8205999732017517,0.4704500138759613,0.5732200145721436
2026-07-17,1.1444659233093262,1.3478904962539673,162.37600708007812,0.8083099722862244,1.4036999940872192,0.6999399662017822,0.5841804146766663,185.83200073242188,0.8491899967193604,0.9252700209617615,1.6064599752426147,1.6349999904632568,1.959089994430542,218.82000732421875,1.089400053024292,1.8913899660110474,1.9251500368118286,2.306809902191162,115.65699768066406,113.61900329589844,94.83399963378906,200.75799560546875,0.982450008392334,0.5658199787139893,1.1980969905853271,0.8198829889297485,0.47218000888824463,0.5758500099182129
2026-07-20,1.142765760421753,1.3446282148361206,162.51199340820312,0.8084200024604797,1.4019099473953247,0.6979097723960876,0.5839995741844177,185.70799255371094,0.8498700261116028,0.9238399863243103,1.602020025253296,1.6373300552368164,1.9567400217056274,218.4929962158203,1.0869300365447998,1.8842999935150146,1.9262800216674805,2.302190065383911,115.91799926757812,113.41000366210938,94.88600158691406,201.00437927246094,0.9783499836921692,0.5641999840736389,1.1950600147247314,0.8185099959373474,0.47200000286102295,0.5766100287437439
2026-07-21,1.1418131589889526,1.3431652784347534,162.48699951171875,0.8100299835205078,1.4071300029754639,0.700079083442688,0.5852916240692139,185.47300720214844,0.8497999906539917,0.9246199727058411,1.6058000326156616,1.6304199695587158,1.9502999782562256,218.2270050048828,1.0878499746322632,1.8899199962615967,1.9185199737548828,2.2947099208831787,115.45600128173828,113.7300033569336,95.0780029296875,200.56716918945312,0.9850760102272034,0.5670689940452576,1.1961100101470947,0.8233870267868042,0.47398000955581665,0.5755900144577026
2026-07-22,1.140380859375,1.3379179239273071,163.18600463867188,0.8123999834060669,1.4105099439620972,0.7000800967216492,0.5826215744018555,186.06700134277344,0.8522400259971619,0.9265400171279907,1.607699990272522,1.6286799907684326,1.9570900201797485,218.31300354003906,1.0870200395584106,1.8867900371551514,1.9108099937438965,2.2961699962615967,115.68499755859375,114.23100280761719,95.04000091552734,200.7989959716797,0.9872900247573853,0.5688199996948242,1.2016099691390991,0.8215799927711487,0.4733099937438965,0.5760400295257568
2026-07-23,1.1411746740341187,1.337524175643921,163.08099365234375,0.8141999840736389,1.4085500240325928,0.6989697813987732,0.581429123878479,186.0989990234375,0.8531699776649475,0.9291200041770935,1.6070799827575684,1.6325600147247314,1.9622100591659546,218.1179962158203,1.088919997215271,1.883579969406128,1.913349986076355,2.3003499507904053,115.77799987792969,113.98100280761719,94.802001953125,200.26800537109375,0.98430997133255,0.5690299868583679,1.202180027961731,0.8186699748039246,0.47325000166893005,0.577970027923584
2026-07-24,1.137682318687439,1.3312742710113525,163.83200073242188,0.8168699741363525,1.4084899425506592,0.6967198848724365,0.5774105191230774,186.38900756835938,0.8545600175857544,0.9293000102043152,1.6022900342941284,1.6328099966049194,1.969849944114685,218.10597229003906,1.0873500108718872,1.8749200105667114,1.910539984703064,2.3053998947143555,116.31199645996094,114.1435546875,94.58000183105469,200.5399932861328,0.981190025806427,0.5690900087356567,1.206629991531372,0.8130750060081482,0.47150999307632446,0.5799199938774109
2026-07-27,1.1394972801208496,1.335131287574768,163.61099243164062,0.8162599802017212,1.4086500406265259,0.699440062046051,0.5798513293266296,186.43299865722656,0.8534500002861023,0.9301000237464905,1.6049000024795532,1.629080057144165,1.964400053024292,218.43499755859375,1.0896999835968018,1.8803600072860718,1.9086300134658813,2.3024399280548096,116.13500213623047,114.43000030517578,94.8489990234375,200.41299438476562,0.9851400256156921,0.5708600282669067,1.2062900066375732,0.816510021686554,0.47317999601364136,0.5794100165367126
2026-07-28,1.1369450092315674,1.3289920091629028,163.77099609375,0.8192840218544006,1.4124200344085693,0.6987192630767822,0.5770406723022461,186.19000244140625,0.855430006980896,0.9314000010490417,1.6056100130081177,1.6271300315856934,1.970289945602417,217.64199829101562,1.088879942893982,1.8767600059509277,1.9020099639892578,2.303030014038086,115.94300079345703,114.4229965209961,94.4800033569336,199.84500122070312,0.9868580102920532,0.5724449753761292,1.2108900547027588,0.8147299885749817,0.472680002450943,0.5800600051879883
2026-07-29,1.1386538743972778,1.3287270069122314,163.86399841308594,0.8194599747657776,1.4106099605560303,0.6974599957466125,0.5782185196876526,186.57000732421875,0.8568900227546692,0.9330199956893921,1.6060500144958496,1.632449984550476,1.9692100286483765,217.70899963378906,1.0887099504470825,1.8739999532699585,1.904919981956482,2.2980000972747803,116.15299987792969,114.28500366210938,94.7229995727539,199.93699645996094,0.983843982219696,0.5715240240097046,1.2062400579452515,0.8153799772262573,0.4735400080680847,0.5808699727058411
2026-07-30,1.1467232704162598,1.3367303609848022,163.3000030517578,0.8133900165557861,1.4035799503326416,0.695928156375885,0.5802584886550903,187.25399780273438,0.8578299880027771,0.9327099919319153,1.6092599630355835,1.6477899551391602,1.9752999544143677,218.2790069580078,1.0871700048446655,1.8756200075149536,1.9206600189208984,2.303689956665039,116.33200073242188,113.63099670410156,94.73500061035156,200.7310028076172,0.9767580032348633,0.5660520195960999,1.199280023574829,0.8140900135040283,0.47185999155044556,0.579479992389679
2026-07-31,1.1523525714874268,1.3460942506790161,160.18299865722656,0.8057699799537659,1.4011199474334717,0.7025185227394104,0.5875406265258789,184.5800018310547,0.8560199737548828,0.9286999702453613,1.6145000457763672,1.6403299570083618,1.9610899686813354,215.60800170898438,1.0844999551773071,1.8858100175857544,1.9160100221633911,2.2910799980163574,114.30500030517578,112.50900268554688,94.09100341796875,198.7519989013672,0.9842749834060669,0.5660459995269775,1.195680022239685,0.8227999806404114,0.47279998660087585,0.5746999979019165
2026-08-03,1.154401183128357,1.34916353225708,157.58200073242188,0.8069999814033508,1.4012999534606934,0.7045875787734985,0.5898382663726807,181.8990020751953,0.8556299805641174,0.9315299987792969,1.6174900531768799,1.638350009918213,1.9571199417114258,212.58200073242188,1.088629961013794,1.890220046043396,1.9147499799728394,2.2873599529266357,112.43099975585938,111.01799774169922,92.9229965209961,195.25265502929688,0.9871799945831299,0.5685099959373474,1.194493055343628,0.8263400197029114,0.47585999965667725,0.5758299827575684
2026-08-04,1.150734782218933,1.3427000045776367,157.5290069580078,0.8103700280189514,1.4046299457550049,0.6997601389884949,0.5866995453834534,181.2790069580078,0.8569599986076355,0.9324600100517273,1.6162300109863281,1.6444100141525269,1.9605000019073486,211.51699829101562,1.0879600048065186,1.8859200477600098,1.9187300205230713,2.2886900901794434,112.13500213623047,110.22799682617188,92.40499877929688,194.36300659179688,0.9824000000953674,0.567031979560852,1.1927399635314941,0.8238940238952637,0.4747999906539917,0.5768700242042542
2026-08-05,1.153242826461792,1.3450984954833984,157.69200134277344,0.8091199994087219,1.4065500497817993,0.7046700119972229,0.5876303911209106,181.85800170898438,0.8573499917984009,0.9330300092697144,1.6219300031661987,1.6364599466323853,1.9623299837112427,212.1060028076172,1.088230013847351,1.8917499780654907,1.90871000289917,2.2890400886535645,112.11699676513672,111.12100219726562,92.64700317382812,194.89059448242188,0.9910699725151062,0.5701429843902588,1.1991599798202515,0.8263199925422668,0.4753299951553345,0.575190007686615
2026-08-06,1.1557353734970093,1.3469645977020264,157.60000610351562,0.8066700100898743,1.4010200500488281,0.7057301998138428,0.5887513160705566,182.14100646972656,0.857990026473999,0.9322500228881836,1.6189299821853638,1.6375600099563599,1.9628100395202637,212.2779998779297,1.086400032043457,1.8867000341415405,1.9084500074386597,2.2877800464630127,112.5009994506836,111.22000122070312,92.77300262451172,195.3629913330078,0.9885500073432922,0.5692200064659119,1.1987299919128418,0.8245999813079834,0.47481998801231384,0.5757700204849243
2026-08-07,1.1524720191955566,1.345532774925232,158.40899658203125,0.8124099969863892,1.4013700485229492,0.7033402323722839,0.5868303775787354,182.5399932861328,0.8564800024032593,0.9361900091171265,1.614840030670166,1.6384600400924683,1.963819980621338,213.13900756835938,1.0929499864578247,1.885390043258667,1.9128799438476562,2.2928600311279297,113.0469970703125,111.41200256347656,92.94499969482422,194.9739990234375,0.9855300188064575,0.5713099837303162,1.1985499858856201,0.8221589922904968,0.4765999913215637,0.5796700119972229
2026-08-10,1.155641794204712,1.34907066822052,157.89100646972656,0.8081700205802917,1.3950899839401245,0.7063493728637695,0.5887998342514038,182.468994140625,0.8565999865531921,0.9339100122451782,1.6120799779891968,1.6360100507736206,1.961899995803833,212.99899291992188,1.0901999473571777,1.8818700313568115,1.9097700119018555,2.2912099361419678,113.18299865722656,111.51899719238281,92.9530029296875,195.3627166748047,0.9853690266609192,0.5708339810371399,1.1996699571609497,0.8212199807167053,0.47571998834609985,0.579259991645813
2026-08-11,1.1546411514282227,1.3511322736740112,159.156005859375,0.8098199963569641,1.3933600187301636,0.7055301070213318,0.5888206362724304,183.76199340820312,0.8545399904251099,0.9350200295448303,1.6087000370025635,1.6364699602127075,1.9608099460601807,215.02200317382812,1.0940300226211548,1.8824399709701538,1.914870023727417,2.294610023498535,114.22100067138672,112.28299713134766,93.69300079345703,196.4980010986328,0.9829699993133545,0.571340024471283,1.198240041732788,0.8202300071716309,0.4767099916934967,0.5811499953269958
2026-08-12,1.1543744802474976,1.3509862422943115,159.26499938964844,0.811020016670227,1.3918999433517456,0.7063997387886047,0.5880000591278076,183.85000610351562,0.854449987411499,0.9361900091171265,1.6067999601364136,1.6341099739074707,1.9631999731063843,215.156005859375,1.0955899953842163,1.88031005859375,1.9122899770736694,2.2975499629974365,114.41200256347656,112.50199890136719,93.62899780273438,196.3660888671875,0.9832199811935425,0.5728920102119446,1.2013700008392334,0.8183199763298035,0.476749986410141,0.5823000073432922
2026-08-13,1.1530035734176636,1.3497827053070068,159.3280029296875,0.8129000067710876,1.3940600156784058,0.7063897848129272,0.5861115455627441,183.67300415039062,0.8539000153541565,0.9373999834060669,1.6067999601364136,1.6318800449371338,1.966729998588562,215.0469970703125,1.0975099802017212,1.881250023841858,1.9106199741363525,2.3029000759124756,114.29900360107422,112.51000213623047,93.36599731445312,195.9040069580078,0.9845700263977051,0.5743600130081177,1.20524001121521,0.8167600035667419,0.47648000717163086,0.5833200216293335
2026-08-14,1.1535356044769287,1.3490725755691528,159.42599487304688,0.8141199946403503,1.3927099704742432,0.7063698172569275,0.5854492783546448,183.88499450683594,0.8549299836158752,0.9389700293540955,1.606220006942749,1.6328099966049194,1.9701199531555176,215.0679931640625,1.0981500148773193,1.8786900043487549,1.9097000360488892,2.3043599128723145,114.47200012207031,112.60900115966797,93.31500244140625,195.80099487304688,0.9836699962615967,0.574999988079071,1.2066199779510498,0.815155029296875,0.47648999094963074,0.5845000147819519
2026-08-17,1.1573940515518188,1.3546648025512695,159.22300720214844,0.8126500248908997,1.3871899843215942,0.7085198760032654,0.5890911817550659,184.2790069580078,0.8543599843978882,0.940530002117157,1.605389952659607,1.6334600448608398,1.964709997177124,215.6699981689453,1.1008000373840332,1.8790099620819092,1.911829948425293,2.2994399070739746,114.77799987792969,112.80500030517578,93.7760009765625,195.90562438964844,0.9827700257301331,0.5757740139961243,1.2027599811553955,0.8169299960136414,0.47859999537467957,0.5857800245285034
2026-08-18,1.1582788228988647,1.3550318479537964,159.33999633789062,0.8105800151824951,1.386970043182373,0.7108199596405029,0.5905907154083252,184.531005859375,0.8547700047492981,0.9388899803161621,1.6064300537109375,1.6294399499893188,1.961210012435913,215.90199279785156,1.0983500480651855,1.878999948501587,1.9061800241470337,2.294450044631958,114.86299896240234,113.25399780273438,94.06999969482422,196.52999877929688,0.9858099818229675,0.5761399865150452,1.203629970550537,0.8189499974250793,0.4786199927330017,0.5843899846076965
2026-08-19,1.1579434871673584,1.3536745309829712,159.5500030517578,0.8122400045394897,1.3897900581359863,0.7081500887870789,0.5872901082038879,184.6929931640625,0.8551599979400635,0.9402199983596802,1.608839988708496,1.6346900463104248,1.970810055732727,215.96600341796875,1.099410057067871,1.8812700510025024,1.9114099740982056,2.30472993850708,114.79100036621094,112.97899627685547,93.69300079345703,196.4029998779297,0.9841920137405396,0.5750899910926819,1.2057100534439087,0.8161500096321106,0.4769200086593628,0.58433997631073
2026-08-20,1.1673787832260132,1.3599891662597656,158.2760009765625,0.7977700233459473,1.3810399770736694,0.7125044465065002,0.5935810208320618,184.76300048828125,0.8582800030708313,0.9312000274658203,1.6119400262832642,1.6388700008392334,1.9666600227355957,215.24400329589844,1.0849299430847168,1.877810001373291,1.9092299938201904,2.2912299633026123,114.60900115966797,112.72899627685547,93.9280014038086,198.3730010986328,0.9835100173950195,0.5682100057601929,1.2000399827957153,0.8191999793052673,0.47343000769615173,0.5770999789237976
2026-08-21,1.1687841415405273,1.364349603652954,158.88299560546875,0.799589991569519,1.3781399726867676,0.7119398713111877,0.5954011082649231,185.70399475097656,0.8566399812698364,0.9344900250434875,1.6102499961853027,1.6416699886322021,1.9629199504852295,216.75799560546875,1.090790033340454,1.8799999952316284,1.9163099527359009,2.291529893875122,115.28500366210938,113.10399627685547,94.58000183105469,198.69000244140625,0.9810100197792053,0.5691499710083008,1.1957499980926514,0.8203399777412415,0.47595998644828796,0.5801600217819214
2026-08-24,1.1681560277938843,1.3653554916381836,158.9040069580078,0.8006299734115601,1.3792799711227417,0.7171398997306824,0.5977500677108765,185.625,0.8555600047111511,0.9352800250053406,1.6110899448394775,1.6288700103759766,1.9541499614715576,216.95399475097656,1.0931199789047241,1.8829400539398193,1.903730034828186,2.284169912338257,115.20700073242188,113.95099639892578,94.96499633789062,198.45518493652344,0.9890499711036682,0.5741199851036072,1.1998000144958496,0.8242599964141846,0.478300005197525,0.5804499983787537
2026-08-25,1.1668338775634766,1.3638285398483276,159.13900756835938,0.8019999861717224,1.3840800523757935,0.7154815793037415,0.5966017842292786,185.6739959716797,0.8554700016975403,0.9360600113868713,1.6148600578308105,1.6308000087738037,1.955680012702942,217.0189971923828,1.0937000513076782,1.8874599933624268,1.9060300588607788,2.286020040512085,114.97200012207031,113.8489990234375,94.9209976196289,198.340087890625,0.9901700019836426,0.5739499926567078,1.1992499828338623,0.8254899978637695,0.47850000858306885,0.5795900225639343
2026-08-26,1.1674741506576538,1.3647032976150513,159.22300720214844,0.8017200231552124,1.383620023727417,0.7165325880050659,0.5976000428199768,185.8800048828125,0.8553599715232849,0.9359800219535828,1.6152600049972534,1.629289984703064,1.9534800052642822,217.2830047607422,1.094099998474121,1.8879400491714478,1.9044899940490723,2.283669948577881,115.06800079345703,114.05899810791016,95.13300323486328,198.5595703125,0.9913989901542664,0.5744199752807617,1.1989699602127075,0.8266400098800659,0.4790300130844116,0.5794100165367126
2026-08-27,1.1654876470565796,1.3596932888031006,159.2550048828125,0.8050500154495239,1.3875000476837158,0.7181498408317566,0.5948415398597717,185.6009979248047,0.8571699857711792,0.9382399916648865,1.6168400049209595,1.6228699684143066,1.9592000246047974,216.5,1.094349980354309,1.88618004322052,1.8930799961090088,2.2855899333953857,114.77899932861328,114.35700225830078,94.69999694824219,197.79039001464844,0.9962300062179565,0.5780500173568726,1.2072370052337646,0.8251339793205261,0.478769987821579,0.5802000164985657
2026-08-28,1.1656370162963867,1.3597116470336914,159.3209991455078,0.8037599921226501,1.3851499557495117,0.7195098996162415,0.5954897403717041,185.64999389648438,0.8570799827575684,0.9366400241851807,1.6140799522399902,1.6196099519729614,1.9569400548934937,216.5970001220703,1.0927000045776367,1.8830499649047852,1.8896900415420532,2.283220052719116,115.01599884033203,114.62300109863281,94.8499984741211,198.1909942626953,0.9965199828147888,0.5782600045204163,1.2083100080490112,0.8246399760246277,0.478520005941391,0.5802500247955322
2026-08-31,1.1588962078094482,1.3540412187576294,160.1219940185547,0.8088399767875671,1.3899099826812744,0.7163000702857971,0.5919997096061707,185.5570068359375,0.8558400273323059,0.9373599886894226,1.6106300354003906,1.6185499429702759,1.9574300050735474,216.79800415039062,1.0951199531555176,1.881719946861267,1.8909900188446045,2.28725004196167,115.1989974975586,114.63700103759766,94.76799774169922,197.94000244140625,0.9950699806213379,0.5791019797325134,1.2094299793243408,0.8226199746131897,0.4787200093269348,0.5819100141525269
2026-09-01,1.1617640256881714,1.3550136089324951,159.7469940185547,0.8082000017166138,1.38510000705719,0.7172999382019043,0.5922310948371887,185.58200073242188,0.8574399948120117,0.9390400052070618,1.609220027923584,1.6201200485229492,1.9616299867630005,216.42799377441406,1.0950700044631958,1.8766000270843506,1.889359951019287,2.2875900268554688,115.31700134277344,114.54299926757812,94.58899688720703,197.60000610351562,0.9926999807357788,0.57955002784729,1.2107700109481812,0.8201599717140198,0.47859999537467957,0.5830000042915344
2026-09-02,1.1595547199249268,1.3515340089797974,160.1959991455078,0.8116999864578247,1.3894100189208984,0.7147099375724792,0.5895600914955139,185.67999267578125,0.8576099872589111,0.9409700036048889,1.6101000308990479,1.6218899488449097,1.96628999710083,216.44700622558594,1.0970300436019897,1.8775700330734253,1.8908599615097046,2.2924299240112305,115.29499816894531,114.48899841308594,94.41200256347656,197.31808471679688,0.9929400086402893,0.5801100134849548,1.2123199701309204,0.8189399838447571,0.47846001386642456,0.5841900110244751
2026-09-03,1.1585336923599243,1.3483631610870361,158.92300415039062,0.8129799962043762,1.3844900131225586,0.7163600921630859,0.5851101279258728,184.10800170898438,0.8591799736022949,0.9418100118637085,1.6036100387573242,1.6171599626541138,1.9799100160598755,214.27200317382812,1.0960899591445923,1.8663660287857056,1.8821300268173218,2.304500102996826,114.8010025024414,113.83999633789062,92.96499633789062,195.4499969482422,0.991569995880127,0.5823829770088196,1.2244000434875488,0.8097599744796753,0.4755600094795227,0.5872300267219543
2026-09-04,1.1628313064575195,1.353179931640625,155.66000366210938,0.8075100183486938,1.3789499998092651,0.7201300859451294,0.5885607600212097,181.0050048828125,0.8594800233840942,0.9389700293540955,1.603410005569458,1.6146700382232666,1.9756100177764893,210.58799743652344,1.092360019683838,1.865380048751831,1.8785300254821777,2.298640012741089,112.87999725341797,112.09300231933594,91.60099792480469,192.74000549316406,0.9929599761962891,0.5814399719238281,1.2235699892044067,0.8114299774169922,0.47512999176979065,0.5855200290679932
2026-09-07,1.1618449687957764,1.3518811464309692,156.10000610351562,0.8098199963569641,1.3832999467849731,0.7210325598716736,0.58833909034729,181.3179931640625,0.8591700196266174,,,,1.9747999906539917,211.02699279785156,1.0947599411010742,,,2.298379898071289,,,,,,,1.22530996799469,0.813480019569397,0.47624000906944275,0.5853599905967712
