pair,date,daily_close,hourly_close,diff_pips,pct_diff,gap_hours
EUR/USD,2024-09-09,1.1087212562561035,1.1041183471679688,46.029090881347656,0.4168854815193582,1.0
EUR/USD,2024-09-10,1.1037527322769165,1.102292776107788,14.59956169128418,0.1324472228044118,1.0
EUR/USD,2024-09-11,1.1020983457565308,1.1014429330825806,6.554126739501953,0.059504914350479186,1.0
EUR/USD,2024-09-12,1.1010911464691162,1.1075423955917358,64.51249122619629,0.5824832664010904,1.0
EUR/USD,2024-09-16,1.1088441610336304,1.1129660606384277,41.21899604797363,0.37035267746016703,1.0
EUR/USD,2024-09-17,1.1129536628723145,1.1120996475219727,8.540153503417969,0.07679306006838055,1.0
EUR/USD,2024-09-18,1.1123099327087402,1.1124708652496338,1.6093254089355469,0.014466225221767232,1.0
EUR/USD,2024-09-19,1.1114816665649414,1.1164453029632568,49.6363639831543,0.4445928864711062,1.0
EUR/USD,2024-09-23,1.1160838603973389,1.1114816665649414,46.02193832397461,0.4140593561584009,1.0
EUR/USD,2024-09-24,1.1111727952957153,1.1191942691802979,80.2147388458252,0.7167186345992888,1.0
EUR/USD,2024-09-25,1.1191190481185913,1.1135857105255127,55.33337593078613,0.49689373173326495,1.0
EUR/USD,2024-09-26,1.1131023168563843,1.1179429292678833,48.406124114990234,0.4329928017585867,1.0
EUR/USD,2024-09-30,1.1169815063476562,1.1145787239074707,24.02782440185547,0.21557763383118544,1.0
EUR/USD,2024-10-01,1.113660216331482,1.1071745157241821,64.85700607299805,0.5857884656112798,1.0
EUR/USD,2024-10-02,1.1063904762268066,1.1049723625183105,14.181137084960938,0.12833929214882006,1.0
EUR/USD,2024-10-03,1.1048502922058105,1.1037527322769165,10.97559928894043,0.09943893199973344,1.0
EUR/USD,2024-10-07,1.0974539518356323,1.098056435585022,6.024837493896484,0.054868195282572835,1.0
EUR/USD,2024-10-08,1.0975743532180786,1.0982975959777832,7.232427597045898,0.06585125583022945,1.0
EUR/USD,2024-10-09,1.0975743532180786,1.0943313837051392,32.42969512939453,0.29634254863088627,1.0
EUR/USD,2024-10-10,1.0943313837051392,1.0937328338623047,5.985498428344727,0.054725415961118254,1.0
EUR/USD,2024-10-14,1.0925379991531372,1.091226577758789,13.114213943481445,0.1201786522686793,1.0
EUR/USD,2024-10-15,1.0909169912338257,1.0892059803009033,17.110109329223633,0.15708791209993914,1.0
EUR/USD,2024-10-16,1.0884116888046265,1.086130142211914,22.815465927124023,0.2100619901834242,1.0
EUR/USD,2024-10-17,1.0862481594085693,1.0833063125610352,29.418468475341797,0.2715618669828836,1.0
EUR/USD,2024-10-21,1.0868619680404663,1.0818997621536255,49.6220588684082,0.4586567129807915,1.0
EUR/USD,2024-10-22,1.0817828178405762,1.0801469087600708,16.35909080505371,0.1514524614418676,1.0
EUR/USD,2024-10-23,1.079727053642273,1.078399658203125,13.273954391479492,0.12308937869655037,1.0
EUR/USD,2024-10-24,1.0780508518218994,1.0828369855880737,47.861337661743164,0.44199947266993594,1.0
EUR/USD,2024-10-28,1.0796570777893066,1.0818997621536255,22.426843643188477,0.20729132612568182,1.0
EUR/USD,2024-10-29,1.0816774368286133,1.0822510719299316,5.736351013183594,0.05300388386730084,1.0
EUR/USD,2024-10-30,1.0820636749267578,1.086130142211914,40.6646728515625,0.3743996347320637,1.0
EUR/USD,2024-10-31,1.0859178304672241,1.0887316465377808,28.138160705566406,0.258449001597842,1.0
EUR/USD,2024-11-04,1.087453007698059,1.0876659154891968,2.129077911376953,0.019574741481343222,1.0
EUR/USD,2024-11-05,1.0874056816101074,1.0933741331100464,59.68451499938965,0.5458745839324012,1.0
EUR/USD,2024-11-06,1.093445897102356,1.0734220743179321,200.23822784423828,1.8654193223245623,1.0
EUR/USD,2024-11-07,1.073306918144226,1.0797970294952393,64.90111351013184,0.6010491947775632,1.0
EUR/USD,2024-11-11,1.0714898109436035,1.066439151763916,50.506591796875,0.4736003147796654,1.0
EUR/USD,2024-11-12,1.066439151763916,1.0619093179702759,45.29833793640137,0.4265744463282817,1.0
EUR/USD,2024-11-13,1.061672568321228,1.056747317314148,49.25251007080078,0.46607650915057003,1.0
EUR/USD,2024-11-14,1.0564124584197998,1.0530749559402466,33.37502479553223,0.31692924237983666,1.0
EUR/USD,2024-11-18,1.0533745288848877,1.0597710609436035,63.9653205871582,0.6035767812927868,1.0
EUR/USD,2024-11-19,1.059490442276001,1.060895323753357,14.04881477355957,0.1324241370379131,1.0
EUR/USD,2024-11-20,1.0607603788375854,1.0548522472381592,59.081315994262695,0.5600909146181456,1.0
EUR/USD,2024-11-21,1.0546187162399292,1.047120451927185,74.9826431274414,0.7160842192456343,1.0
EUR/USD,2024-11-25,1.0479873418807983,1.0463534593582153,16.338825225830078,0.15615015251014275,1.0
EUR/USD,2024-11-26,1.0444300174713135,1.049428105354309,49.980878829956055,0.4762677745616643,1.0
EUR/USD,2024-11-27,1.0491198301315308,1.0565240383148193,74.04208183288574,0.7008083029609492,1.0
EUR/USD,2024-11-28,1.0562450885772705,1.0564124584197998,1.6736984252929688,0.01584322876877575,1.0
EUR/USD,2024-12-02,1.0545074939727783,1.0503098964691162,41.975975036621094,0.3996532373705514,1.0
EUR/USD,2024-12-03,1.0501223802566528,1.0513036251068115,11.812448501586914,0.11236000922556298,1.0
EUR/USD,2024-12-04,1.0510826110839844,1.0515247583389282,4.421472549438477,0.042048202045408656,1.0
EUR/USD,2024-12-05,1.051414132118225,1.0588732957839966,74.59163665771484,0.7044434584827897,1.0
EUR/USD,2024-12-09,1.0565463304519653,1.0557432174682617,8.031129837036133,0.07607086367360508,1.0
EUR/USD,2024-12-10,1.0555204153060913,1.0534077882766724,21.126270294189453,0.20055168121313285,1.0
EUR/USD,2024-12-11,1.0532968044281006,1.0508617162704468,24.350881576538086,0.2317229869497997,1.0
EUR/USD,2024-12-12,1.0506850481033325,1.0476689338684082,30.161142349243164,0.28788810447854263,1.0
EUR/USD,2024-12-16,1.051005244255066,1.0519671440124512,9.618997573852539,0.09143819394552011,1.0
EUR/USD,2024-12-17,1.0517348051071167,1.0497585535049438,19.762516021728516,0.18825772798654739,1.0
EUR/USD,2024-12-18,1.0495051145553589,1.0353038311004639,142.0128345489502,1.3717020094284722,1.0
EUR/USD,2024-12-19,1.0350252389907837,1.036591649055481,15.664100646972656,0.15111158440496247,1.0
EUR/USD,2024-12-23,1.0433076620101929,1.0407993793487549,25.082826614379883,0.24099578758467952,1.0
EUR/USD,2024-12-24,1.0405826568603516,1.039717197418213,8.654594421386719,0.08323988910520559,1.0
EUR/USD,2024-12-25,1.0402579307556152,1.0401498079299927,1.081228256225586,0.010394928191904816,1.0
EUR/USD,2024-12-26,1.0399551391601562,1.0424268245697021,24.716854095458984,0.23710876881609144,1.0
EUR/USD,2024-12-30,1.0429377555847168,1.0407993793487549,21.38376235961914,0.20545517977729105,1.0
EUR/USD,2024-12-31,1.040615200996399,1.0354111194610596,52.040815353393555,0.5026101649408715,1.0
EUR/USD,2025-01-02,1.0351860523223877,1.027010440826416,81.7561149597168,0.7960592386376246,1.0
EUR/USD,2025-01-06,1.0305347442626953,1.0386372804641724,81.02536201477051,0.7801122060490632,1.0
EUR/USD,2025-01-07,1.0386372804641724,1.0346611738204956,39.76106643676758,0.3842906976971938,1.0
EUR/USD,2025-01-08,1.034554123878479,1.0316723585128784,28.81765365600586,0.27932951210930523,1.0
EUR/USD,2025-01-09,1.0314701795578003,1.0299721956253052,14.979839324951172,0.14543925931764382,1.0
EUR/USD,2025-01-13,1.0244431495666504,1.0266940593719482,22.509098052978516,0.21923861200431835,1.0
EUR/USD,2025-01-14,1.0265253782272339,1.0308215618133545,42.961835861206055,0.416772770891893,1.0
EUR/USD,2025-01-15,1.0306835174560547,1.0297601222991943,9.233951568603516,0.0896708987719046,1.0
EUR/USD,2025-01-16,1.0295268297195435,1.0303966999053955,8.698701858520508,0.08442090176840791,1.0
EUR/USD,2025-01-20,1.0277386903762817,1.0423181056976318,145.79415321350098,1.3987491190697467,1.0
EUR/USD,2025-01-21,1.0420682430267334,1.0409077405929565,11.605024337768555,0.11148946141141879,1.0
EUR/USD,2025-01-22,1.0405935049057007,1.0411244630813599,5.309581756591797,0.05099853038586102,1.0
EUR/USD,2025-01-23,1.0410159826278687,1.041775107383728,7.59124755859375,0.07286839073797897,1.0
EUR/USD,2025-01-27,1.0467586517333984,1.0447137355804443,20.449161529541016,0.19573937656883045,1.0
EUR/USD,2025-01-28,1.0445064306259155,1.043079137802124,14.272928237915039,0.13683456720253823,1.0
EUR/USD,2025-01-29,1.0429050922393799,1.0427528619766235,1.5223026275634766,0.014598882276648247,1.0
EUR/USD,2025-01-30,1.0425245761871338,1.039933443069458,25.911331176757812,0.24916336088084798,1.0
EUR/USD,2025-02-03,1.024779200553894,1.0329511165618896,81.71916007995605,0.7911232077656584,1.0
EUR/USD,2025-02-04,1.0327378511428833,1.037451982498169,47.141313552856445,0.4543951368172323,1.0
EUR/USD,2025-02-05,1.0372798442840576,1.0403661727905273,30.863285064697266,0.2966579063399771,1.0
EUR/USD,2025-02-06,1.0400848388671875,1.0388531684875488,12.316703796386719,0.11856058363202981,1.0
EUR/USD,2025-02-10,1.0311616659164429,1.0303966999053955,7.649660110473633,0.07423995157569872,1.0
EUR/USD,2025-02-11,1.0301525592803955,1.0366991758346558,65.46616554260254,0.631486617030395,1.0
EUR/USD,2025-02-12,1.0364949703216553,1.0393929481506348,28.979778289794922,0.2788144593568573,1.0
EUR/USD,2025-02-13,1.039198637008667,1.0463534593582153,71.5482234954834,0.6837863711882575,1.0
EUR/USD,2025-02-17,1.0489217042922974,1.0487676858901978,1.5401840209960938,0.01468565480913707,1.0
EUR/USD,2025-02-18,1.048536777496338,1.0450413227081299,34.95454788208008,0.3344800547360035,1.0
EUR/USD,2025-02-19,1.044833779335022,1.0423181056976318,25.156736373901367,0.24135373103841232,1.0
EUR/USD,2025-02-20,1.0421009063720703,1.0503098964691162,82.08990097045898,0.7815779061629816,1.0
EUR/USD,2025-02-24,1.0474823713302612,1.0463534593582153,11.289119720458984,0.10789011704881453,1.0
EUR/USD,2025-02-25,1.0461344718933105,1.0522992610931396,61.647891998291016,0.5858399247971583,1.0
EUR/USD,2025-02-26,1.0524100065231323,1.0489877462387085,34.22260284423828,0.3262440668820793,1.0
EUR/USD,2025-02-27,1.0488777160644531,1.039717197418213,91.60518646240234,0.8810586829752642,1.0
EUR/USD,2025-03-03,1.0413846969604492,1.048657774925232,72.73077964782715,0.6935606771523987,1.0
EUR/USD,2025-03-04,1.0485037565231323,1.0625863075256348,140.8255100250244,1.325308909287136,1.0
EUR/USD,2025-03-05,1.062699317932129,1.0796804428100586,169.81124877929688,1.5727917450957356,1.0
EUR/USD,2025-03-06,1.0794938802719116,1.079097867012024,3.960132598876953,0.03669854903746953,1.0
EUR/USD,2025-03-10,1.086059331893921,1.0841283798217773,19.309520721435547,0.1781110160090993,1.0
EUR/USD,2025-03-11,1.0839403867721558,1.0917030572891235,77.62670516967773,0.7110606190151879,1.0
EUR/USD,2025-03-12,1.0914170742034912,1.0888501405715942,25.669336318969727,0.23574719203778172,1.0
EUR/USD,2025-03-13,1.0886249542236328,1.0857763290405273,28.486251831054688,0.26235837961421815,1.0
EUR/USD,2025-03-17,1.0881274938583374,1.0921800136566162,40.525197982788086,0.3710487051224259,1.0
EUR/USD,2025-03-18,1.091917634010315,1.0942115783691406,22.939443588256836,0.20964358303031994,1.0
EUR/USD,2025-03-19,1.093948245048523,1.0914647579193115,24.834871292114258,0.22753708822864457,1.0
EUR/USD,2025-03-20,1.0911908149719238,1.085894227027893,52.96587944030762,0.4877627868533378,1.0
EUR/USD,2025-03-24,1.0835762023925781,1.0804970264434814,30.791759490966797,0.2849777346664216,1.0
EUR/USD,2025-03-25,1.0803569555282593,1.0789813995361328,13.755559921264648,0.12748653431077062,1.0
EUR/USD,2025-03-26,1.0787487030029297,1.0744600296020508,42.88673400878906,0.39914685355650764,1.0
EUR/USD,2025-03-27,1.0742061138153076,1.0803803205490112,61.74206733703613,0.5714845611558437,1.0
EUR/USD,2025-03-31,1.082391619682312,1.0821340084075928,2.576112747192383,0.02380585701195404,1.0
EUR/USD,2025-04-01,1.0818880796432495,1.0801469087600708,17.41170883178711,0.16119759905413672,1.0
EUR/USD,2025-04-02,1.0795987844467163,1.0840108394622803,44.12055015563965,0.40701207542837387,1.0
EUR/USD,2025-04-03,1.090869426727295,1.1066844463348389,158.15019607543945,1.4290450778377477,1.0
EUR/USD,2025-04-07,1.098454475402832,1.091941475868225,65.12999534606934,0.5964604952319733,1.0
EUR/USD,2025-04-08,1.0915361642837524,1.0970927476882935,55.565834045410156,0.5064825573087969,1.0
EUR/USD,2025-04-09,1.0980443954467773,1.0961307287216187,19.136667251586914,0.1745838041955578,1.0
EUR/USD,2025-04-10,1.0952062606811523,1.12296462059021,277.5835990905762,2.4718819631617888,1.0
EUR/USD,2025-04-14,1.1343141794204712,1.1357183456420898,14.041662216186523,0.12363683540083989,1.0
EUR/USD,2025-04-15,1.1339668035507202,1.1298158168792725,41.50986671447754,0.3674038378143286,1.0
EUR/USD,2025-04-16,1.1292672157287598,1.1402509212493896,109.83705520629883,0.9632709183514516,1.0
EUR/USD,2025-04-17,1.1396790742874146,1.1526048183441162,129.2574405670166,1.121437621202327,1.0
EUR/USD,2025-04-22,1.1512778997421265,1.1340440511703491,172.33848571777344,1.519680699704017,1.0
EUR/USD,2025-04-23,1.1351252794265747,1.1336582899093628,14.66989517211914,0.12940314822107477,1.0
EUR/USD,2025-04-24,1.132733702659607,1.139211654663086,64.77952003479004,0.5686346322883093,1.0
EUR/USD,2025-04-28,1.1343141794204712,1.1416828632354736,73.68683815002441,0.6454230025070141,1.0
EUR/USD,2025-04-29,1.1409143209457397,1.1396011114120483,13.132095336914062,0.11523413943184424,1.0
EUR/USD,2025-04-30,1.1389262676239014,1.1330161094665527,59.10158157348633,0.5216305494659962,1.0
EUR/USD,2025-05-01,1.1324899196624756,1.1298158168792725,26.74102783203125,0.2366848421886511,1.0
EUR/USD,2025-05-05,1.1323232650756836,1.131861925125122,4.613399505615234,0.04075938418995095,1.0
EUR/USD,2025-05-06,1.1313369274139404,1.134429931640625,30.930042266845703,0.27264832674252815,1.0
EUR/USD,2025-05-07,1.1342755556106567,1.130454421043396,38.21134567260742,0.3380175702912357,1.0
EUR/USD,2025-05-08,1.1306205987930298,1.1235954761505127,70.2512264251709,0.6252359315814858,1.0
EUR/USD,2025-05-12,1.12296462059021,1.1096316576004028,133.3296298980713,1.2015665647679779,1.0
EUR/USD,2025-05-13,1.1095577478408813,1.1198208332061768,102.6308536529541,0.9164935194062257,1.0
EUR/USD,2025-05-14,1.1185556650161743,1.1185681819915771,0.1251697540283203,0.0011190176517041574,1.0
EUR/USD,2025-05-15,1.1181930303573608,1.1195701360702515,13.77105712890625,0.12300307667408283,1.0
EUR/USD,2025-05-19,1.1187559366226196,1.1238480806350708,50.92144012451172,0.4530989641921774,1.0
EUR/USD,2025-05-20,1.1233429908752441,1.1285407543182373,51.97763442993164,0.46057383600056023,1.0
EUR/USD,2025-05-21,1.1287955045700073,1.1319899559020996,31.94451332092285,0.28219785126508296,1.0
EUR/USD,2025-05-22,1.133118748664856,1.1290504932403564,40.68255424499512,0.36032537507013396,1.0
EUR/USD,2025-05-26,1.1372811794281006,1.1394712924957275,21.90113067626953,0.19220432160515927,1.0
EUR/USD,2025-05-27,1.1388484239578247,1.1339154243469238,49.32999610900879,0.4350412301465984,1.0
EUR/USD,2025-05-28,1.1337097883224487,1.129433035850525,42.76752471923828,0.3786636600994409,1.0
EUR/USD,2025-05-29,1.123368263244629,1.1375269889831543,141.5872573852539,1.2446936095276302,1.0
EUR/USD,2025-06-02,1.1353315114974976,1.144819736480713,94.88224983215332,0.8287964192845816,1.0
EUR/USD,2025-06-03,1.1453442573547363,1.1377859115600586,75.58345794677734,0.6643029868698426,1.0
EUR/USD,2025-06-04,1.1384464502334595,1.1424654722213745,40.19021987915039,0.3517849848101385,1.0
EUR/USD,2025-06-05,1.1422044038772583,1.1454753875732422,32.70983695983887,0.28555687284679776,1.0
EUR/USD,2025-06-09,1.1407841444015503,1.1424654722213745,16.813278198242188,0.1471666199727767,1.0
EUR/USD,2025-06-10,1.1428048610687256,1.1432491540908813,4.442930221557617,0.03886230928454666,1.0
EUR/USD,2025-06-11,1.143746018409729,1.1512778997421265,75.31881332397461,0.6542192231853421,1.0
EUR/USD,2025-06-12,1.1509333848953247,1.1592857837677002,83.52398872375488,0.7204779864745721,1.0
EUR/USD,2025-06-16,1.1556684970855713,1.1559356451034546,2.671480178833008,0.023110976723915405,1.0
EUR/USD,2025-06-17,1.1551345586776733,1.1478420495986938,72.92509078979492,0.6353233950201671,1.0
EUR/USD,2025-06-18,1.1482638120651245,1.1482374668121338,0.26345252990722656,0.0022944080603697174,1.0
EUR/USD,2025-06-19,1.1477497816085815,1.1500862836837769,23.365020751953125,0.20315885063087563,1.0
EUR/USD,2025-06-23,1.1500862836837769,1.1595547199249268,94.68436241149902,0.8165579492240711,1.0
EUR/USD,2025-06-24,1.1599044799804688,1.1610356569290161,11.311769485473633,0.09742826947618213,1.0
EUR/USD,2025-06-25,1.161224365234375,1.1663167476654053,50.923824310302734,0.4366208786098289,1.0
EUR/USD,2025-06-26,1.1683744192123413,1.168770432472229,3.960132598876953,0.033882895125095916,1.0
EUR/USD,2025-06-30,1.1727453470230103,1.178828239440918,60.82892417907715,0.5160117661240151,1.0
EUR/USD,2025-07-01,1.178717017173767,1.1806375980377197,19.205808639526367,0.16267319176898487,1.0
EUR/USD,2025-07-02,1.180553913116455,1.1802195310592651,3.343820571899414,0.02833219146016236,1.0
EUR/USD,2025-07-03,1.18002450466156,1.1761938333511353,38.30671310424805,0.32568367575187024,1.0
EUR/USD,2025-07-07,1.178078293800354,1.1739845275878906,40.93766212463379,0.3487069987944878,1.0
EUR/USD,2025-07-08,1.1736538410186768,1.1732958555221558,3.579854965209961,0.030511102109167566,1.0
EUR/USD,2025-07-09,1.1724566221237183,1.1728830337524414,4.264116287231445,0.03635585275361282,1.0
EUR/USD,2025-07-10,1.17311692237854,1.1709601879119873,21.567344665527344,0.18418512335577722,1.0
EUR/USD,2025-07-14,1.1682106256484985,1.1669973134994507,12.133121490478516,0.10396871826632724,1.0
EUR/USD,2025-07-15,1.1666297912597656,1.1607661247253418,58.63666534423828,0.5051548636303698,1.0
EUR/USD,2025-07-16,1.1607391834259033,1.1640088558197021,32.69672393798828,0.280897553094328,1.0
EUR/USD,2025-07-17,1.1635754108428955,1.1621150970458984,14.603137969970703,0.1256599970785333,1.0
EUR/USD,2025-07-21,1.1630746126174927,1.1697274446487427,66.5283203125,0.5687506146568851,1.0
EUR/USD,2025-07-22,1.1694538593292236,1.1752262115478516,57.7235221862793,0.4911694584334837,1.0
EUR/USD,2025-07-23,1.1739156246185303,1.1777175664901733,38.019418716430664,0.3228228889353829,1.0
EUR/USD,2025-07-24,1.1774264574050903,1.1756407022476196,17.85755157470703,0.15189633653008539,1.0
EUR/USD,2025-07-28,1.1756821870803833,1.15968918800354,159.92999076843262,1.3790763285786918,1.0
EUR/USD,2025-07-29,1.1596757173538208,1.155401587486267,42.74129867553711,0.3699259126735891,1.0
EUR/USD,2025-07-30,1.1550945043563843,1.1427265405654907,123.67963790893555,1.082320516050422,1.0
EUR/USD,2025-07-31,1.1429355144500732,1.1419435739517212,9.919404983520508,0.08686423050829198,1.0
EUR/USD,2025-08-04,1.158668041229248,1.158077597618103,5.904436111450195,0.05098480553975183,1.0
EUR/USD,2025-08-05,1.1584129333496094,1.1579434871673584,4.694461822509766,0.040541372480911685,1.0
EUR/USD,2025-08-06,1.1579166650772095,1.1667250394821167,88.08374404907227,0.7549657465838796,1.0
EUR/USD,2025-08-07,1.1663167476654053,1.1675423383712769,12.25590705871582,0.10497184261268697,1.0
EUR/USD,2025-08-11,1.1647952795028687,1.1617100238800049,30.852556228637695,0.26557880705542153,1.0
EUR/USD,2025-08-12,1.1618449687957764,1.1680878400802612,62.42871284484863,0.5344522107220896,1.0
EUR/USD,2025-08-13,1.1677058935165405,1.1710972785949707,33.91385078430176,0.28959038163755324,1.0
EUR/USD,2025-08-14,1.171289324760437,1.1653653383255005,59.239864349365234,0.5083372775998838,1.0
EUR/USD,2025-08-18,1.1706587076187134,1.1671334505081177,35.25257110595703,0.302044047239068,1.0
EUR/USD,2025-08-19,1.1668338775634766,1.1652295589447021,16.04318618774414,0.13768262283248084,1.0
EUR/USD,2025-08-20,1.164252758026123,1.1656370162963867,13.842582702636719,0.11875551744761136,1.0
EUR/USD,2025-08-21,1.165175199508667,1.1617100238800049,34.651756286621094,0.29828232152880463,1.0
EUR/USD,2025-08-25,1.1709601879119873,1.1623852252960205,85.74962615966797,0.7377040269746238,1.0
EUR/USD,2025-08-26,1.1618449687957764,1.164686679840088,28.417110443115234,0.24398931433659837,1.0
EUR/USD,2025-08-27,1.1639411449432373,1.1645511388778687,6.099939346313477,0.052380175869229925,1.0
EUR/USD,2025-08-28,1.1647952795028687,1.1678149700164795,30.1969051361084,0.2585761093273387,1.0
EUR/USD,2025-09-01,1.1691803932189941,1.1715089082717896,23.2851505279541,0.19876204409153292,1.0
EUR/USD,2025-09-02,1.1715912818908691,1.1641442775726318,74.47004318237305,0.6396977128784349,1.0
EUR/USD,2025-09-03,1.163602590560913,1.1663167476654053,27.141571044921875,0.23271183492177966,1.0
EUR/USD,2025-09-04,1.16604483127594,1.1652295589447021,8.15272331237793,0.06996667094303287,1.0
EUR/USD,2025-09-08,1.1713168621063232,1.176747441291809,54.3057918548584,0.4614906304384449,1.0
EUR/USD,2025-09-09,1.1769136190414429,1.1716461181640625,52.67500877380371,0.44958121703457704,1.0
EUR/USD,2025-09-10,1.1702749729156494,1.1706860065460205,4.1103363037109375,0.03511049317005189,1.0
EUR/USD,2025-09-11,1.1703435182571411,1.1742602586746216,39.16740417480469,0.33354960184901966,1.0
EUR/USD,2025-09-15,1.1726491451263428,1.176885962486267,42.368173599243164,0.3600023702359144,2.0
EUR/USD,2025-09-16,1.1763737201690674,1.1868027448654175,104.29024696350098,0.8787496272207174,1.0
EUR/USD,2025-09-17,1.1871408224105835,1.1823126077651978,48.28214645385742,0.4083703932170708,1.0
EUR/USD,2025-09-18,1.1826341152191162,1.1789672374725342,36.66877746582031,0.3110245670984947,1.0
EUR/USD,2025-09-22,1.1736950874328613,1.1804981231689453,68.03035736083984,0.5762851801764685,1.0
EUR/USD,2025-09-23,1.1801080703735352,1.1817537546157837,16.45684242248535,0.13925779679740358,1.0
EUR/USD,2025-09-24,1.1814465522766113,1.1748120784759521,66.3447380065918,0.5647263866460992,1.0
EUR/USD,2025-09-25,1.1744670867919922,1.1671334505081177,73.33636283874512,0.6283459942547079,1.0
EUR/USD,2025-09-29,1.170823097229004,1.1730204820632935,21.973848342895508,0.18732706443662805,1.0
EUR/USD,2025-09-30,1.1731443405151367,1.1737089157104492,5.645751953125,0.04810180682411883,1.0
EUR/USD,2025-10-01,1.1735849380493164,1.1737089157104492,1.239776611328125,0.010562896768809879,1.0
EUR/USD,2025-10-02,1.1734058856964111,1.172195553779602,12.10331916809082,0.10325341304243255,1.0
EUR/USD,2025-10-06,1.171248197555542,1.1713716983795166,1.2350082397460938,0.010543265143375176,1.0
EUR/USD,2025-10-07,1.171028733253479,1.1663167476654053,47.119855880737305,0.4040056526244371,1.0
EUR/USD,2025-10-08,1.1654603481292725,1.1637378931045532,17.224550247192383,0.14801056448580285,1.0
EUR/USD,2025-10-09,1.1631964445114136,1.1568717956542969,63.24648857116699,0.5467026580537943,1.0
EUR/USD,2025-10-13,1.160240888595581,1.157139539718628,31.01348876953125,0.268018572566214,1.0
EUR/USD,2025-10-14,1.1566845178604126,1.1607661247253418,40.81606864929199,0.35163042562901986,1.0
EUR/USD,2025-10-15,1.1602274179458618,1.1650937795639038,48.66361618041992,0.41767982143578847,1.0
EUR/USD,2025-10-16,1.1646324396133423,1.1697274446487427,50.950050354003906,0.43557198377356776,1.0
EUR/USD,2025-10-20,1.165745735168457,1.164958119392395,7.876157760620117,0.06760893485791636,1.0
EUR/USD,2025-10-21,1.164442539215088,1.1603620052337646,40.80533981323242,0.35166042691144345,1.0
EUR/USD,2025-10-22,1.160038948059082,1.1615750789642334,15.361309051513672,0.13224551154464523,1.0
EUR/USD,2025-10-23,1.1608469486236572,1.1621150970458984,12.68148422241211,0.10912416725889283,1.0
EUR/USD,2025-10-27,1.1631693840026855,1.1655012369155884,23.31852912902832,0.20007296766787705,1.0
EUR/USD,2025-10-28,1.165175199508667,1.1659088134765625,7.336139678955078,0.06292207069847792,1.0
EUR/USD,2025-10-29,1.1657865047454834,1.1606314182281494,51.550865173339844,0.44416224103289187,1.0
EUR/USD,2025-10-30,1.1603351831436157,1.1575413942337036,27.937889099121094,0.24135542139826519,1.0
EUR/USD,2025-11-03,1.1528042554855347,1.1522064208984375,5.97834587097168,0.05188606626849068,1.0
EUR/USD,2025-11-04,1.1519144773483276,1.1487650871276855,31.4939022064209,0.2741544164191712,1.0
EUR/USD,2025-11-05,1.1485539674758911,1.1499539613723755,13.99993896484375,0.12174347352250497,1.0
EUR/USD,2025-11-06,1.1496764421463013,1.1551345586776733,54.5811653137207,0.47250915405216387,1.0
EUR/USD,2025-11-10,1.1543878316879272,1.1559356451034546,15.478134155273438,0.1339013484084416,1.0
EUR/USD,2025-11-11,1.1557220220565796,1.1590172052383423,32.95183181762695,0.28430839221968823,1.0
EUR/USD,2025-11-12,1.1587486267089844,1.1594202518463135,6.716251373291016,0.057927669993652016,1.0
EUR/USD,2025-11-13,1.159218668937683,1.1633317470550537,41.130781173706055,0.35356020565782403,1.0
EUR/USD,2025-11-17,1.1615345478057861,1.1592857837677002,22.487640380859375,0.1939784020103665,1.0
EUR/USD,2025-11-18,1.159057378768921,1.1583458185195923,7.115602493286133,0.06142899969527346,1.0
EUR/USD,2025-11-19,1.1581177711486816,1.1542012691497803,39.16501998901367,0.33932574010998806,1.0
EUR/USD,2025-11-20,1.154068112373352,1.1536686420440674,3.9947032928466797,0.03462608887218148,1.0
EUR/USD,2025-11-24,1.1507612466812134,1.1522064208984375,14.451742172241211,0.125426676245845,1.0
EUR/USD,2025-11-25,1.1520073413848877,1.156738042831421,47.30701446533203,0.40896912450061434,1.0
EUR/USD,2025-11-26,1.156483769416809,1.160496711730957,40.12942314147949,0.3457952335050034,1.0
EUR/USD,2025-11-27,1.1602139472961426,1.1602274179458618,0.1347064971923828,0.0011610352859172687,1.0
EUR/USD,2025-12-01,1.1601465940475464,1.1610356569290161,8.890628814697266,0.07657498511469768,1.0
EUR/USD,2025-12-02,1.1607661247253418,1.1631964445114136,24.303197860717773,0.20893459548809085,1.0
EUR/USD,2025-12-03,1.1627906560897827,1.1669973134994507,42.06657409667969,0.36046847417784983,1.0
EUR/USD,2025-12-04,1.1666841506958008,1.1645511388778687,21.33011817932129,0.18316171327499142,1.0
EUR/USD,2025-12-08,1.164022445678711,1.1644154787063599,3.930330276489258,0.033753675971877055,1.0
EUR/USD,2025-12-09,1.1641442775726318,1.1631964445114136,9.478330612182617,0.08148520962995097,1.0
EUR/USD,2025-12-10,1.1628313064575195,1.1704120635986328,75.80757141113281,0.6476998466510113,1.0
EUR/USD,2025-12-11,1.1701242923736572,1.1742602586746216,41.359663009643555,0.3522188774090497,1.0
EUR/USD,2025-12-15,1.1737639904022217,1.1757789850234985,20.149946212768555,0.17137528795316792,1.0
EUR/USD,2025-12-16,1.1754610538482666,1.1752262115478516,2.3484230041503906,0.019982731673907787,1.0
EUR/USD,2025-12-17,1.1749500036239624,1.1745359897613525,4.140138626098633,0.03524914231823449,1.0
EUR/USD,2025-12-18,1.1742326021194458,1.1728830337524414,13.495683670043945,0.1150641903896144,1.0
EUR/USD,2025-12-22,1.1708093881607056,1.176885962486267,60.765743255615234,0.5163265192427198,1.0
EUR/USD,2025-12-23,1.1765950918197632,1.1798018217086792,32.067298889160156,0.2718024188394441,1.0
EUR/USD,2025-12-24,1.179551362991333,1.178828239440918,7.231235504150391,0.06134257105666169,1.0
EUR/USD,2025-12-29,1.1772738695144653,1.1775789260864258,3.050565719604492,0.025905403468307334,1.0
EUR/USD,2025-12-30,1.1772878170013428,1.1749500036239624,23.37813377380371,0.19897130687856723,1.0
EUR/USD,2025-12-31,1.1747292280197144,1.175364375114441,6.351470947265625,0.054038314260181707,1.0
EUR/USD,2026-01-05,1.1704667806625366,1.171783447265625,13.166666030883789,0.11236432859337969,1.0
EUR/USD,2026-01-06,1.1714951992034912,1.1691803932189941,23.148059844970703,0.19798535777049198,1.0
EUR/USD,2026-01-07,1.1688251495361328,1.1679514646530151,8.736848831176758,0.0748048963984336,1.0
EUR/USD,2026-01-08,1.1676785945892334,1.16604483127594,16.33763313293457,0.14011153512045654,1.0
EUR/USD,2026-01-12,1.1623716354370117,1.1669973134994507,46.25678062438965,0.39637435398784593,1.0
EUR/USD,2026-01-13,1.1666978597640991,1.1645511388778687,21.467208862304688,0.18433891089566007,1.0
EUR/USD,2026-01-14,1.164252758026123,1.164958119392395,7.053613662719727,0.06054821667236129,1.0
EUR/USD,2026-01-15,1.1646324396133423,1.16130530834198,33.27131271362305,0.2864992734867044,1.0
EUR/USD,2026-01-19,1.162493348121643,1.1642799377441406,17.865896224975586,0.153450176764119,1.0
EUR/USD,2026-01-20,1.1639139652252197,1.1731581687927246,92.44203567504883,0.7879758939084849,1.0
EUR/USD,2026-01-21,1.1727865934371948,1.1675423383712769,52.44255065917969,0.4491704406397555,1.0
EUR/USD,2026-01-22,1.1672970056533813,1.1757789850234985,84.81979370117188,0.7213923261222152,1.0
EUR/USD,2026-01-26,1.1858457326889038,1.1877895593643188,19.43826675415039,0.16365076288895283,1.0
EUR/USD,2026-01-27,1.1876484155654907,1.2022120952606201,145.63679695129395,1.211406851797829,1.0
EUR/USD,2026-01-28,1.2017642259597778,1.1980352401733398,37.28985786437988,0.3112584389336038,1.0
EUR/USD,2026-01-29,1.1977769136428833,1.1968880891799927,8.88824462890625,0.07426128398516965,1.0
EUR/USD,2026-02-02,1.1849182844161987,1.1802195310592651,46.98753356933594,0.3981253684826238,1.0
EUR/USD,2026-02-03,1.1798714399337769,1.1818934679031372,20.220279693603516,0.17108377567630892,1.0
EUR/USD,2026-02-04,1.1816140413284302,1.1804981231689453,11.159181594848633,0.09452943105824492,1.0
EUR/USD,2026-02-05,1.180163860321045,1.1781338453292847,20.30014991760254,0.17230767113670953,1.0
EUR/USD,2026-02-09,1.182578206062317,1.1906179189682007,80.39712905883789,0.6752554936222588,1.0
EUR/USD,2026-02-10,1.1904053688049316,1.189202070236206,12.03298568725586,0.10118537453324312,1.0
EUR/USD,2026-02-11,1.1889617443084717,1.187930703163147,10.31041145324707,0.08679303789179922,1.0
EUR/USD,2026-02-12,1.1876062154769897,1.1870845556259155,5.2165985107421875,0.04394462455112665,1.0
EUR/USD,2026-02-16,1.1867464780807495,1.1852554082870483,14.910697937011719,0.12580156000773637,1.0
EUR/USD,2026-02-17,1.1849884986877441,1.1855363845825195,5.478858947753906,0.04621417797888386,1.0
EUR/USD,2026-02-18,1.185185194015503,1.1792453527450562,59.39841270446777,0.5036985099512981,1.0
EUR/USD,2026-02-19,1.1788839101791382,1.177163004875183,17.20905303955078,0.14619090957055256,1.0
EUR/USD,2026-02-23,1.1834739446640015,1.1796625852584839,38.11359405517578,0.32308894535995186,1.0
EUR/USD,2026-02-24,1.1793843507766724,1.1777175664901733,16.667842864990234,0.1415266557895,1.0
EUR/USD,2026-02-25,1.1775233745574951,1.1818934679031372,43.7009334564209,0.3697535746089971,1.0
EUR/USD,2026-02-26,1.181516408920288,1.1806375980377197,8.788108825683594,0.07443527836391016,1.0
EUR/USD,2026-03-02,1.1759449243545532,1.1700011491775513,59.43775177001953,0.5080144734199715,1.0
EUR/USD,2026-03-03,1.1697274446487427,1.1615750789642334,81.52365684509277,0.7018371719698628,1.0
EUR/USD,2026-03-04,1.161224365234375,1.163873314857483,26.4894962310791,0.2275977625135495,1.0
EUR/USD,2026-03-05,1.1635618209838867,1.161170482635498,23.91338348388672,0.20594205451735847,1.0
EUR/USD,2026-03-09,1.152325987815857,1.1619800329208374,96.54045104980469,0.8308271081658227,1.0
EUR/USD,2026-03-10,1.1617234945297241,1.161440134048462,2.8336048126220703,0.02439733852441366,1.0
EUR/USD,2026-03-11,1.1611299514770508,1.1546010971069336,65.28854370117188,0.565464071225676,1.0
EUR/USD,2026-03-12,1.1543211936950684,1.1526048183441162,17.163753509521484,0.14891273432449903,1.0
EUR/USD,2026-03-16,1.1435105800628662,1.1502184867858887,67.07906723022461,0.5831854382524045,1.0
EUR/USD,2026-03-17,1.1499539613723755,1.1542012691497803,42.47307777404785,0.36798675334445624,1.0
EUR/USD,2026-03-18,1.153948187828064,1.1466574668884277,72.9072093963623,0.6358237878501195,1.0
EUR/USD,2026-03-19,1.1464471817016602,1.158077597618103,116.30415916442871,1.0042864088178494,1.0
EUR/USD,2026-03-23,1.1560158729553223,1.1610356569290161,50.19783973693848,0.43235398876304704,1.0
EUR/USD,2026-03-24,1.1607122421264648,1.1617100238800049,9.97781753540039,0.08588905432764879,1.0
EUR/USD,2026-03-25,1.16146719455719,1.1564704179763794,49.96776580810547,0.4320712837215525,1.0
EUR/USD,2026-03-26,1.1561496257781982,1.1536686420440674,24.809837341308594,0.2150516746069355,1.0
EUR/USD,2026-03-30,1.149200677871704,1.1463946104049683,28.0606746673584,0.24477326055681523,1.0
EUR/USD,2026-03-31,1.1460003852844238,1.156203031539917,102.02646255493164,0.882426872891392,1.0
EUR/USD,2026-04-01,1.1574207544326782,1.1594202518463135,19.99497413635254,0.17245665757961046,1.0
EUR/USD,2026-04-02,1.159057378768921,1.154334545135498,47.228336334228516,0.4091390709327231,1.0
EUR/USD,2026-04-06,1.150999665260315,1.1546010971069336,36.01431846618652,0.3119200090527114,1.0
EUR/USD,2026-04-07,1.1541212797164917,1.1667250394821167,126.03759765625,1.0802682156559809,1.0
EUR/USD,2026-04-08,1.1686612367630005,1.1665889024734497,20.723342895507812,0.1776404940212386,1.0
EUR/USD,2026-04-09,1.16593599319458,1.1697274446487427,37.91451454162598,0.3241311872699654,1.0
EUR/USD,2026-04-13,1.1675150394439697,1.1763322353363037,88.17195892333984,0.7495497978777416,1.0
EUR/USD,2026-04-14,1.176885962486267,1.1798018217086792,29.158592224121094,0.2471482217402529,1.0
EUR/USD,2026-04-15,1.179940938949585,1.1806375980377197,6.966590881347656,0.059007022077955905,1.0
EUR/USD,2026-04-16,1.1809163093566895,1.178828239440918,20.880699157714844,0.17713097174884374,1.0
EUR/USD,2026-04-20,1.1741223335266113,1.1792453527450562,51.23019218444824,0.43443200403710913,1.0
EUR/USD,2026-04-21,1.1784392595291138,1.1742602586746216,41.790008544921875,0.35588369985449336,1.0
EUR/USD,2026-04-22,1.174425721168518,1.1709601879119873,34.65533256530762,0.295956539966604,1.0
EUR/USD,2026-04-23,1.1706037521362305,1.1689070463180542,16.967058181762695,0.14515318592019194,1.0
EUR/USD,2026-04-27,1.1706448793411255,1.1726078987121582,19.63019371032715,0.1674062892795318,1.0
EUR/USD,2026-04-28,1.1723467111587524,1.1719207763671875,4.259347915649414,0.03634501581969454,1.0
EUR/USD,2026-04-29,1.171783447265625,1.1680878400802612,36.956071853637695,0.3163809311729363,1.0
EUR/USD,2026-04-30,1.168470025062561,1.173433542251587,49.63517189025879,0.42299090747839635,1.0
EUR/USD,2026-05-04,1.1726628541946411,1.1693171262741089,33.457279205322266,0.28612664993567605,1.0
EUR/USD,2026-05-05,1.1691941022872925,1.170823097229004,16.289949417114258,0.13913245694988258,1.0
EUR/USD,2026-05-06,1.1715774536132812,1.175364375114441,37.86921501159668,0.3221912779848334,1.0
EUR/USD,2026-05-07,1.1747430562973022,1.1728830337524414,18.6002254486084,0.15858551034795104,1.0
EUR/USD,2026-05-11,1.176885962486267,1.178828239440918,19.42276954650879,0.16476335480154777,1.0
EUR/USD,2026-05-12,1.177994966506958,1.1742602586746216,37.34707832336426,0.31804770746067496,1.0
EUR/USD,2026-05-13,1.1735436916351318,1.17205810546875,14.85586166381836,0.12675021481018592,1.0
EUR/USD,2026-05-14,1.1716049909591675,1.1672697067260742,43.35284233093262,0.37140381594008354,1.0
EUR/USD,2026-05-18,1.161440134048462,1.1661807298660278,47.40595817565918,0.4065061011692865,1.0
EUR/USD,2026-05-19,1.1655147075653076,1.161170482635498,43.4422492980957,0.3741246436052631,1.0
EUR/USD,2026-05-20,1.1607122421264648,1.1629259586334229,22.137165069580078,0.19035747637445374,1.0
EUR/USD,2026-05-21,1.1625338792800903,1.1621150970458984,4.187822341918945,0.0360362097744398,1.0
EUR/USD,2026-05-25,1.164225697517395,1.1644154787063599,1.8978118896484375,0.016298408294579396,1.0
EUR/USD,2026-05-26,1.1637378931045532,1.1637378931045532,0.0,0.0,1.0
EUR/USD,2026-05-27,1.1636837720870972,1.1629259586334229,7.578134536743164,0.06516437680734531,1.0
EUR/USD,2026-05-28,1.1617909669876099,1.1653653383255005,35.74371337890625,0.30671680548063973,1.0
EUR/USD,2026-06-01,1.164890170097351,1.1637378931045532,11.522769927978516,0.0990151648086214,1.0
EUR/USD,2026-06-02,1.1635483503341675,1.163061261177063,4.870891571044922,0.041879922697411406,1.0
EUR/USD,2026-06-03,1.1622096300125122,1.1607661247253418,14.435052871704102,0.12435797844393241,1.0
EUR/USD,2026-06-04,1.160941243171692,1.1615750789642334,6.338357925415039,0.05456692417219297,1.0
EUR/USD,2026-06-08,1.1522595882415771,1.1536686420440674,14.090538024902344,0.12213678617403313,1.0
EUR/USD,2026-06-09,1.1528440713882446,1.154068112373352,12.240409851074219,0.1060631493049548,1.0
EUR/USD,2026-06-10,1.1535356044769287,1.1535356044769287,0.0,0.0,1.0
EUR/USD,2026-06-11,1.1535621881484985,1.1586142778396606,50.520896911621094,0.43604586856828487,1.0
EUR/USD,2026-06-15,1.1603081226348877,1.159151554107666,11.565685272216797,0.09977716228073603,1.0
EUR/USD,2026-06-16,1.1594202518463135,1.1615750789642334,21.54827117919922,0.18550906927526054,1.0
EUR/USD,2026-06-17,1.1609952449798584,1.1508804559707642,101.14789009094238,0.8788739922221065,1.0
EUR/USD,2026-06-18,1.150734782218933,1.1466574668884277,40.77315330505371,0.35558267819679257,1.0
EUR/USD,2026-06-22,1.1462763547897339,1.1431183815002441,31.57973289489746,0.27625951437725804,1.0
EUR/USD,2026-06-23,1.1427135467529297,1.1384334564208984,42.8009033203125,0.3759631542705494,1.0
EUR/USD,2026-06-24,1.1379542350769043,1.1358473300933838,21.069049835205078,0.18549191671272305,1.0
EUR/USD,2026-06-25,1.1354217529296875,1.137268304824829,18.465518951416016,0.16236730482223558,1.0
EUR/USD,2026-06-29,1.1385631561279297,1.1428571939468384,42.940378189086914,0.3757282923581469,1.0
EUR/USD,2026-06-30,1.1422044038772583,1.1423349380493164,1.3053417205810547,0.011426961367478556,1.0
EUR/USD,2026-07-01,1.1413310766220093,1.1381744146347046,31.566619873046875,0.27734431091721684,1.0
EUR/USD,2026-07-02,1.13779878616333,1.1431183815002441,53.195953369140625,0.46535821862408977,1.0
EUR/USD,2026-07-06,1.1437721252441406,1.144688606262207,9.164810180664062,0.08006378442596933,1.0
EUR/USD,2026-07-07,1.144177794456482,1.1410315036773682,31.462907791137695,0.2757409211729703,1.0
EUR/USD,2026-07-08,1.140380859375,1.1422044038772583,18.235445022583008,0.15965132826210496,1.0
EUR/USD,2026-07-09,1.1422044038772583,1.1436413526535034,14.369487762451172,0.12564680115064703,1.0
EUR/USD,2026-07-13,1.1404459476470947,1.1384334564208984,20.12491226196289,0.17677723848026444,1.0
EUR/USD,2026-07-14,1.1384334564208984,1.1424654722213745,40.32015800476074,0.3529223331919474,1.0
EUR/USD,2026-07-15,1.1424654722213745,1.1469204425811768,44.54970359802246,0.38842889135154046,1.0
EUR/USD,2026-07-16,1.1470258235931396,1.144688606262207,23.372173309326172,0.20417931288443736,1.0
EUR/USD,2026-07-20,1.142765760421753,1.1416828632354736,10.828971862792969,0.09485096265791526,1.0
EUR/USD,2026-07-21,1.1418131589889526,1.1402509212493896,15.622377395629883,0.13700824182200366,1.0
EUR/USD,2026-07-22,1.140380859375,1.1410315036773682,6.506443023681641,0.05702246609942303,1.0
EUR/USD,2026-07-23,1.1411746740341187,1.1383039951324463,28.706789016723633,0.2521891264502105,1.0
EUR/USD,2026-07-27,1.1394972801208496,1.137268304824829,22.289752960205078,0.1959937937744455,1.0
EUR/USD,2026-07-28,1.1369450092315674,1.1388224363327026,18.77427101135254,0.16485687682629838,1.0
EUR/USD,2026-07-29,1.1386538743972778,1.147446870803833,87.92996406555176,0.766309676751772,1.0
EUR/USD,2026-07-30,1.1467232704162598,1.1531364917755127,64.1322135925293,0.5561545753684661,1.0
EUR/USD,2026-08-03,1.154401183128357,1.151145339012146,32.558441162109375,0.2828351908200346,1.0
EUR/USD,2026-08-04,1.150734782218933,1.1535356044769287,28.008222579956055,0.24280327777707733,1.0
EUR/USD,2026-08-05,1.153242826461792,1.1558021306991577,25.593042373657227,0.22143100184610068,1.0
EUR/USD,2026-08-06,1.1557353734970093,1.1524720191955566,32.63354301452637,0.2831612609328692,1.0
EUR/USD,2026-08-10,1.155641794204712,1.1547343730926514,9.074211120605469,0.07858267088995184,1.0
EUR/USD,2026-08-11,1.1546411514282227,1.1547343730926514,0.9322166442871094,0.00807299640514219,1.0
EUR/USD,2026-08-12,1.1543744802474976,1.1530035734176636,13.709068298339844,0.11889874944363141,1.0
EUR/USD,2026-08-13,1.1530035734176636,1.1535356044769287,5.320310592651367,0.046121771811836396,1.0
EUR/USD,2026-08-17,1.1573940515518188,1.1582117080688477,8.176565170288086,0.07059646447471454,1.0
EUR/USD,2026-08-18,1.1582788228988647,1.1579434871673584,3.3533573150634766,0.028959593902692884,1.0
EUR/USD,2026-08-19,1.1579434871673584,1.1680878400802612,101.44352912902832,0.8684580529667869,1.0
EUR/USD,2026-08-20,1.1673787832260132,1.1686338186264038,12.55035400390625,0.10739338365766074,1.0
EUR/USD,2026-08-24,1.1681560277938843,1.1668611764907837,12.94851303100586,0.11096875354056424,1.0
EUR/USD,2026-08-25,1.1668338775634766,1.1680878400802612,12.53962516784668,0.10735173107345301,1.0
EUR/USD,2026-08-26,1.1674741506576538,1.1657729148864746,17.012357711791992,0.14593200351930197,1.0
EUR/USD,2026-08-27,1.1654876470565796,1.1657729148864746,2.8526782989501953,0.024470274292039074,1.0
EUR/USD,2026-08-31,1.1588962078094482,1.1618449687957764,29.48760986328125,0.25379986706698426,1.0
EUR/USD,2026-09-01,1.1617640256881714,1.15968918800354,20.748376846313477,0.1789132559046514,1.0
EUR/USD,2026-09-02,1.1595547199249268,1.1590172052383423,5.375146865844727,0.04637676508641105,1.0
EUR/USD,2026-09-03,1.1585336923599243,1.1626555919647217,41.21899604797363,0.3545245585437681,1.0
EUR/USD,2026-09-07,1.1613997220993042,1.1629259586334229,15.262365341186523,0.13124107539160643,1.0
GBP/USD,2024-09-09,1.3133355379104614,1.3073433637619019,59.9217414855957,0.4583473871253679,1.0
GBP/USD,2024-09-10,1.307138204574585,1.3081471920013428,10.089874267578125,0.07713103180798456,1.0
GBP/USD,2024-09-11,1.3080273866653442,1.3044272661209106,36.00120544433594,0.27599243268960383,1.0
GBP/USD,2024-09-12,1.3039510250091553,1.3125942945480347,86.43269538879395,0.6584875139850833,1.0
GBP/USD,2024-09-16,1.3137997388839722,1.3209341764450073,71.34437561035156,0.5401054562942619,1.0
GBP/USD,2024-09-17,1.3210737705230713,1.316187858581543,48.8591194152832,0.37121691327512113,1.0
GBP/USD,2024-09-18,1.3167423009872437,1.3216499090194702,49.076080322265625,0.37132435743649456,1.0
GBP/USD,2024-09-19,1.3201146125793457,1.3279507160186768,78.36103439331055,0.5900899291522236,1.0
GBP/USD,2024-09-23,1.331398367881775,1.3347035646438599,33.05196762084961,0.2476352689570354,1.0
GBP/USD,2024-09-24,1.3349887132644653,1.3422459363937378,72.57223129272461,0.5406776010639833,1.0
GBP/USD,2024-09-25,1.3427324295043945,1.332196593284607,105.35836219787598,0.7908619698396683,1.0
GBP/USD,2024-09-26,1.3315792083740234,1.3412556648254395,96.76456451416016,0.7214475737312452,1.0
GBP/USD,2024-09-30,1.338329792022705,1.3379895687103271,3.402233123779297,0.025427949539686398,1.0
GBP/USD,2024-10-01,1.3376137018203735,1.3280565738677979,95.57127952575684,0.7196325925138678,1.0
GBP/USD,2024-10-02,1.327404260635376,1.326576590538025,8.276700973510742,0.06239142943230988,1.0
GBP/USD,2024-10-03,1.326611876487732,1.3128355741500854,137.76302337646484,1.0493547409061565,1.0
GBP/USD,2024-10-07,1.3125253915786743,1.3085237741470337,40.01617431640625,0.3058115955324614,1.0
GBP/USD,2024-10-08,1.3084723949432373,1.3105130195617676,20.406246185302734,0.15571189206595243,1.0
GBP/USD,2024-10-09,1.309483289718628,1.3064210414886475,30.622482299804688,0.23439979399681762,1.0
GBP/USD,2024-10-10,1.306830883026123,1.305789828300476,10.410547256469727,0.07972605568554138,1.0
GBP/USD,2024-10-14,1.3049037456512451,1.3065404891967773,16.367435455322266,0.12527308254629355,1.0
GBP/USD,2024-10-15,1.3067454099655151,1.3070358037948608,2.9039382934570312,0.02221774097561603,1.0
GBP/USD,2024-10-16,1.3065917491912842,1.2988699674606323,77.21781730651855,0.5944999826078353,1.0
GBP/USD,2024-10-17,1.29902184009552,1.3014394044876099,24.175643920898438,0.18576081097234518,1.0
GBP/USD,2024-10-21,1.3052616119384766,1.2982122898101807,70.49322128295898,0.5430022642388189,1.0
GBP/USD,2024-10-22,1.298296570777893,1.2983471155166626,0.5054473876953125,0.0038930065901072648,1.0
GBP/USD,2024-10-23,1.2982797622680664,1.2912222146987915,70.57547569274902,0.5465788528832928,1.0
GBP/USD,2024-10-24,1.291372299194336,1.2973365783691406,59.642791748046875,0.4597325994078021,1.0
GBP/USD,2024-10-28,1.295823574066162,1.2973533868789673,15.298128128051758,0.11791797271870808,1.0
GBP/USD,2024-10-29,1.2974711656570435,1.3012192249298096,37.48059272766113,0.28804210704528216,1.0
GBP/USD,2024-10-30,1.3014055490493774,1.2958908081054688,55.147409439086914,0.4255559889317359,1.0
GBP/USD,2024-10-31,1.2959579229354858,1.2896569967269897,63.00926208496094,0.4885738009786451,1.0
GBP/USD,2024-11-04,1.2953401803970337,1.295470952987671,1.3077259063720703,0.010094598442027099,1.0
GBP/USD,2024-11-05,1.2954542636871338,1.3039849996566772,85.30735969543457,0.6542050692139474,1.0
GBP/USD,2024-11-06,1.3043591976165771,1.2882779836654663,160.8121395111084,1.248272046484552,1.0
GBP/USD,2024-11-07,1.2883278131484985,1.298380970954895,100.53157806396484,0.7742841301041931,1.0
GBP/USD,2024-11-11,1.2917059659957886,1.2872995138168335,44.06452178955078,0.3423020153165428,1.0
GBP/USD,2024-11-12,1.2874983549118042,1.2737717628479004,137.2659206390381,1.0776335654681084,1.0
GBP/USD,2024-11-13,1.2739177942276,1.2706964015960693,32.21392631530762,0.2535139493182245,1.0
GBP/USD,2024-11-14,1.27068030834198,1.266447901725769,42.324066162109375,0.33419508299105727,1.0
GBP/USD,2024-11-18,1.261765956878662,1.267909288406372,61.43331527709961,0.4845245305704384,1.0
GBP/USD,2024-11-19,1.2679253816604614,1.269422173500061,14.967918395996094,0.11791127261253384,1.0
GBP/USD,2024-11-20,1.2694543600082397,1.2654703855514526,39.839744567871094,0.3148216269834728,1.0
GBP/USD,2024-11-21,1.2655344009399414,1.2584155797958374,71.18821144104004,0.5656971558838254,1.0
GBP/USD,2024-11-25,1.2593823671340942,1.2542644739151,51.178932189941406,0.4080393988214455,1.0
GBP/USD,2024-11-26,1.2533055543899536,1.2573871612548828,40.81606864929199,0.32461019093400967,1.0
GBP/USD,2024-11-27,1.2573871612548828,1.267748475074768,103.61313819885254,0.8173004364508641,1.0
GBP/USD,2024-11-28,1.2677645683288574,1.2695671319961548,18.025636672973633,0.14198254049497738,1.0
GBP/USD,2024-12-02,1.270163893699646,1.2657907009124756,43.7319278717041,0.34549098709746323,1.0
GBP/USD,2024-12-03,1.265854835510254,1.2674111127853394,15.562772750854492,0.12279182811213325,1.0
GBP/USD,2024-12-04,1.2674272060394287,1.270099401473999,26.721954345703125,0.2103926221419463,1.0
GBP/USD,2024-12-05,1.2701154947280884,1.2758845090866089,57.69014358520508,0.45215803761505646,1.0
GBP/USD,2024-12-09,1.2749296426773071,1.2748922109603882,0.3743171691894531,0.002936069151347913,1.0
GBP/USD,2024-12-10,1.2749085426330566,1.2778409719467163,29.32429313659668,0.22948311863817314,1.0
GBP/USD,2024-12-11,1.2780042886734009,1.2765848636627197,14.194250106811523,0.1111892402208657,1.0
GBP/USD,2024-12-12,1.2766337394714355,1.2677323818206787,89.01357650756836,0.7021480068193081,1.0
GBP/USD,2024-12-16,1.2627378702163696,1.2690999507904053,63.620805740356445,0.5013065023029345,1.0
GBP/USD,2024-12-17,1.2690355777740479,1.2711971998214722,21.616220474243164,0.17004616181721421,1.0
GBP/USD,2024-12-18,1.2710840702056885,1.2565497159957886,145.34354209899902,1.1566875567976822,1.0
GBP/USD,2024-12-19,1.2567708492279053,1.2497187852859497,70.52063941955566,0.564292065141837,1.0
GBP/USD,2024-12-23,1.256991982460022,1.2533526420593262,36.39340400695801,0.2903684309242902,1.0
GBP/USD,2024-12-24,1.2534469366073608,1.253855586051941,4.086494445800781,0.032591428321247666,1.0
GBP/USD,2024-12-25,1.2536041736602783,1.2543588876724243,7.547140121459961,0.060167310931757,1.0
GBP/USD,2024-12-26,1.254374623298645,1.252881646156311,14.929771423339844,0.11916346184128862,1.0
GBP/USD,2024-12-30,1.257880687713623,1.2548940181732178,29.866695404052734,0.23800173537786457,1.0
GBP/USD,2024-12-31,1.254909873008728,1.2519404888153076,29.6938419342041,0.2371825354278855,1.0
GBP/USD,2025-01-02,1.2519248723983765,1.237930178642273,139.94693756103516,1.130491363531706,1.0
GBP/USD,2025-01-06,1.2426837682724,1.2510634660720825,83.79697799682617,0.6698059712343806,1.0
GBP/USD,2025-01-07,1.2510946989059448,1.2477540969848633,33.40601921081543,0.267729188720273,1.0
GBP/USD,2025-01-08,1.247785210609436,1.2359564304351807,118.28780174255371,0.9570547863156028,1.0
GBP/USD,2025-01-09,1.2359870672225952,1.2298610210418701,61.26046180725098,0.4981088168430162,1.0
GBP/USD,2025-01-13,1.2204945087432861,1.2231967449188232,27.022361755371094,0.22091590635457764,1.0
GBP/USD,2025-01-14,1.2233314514160156,1.2210906744003296,22.40777015686035,0.18350619349267142,1.0
GBP/USD,2025-01-15,1.221344232559204,1.2243199348449707,29.757022857666016,0.243049402454057,1.0
GBP/USD,2025-01-16,1.2243348360061646,1.2234511375427246,8.836984634399414,0.07222997603441939,1.0
GBP/USD,2025-01-20,1.2171002626419067,1.2331520318984985,160.51769256591797,1.3016861539675124,1.0
GBP/USD,2025-01-21,1.233136773109436,1.23350191116333,3.6513805389404297,0.029601742047539834,1.0
GBP/USD,2025-01-22,1.2335399389266968,1.2314057350158691,21.342039108276367,0.1733144365126847,1.0
GBP/USD,2025-01-23,1.231420874595642,1.235284686088562,38.63811492919922,0.3127871280550232,1.0
GBP/USD,2025-01-27,1.2459352016448975,1.246012806892395,0.7760524749755859,0.006228286504623427,1.0
GBP/USD,2025-01-28,1.2460592985153198,1.243982195854187,20.771026611328125,0.16697205700010515,1.0
GBP/USD,2025-01-29,1.2441680431365967,1.245531678199768,13.636350631713867,0.10948216629402148,1.0
GBP/USD,2025-01-30,1.245530128479004,1.2424057722091675,31.243562698364258,0.25147631633108825,1.0
GBP/USD,2025-02-03,1.2291958332061768,1.2431007623672485,139.04929161071777,1.11856814684857,1.0
GBP/USD,2025-02-04,1.2431780099868774,1.2476917505264282,45.13740539550781,0.3617672824755262,1.0
GBP/USD,2025-02-05,1.2478163242340088,1.2503125667572021,24.962425231933594,0.19964947882333042,1.0
GBP/USD,2025-02-06,1.2504063844680786,1.2435799837112427,68.26400756835938,0.5489313792639023,1.0
GBP/USD,2025-02-10,1.2391574382781982,1.2360023260116577,31.551122665405273,0.25526750234536116,1.0
GBP/USD,2025-02-11,1.2360633611679077,1.2451285123825073,90.6515121459961,0.7280494442500379,1.0
GBP/USD,2025-02-12,1.245159387588501,1.2450199127197266,1.3947486877441406,0.011202621528336313,1.0
GBP/USD,2025-02-13,1.2450664043426514,1.2563287019729614,112.62297630310059,0.8964451431081325,1.0
GBP/USD,2025-02-17,1.2584155797958374,1.2621641159057617,37.485361099243164,0.2969927652581273,1.0
GBP/USD,2025-02-18,1.262148141860962,1.2625147104263306,3.6656856536865234,0.02903479558229212,1.0
GBP/USD,2025-02-19,1.2625784873962402,1.2583364248275757,42.42062568664551,0.33711672689168337,1.0
GBP/USD,2025-02-20,1.2584155797958374,1.2670255899429321,86.10010147094727,0.6795450869688061,1.0
GBP/USD,2025-02-24,1.2649900913238525,1.261734127998352,32.55963325500488,0.25805462920035566,1.0
GBP/USD,2025-02-25,1.261781930923462,1.2673307657241821,55.48834800720215,0.43783635265490317,1.0
GBP/USD,2025-02-26,1.2674431800842285,1.2683594226837158,9.162425994873047,0.07223840364970295,1.0
GBP/USD,2025-02-27,1.2682307958602905,1.25982666015625,84.04135704040527,0.6670866691294026,1.0
GBP/USD,2025-03-03,1.260398268699646,1.270163893699646,97.65625,0.7688476304861225,1.0
GBP/USD,2025-03-04,1.270147681236267,1.279312252998352,91.64571762084961,0.7163670746219897,1.0
GBP/USD,2025-03-05,1.2794268131256104,1.2891747951507568,97.47982025146484,0.7561412200900616,1.0
GBP/USD,2025-03-06,1.2891913652420044,1.2884107828140259,7.805824279785156,0.06058490338567648,1.0
GBP/USD,2025-03-10,1.2932428121566772,1.287581205368042,56.61606788635254,0.4397087162371977,1.0
GBP/USD,2025-03-11,1.2875481843948364,1.294481635093689,69.33450698852539,0.5356159956916443,1.0
GBP/USD,2025-03-12,1.294481635093689,1.2964115142822266,19.298791885375977,0.14886316322221943,1.0
GBP/USD,2025-03-13,1.2964283227920532,1.295756459236145,6.718635559082031,0.05185106746867155,1.0
GBP/USD,2025-03-17,1.2930588722229004,1.298482060432434,54.231882095336914,0.4176559980911561,1.0
GBP/USD,2025-03-18,1.2985326051712036,1.3000012636184692,14.68658447265625,0.11297361690077973,1.0
GBP/USD,2025-03-19,1.3000519275665283,1.3010838031768799,10.318756103515625,0.07930892751350936,1.0
GBP/USD,2025-03-20,1.3010668754577637,1.2966804504394531,43.86425018310547,0.3382811098003336,1.0
GBP/USD,2025-03-24,1.2924572229385376,1.2923402786254883,1.169443130493164,0.009049034142439362,1.0
GBP/USD,2025-03-25,1.2924238443374634,1.2944481372833252,20.242929458618164,0.15638269989790599,1.0
GBP/USD,2025-03-26,1.2943308353424072,1.2877801656723022,65.5066967010498,0.5086791864576606,1.0
GBP/USD,2025-03-27,1.2877637147903442,1.2952193021774292,74.55587387084961,0.5756235546020019,1.0
GBP/USD,2025-03-31,1.2938284873962402,1.2920397520065308,17.887353897094727,0.1384427520075583,1.0
GBP/USD,2025-04-01,1.292089819908142,1.292741298675537,6.514787673950195,0.05039513845983604,1.0
GBP/USD,2025-04-02,1.292306900024414,1.3005930185317993,82.86118507385254,0.6371031052234315,1.0
GBP/USD,2025-04-03,1.3046314716339111,1.310461401939392,58.29930305480957,0.44487615559321814,1.0
GBP/USD,2025-04-07,1.2910722494125366,1.2734960317611694,175.76217651367188,1.3801548817596487,1.0
GBP/USD,2025-04-08,1.2734960317611694,1.2779879570007324,44.91925239562988,0.35148416031282004,1.0
GBP/USD,2025-04-09,1.2790995836257935,1.2823307514190674,32.31167793273926,0.2519761605730982,1.0
GBP/USD,2025-04-10,1.2825446128845215,1.2986000776290894,160.5546474456787,1.2363671480661722,1.0
GBP/USD,2025-04-14,1.3085237741470337,1.3181482553482056,96.24481201171875,0.7301516473675752,1.0
GBP/USD,2025-04-15,1.3174536228179932,1.3236618041992188,62.08181381225586,0.46901567768523583,1.0
GBP/USD,2025-04-16,1.323101282119751,1.323784351348877,6.830692291259766,0.05159973589580204,1.0
GBP/USD,2025-04-17,1.3233989477157593,1.3382223844528198,148.23436737060547,1.107696068252635,1.0
GBP/USD,2025-04-22,1.3379716873168945,1.325644612312317,123.27075004577637,0.9298928906047879,1.0
GBP/USD,2025-04-23,1.327316164970398,1.3267878293991089,5.283355712890625,0.03982065252500404,1.0
GBP/USD,2025-04-24,1.326453447341919,1.3339202404022217,74.66793060302734,0.559763082840039,1.0
GBP/USD,2025-04-28,1.3290096521377563,1.343652606010437,146.42953872680664,1.0897871821317275,1.0
GBP/USD,2025-04-29,1.3436164855957031,1.3408420085906982,27.744770050048828,0.20692050123944258,1.0
GBP/USD,2025-04-30,1.3410794734954834,1.3325159549713135,85.63518524169922,0.6426578602846281,1.0
GBP/USD,2025-05-01,1.3323917388916016,1.328250527381897,41.4121150970459,0.31177939886591244,1.0
GBP/USD,2025-05-05,1.3271929025650024,1.329115629196167,19.227266311645508,0.14466210380261593,1.0
GBP/USD,2025-05-06,1.3292568922042847,1.3351491689682007,58.922767639160156,0.44131973421887755,1.0
GBP/USD,2025-05-07,1.335594892501831,1.3286564350128174,69.38457489013672,0.5222160752901286,1.0
GBP/USD,2025-05-08,1.3294159173965454,1.3250824213027954,43.3349609375,0.32703596576953986,1.0
GBP/USD,2025-05-12,1.3289036750793457,1.3176618814468384,112.41793632507324,0.8531622406928434,1.0
GBP/USD,2025-05-13,1.3177834749221802,1.331398367881775,136.14892959594727,1.0226009951668873,1.0
GBP/USD,2025-05-14,1.3304418325424194,1.326383113861084,40.58718681335449,0.30599897110575935,1.0
GBP/USD,2025-05-15,1.3263479471206665,1.330866813659668,45.18866539001465,0.33954310774158647,1.0
GBP/USD,2025-05-19,1.3305498361587524,1.3357198238372803,51.69987678527832,0.38705629625795307,1.0
GBP/USD,2025-05-20,1.3360053300857544,1.3391362428665161,31.309127807617188,0.2338009143908896,1.0
GBP/USD,2025-05-21,1.3397821187973022,1.340572476387024,7.903575897216797,0.05895672212007305,1.0
GBP/USD,2025-05-22,1.3419036865234375,1.3423179388046265,4.142522811889648,0.03086096588695437,1.0
GBP/USD,2025-05-26,1.3535828590393066,1.3566679954528809,30.851364135742188,0.2274054097181192,1.0
GBP/USD,2025-05-27,1.3565207719802856,1.3512600660324097,52.607059478759766,0.38931853905240765,1.0
GBP/USD,2025-05-28,1.3513330221176147,1.3466380834579468,46.94938659667969,0.34864145885523545,1.0
GBP/USD,2025-05-29,1.3431472778320312,1.3496005535125732,64.53275680541992,0.47816190233074557,1.0
GBP/USD,2025-06-02,1.346728801727295,1.3548115491867065,80.82747459411621,0.5965957010230459,1.0
GBP/USD,2025-06-03,1.3556748628616333,1.3522284030914307,34.46459770202637,0.25487260601266964,1.0
GBP/USD,2025-06-04,1.353143334388733,1.3552155494689941,20.722150802612305,0.15290667828251925,1.0
GBP/USD,2025-06-05,1.3552155494689941,1.3577916622161865,25.761127471923828,0.18972813126482554,1.0
GBP/USD,2025-06-09,1.3538211584091187,1.3552522659301758,14.311075210571289,0.10559713176903564,1.0
GBP/USD,2025-06-10,1.3556748628616333,1.35023832321167,54.36539649963379,0.40263556118241806,1.0
GBP/USD,2025-06-11,1.3508219718933105,1.35694420337677,61.22231483459473,0.4511778353320818,1.0
GBP/USD,2025-06-12,1.3567416667938232,1.361767053604126,50.253868103027344,0.3690342483321413,1.0
GBP/USD,2025-06-16,1.3557006120681763,1.3574230670928955,17.224550247192383,0.1268915393052888,1.0
GBP/USD,2025-06-17,1.3565576076507568,1.342426061630249,141.31546020507812,1.0526871031799243,1.0
GBP/USD,2025-06-18,1.3430029153823853,1.34217369556427,8.292198181152344,0.06178185586975148,1.0
GBP/USD,2025-06-19,1.3416515588760376,1.3467469215393066,50.95362663269043,0.37834596699468515,1.0
GBP/USD,2025-06-23,1.3435983657836914,1.3538944721221924,102.96106338500977,0.7604807132687463,1.0
GBP/USD,2025-06-24,1.3545364141464233,1.3614147901535034,68.78376007080078,0.50523734991189,1.0
GBP/USD,2025-06-25,1.361488938331604,1.366680383682251,51.91445350646973,0.3798580423507394,1.0
GBP/USD,2025-06-26,1.369187831878662,1.372062087059021,28.742551803588867,0.20948433802436572,1.0
GBP/USD,2025-06-30,1.3719680309295654,1.373136043548584,11.680126190185547,0.08506168230789933,1.0
GBP/USD,2025-07-01,1.3730605840682983,1.3743247985839844,12.642145156860352,0.09198804511048628,1.0
GBP/USD,2025-07-02,1.374721646308899,1.365541934967041,91.7971134185791,0.6722394315982302,1.0
GBP/USD,2025-07-03,1.3650014400482178,1.3653740882873535,3.726482391357422,0.027292757518430032,1.0
GBP/USD,2025-07-07,1.3651504516601562,1.3619710206985474,31.794309616088867,0.23344336357304976,1.0
GBP/USD,2025-07-08,1.3623607158660889,1.359489917755127,28.70798110961914,0.21116729690076347,1.0
GBP/USD,2025-07-09,1.3585295677185059,1.3590649366378784,5.353689193725586,0.03939244586038549,1.0
GBP/USD,2025-07-10,1.3593051433563232,1.3584926128387451,8.12530517578125,0.05981118409471789,1.0
GBP/USD,2025-07-14,1.3493820428848267,1.3427144289016724,66.67613983154297,0.4965772199683846,1.0
GBP/USD,2025-07-15,1.3428045511245728,1.3385984897613525,42.06061363220215,0.3142138135812538,1.0
GBP/USD,2025-07-16,1.3393335342407227,1.3414536714553833,21.201372146606445,0.15804774028166355,1.0
GBP/USD,2025-07-17,1.3411099910736084,1.3430029153823853,18.929243087768555,0.14094714814806597,1.0
GBP/USD,2025-07-21,1.341597557067871,1.3489633798599243,73.65822792053223,0.5460357858504717,1.0
GBP/USD,2025-07-22,1.348945140838623,1.352630853652954,36.85712814331055,0.2724847510595601,1.0
GBP/USD,2025-07-23,1.352155327796936,1.358437180519104,62.81852722167969,0.46243233122988164,1.0
GBP/USD,2025-07-24,1.3579576015472412,1.350694179534912,72.63422012329102,0.5377547428856274,1.0
GBP/USD,2025-07-28,1.344085931777954,1.336094617843628,79.91313934326172,0.5981098814112167,1.0
GBP/USD,2025-07-29,1.336023211479187,1.3353809118270874,6.422996520996094,0.048098609648448976,1.0
GBP/USD,2025-07-30,1.3353630304336548,1.3254162073135376,99.46823120117188,0.7504678956867613,1.0
GBP/USD,2025-07-31,1.3257676362991333,1.320637583732605,51.3005256652832,0.3884527163030538,1.0
GBP/USD,2025-08-04,1.3289920091629028,1.3293099403381348,3.179311752319336,0.023917008786608625,1.0
GBP/USD,2025-08-05,1.3297518491744995,1.329734206199646,0.17642974853515625,0.0013268046178896832,1.0
GBP/USD,2025-08-06,1.3299463987350464,1.3358982801437378,59.51881408691406,0.445534027340091,1.0
GBP/USD,2025-08-07,1.3357912302017212,1.344881296157837,90.90065956115723,0.6759009871045825,1.0
GBP/USD,2025-08-11,1.3444474935531616,1.3433998823165894,10.476112365722656,0.07798208488493694,1.0
GBP/USD,2025-08-12,1.3435261249542236,1.3500378131866455,65.11688232421875,0.4823337664188537,1.0
GBP/USD,2025-08-13,1.3504207134246826,1.3579391241073608,75.18410682678223,0.5536633085537203,1.0
GBP/USD,2025-08-14,1.3585295677185059,1.3528870344161987,56.42533302307129,0.41707349976504204,1.0
GBP/USD,2025-08-18,1.3556381464004517,1.351022720336914,46.15426063537598,0.34162460734832173,1.0
GBP/USD,2025-08-19,1.3508219718933105,1.3491816520690918,16.4031982421875,0.12157887128861941,1.0
GBP/USD,2025-08-20,1.348679542541504,1.345569133758545,31.104087829589844,0.23115934402201666,1.0
GBP/USD,2025-08-21,1.3466380834579468,1.3417235612869263,49.14522171020508,0.36628425652052343,1.0
GBP/USD,2025-08-25,1.35111403465271,1.345532774925232,55.81259727478027,0.4147992402331608,1.0
GBP/USD,2025-08-26,1.3453518152236938,1.348090410232544,27.385950088500977,0.2031462421261266,1.0
GBP/USD,2025-08-27,1.3478723764419556,1.349892020225525,20.19643783569336,0.14961521020265878,1.0
GBP/USD,2025-08-28,1.3503841161727905,1.3507490158081055,3.648996353149414,0.027014614191418443,1.0
GBP/USD,2025-09-01,1.3503841161727905,1.3545364141464233,41.522979736328125,0.30654753392136974,1.0
GBP/USD,2025-09-02,1.3547931909561157,1.33879554271698,159.97648239135742,1.1949284060708611,1.0
GBP/USD,2025-09-03,1.3383476734161377,1.3439595699310303,56.11896514892578,0.41756438515338457,1.0
GBP/USD,2025-09-04,1.3441582918167114,1.3433998823165894,7.584095001220703,0.05645448612175338,1.0
GBP/USD,2025-09-08,1.3492909669876099,1.3550318479537964,57.408809661865234,0.423671294136422,1.0
GBP/USD,2025-09-09,1.3553073406219482,1.3530884981155396,22.188425064086914,0.16398354649373612,1.0
GBP/USD,2025-09-10,1.352109670639038,1.3538211584091187,17.114877700805664,0.1264190443065422,1.0
GBP/USD,2025-09-11,1.3534730672836304,1.35792076587677,44.476985931396484,0.3275374163873176,1.0
GBP/USD,2025-09-15,1.3553440570831299,1.360451579093933,51.07522010803223,0.37542843047783114,1.0
GBP/USD,2025-09-16,1.3602666854858398,1.3649641275405884,46.97442054748535,0.34414399323537187,1.0
GBP/USD,2025-09-17,1.365392804145813,1.3628805875778198,25.12216567993164,0.1843313780305582,1.0
GBP/USD,2025-09-18,1.3629734516143799,1.3552522659301758,77.21185684204102,0.5697231340841681,1.0
GBP/USD,2025-09-22,1.3464748859405518,1.3514792919158936,50.04405975341797,0.3702909844994677,1.0
GBP/USD,2025-09-23,1.3514974117279053,1.3525760173797607,10.786056518554688,0.07974454951115921,1.0
GBP/USD,2025-09-24,1.3524478673934937,1.3451346158981323,73.13251495361328,0.5436817556344237,1.0
GBP/USD,2025-09-25,1.3452396392822266,1.3343652486801147,108.74390602111816,0.8149485767010346,1.0
GBP/USD,2025-09-29,1.3408241271972656,1.343418002128601,25.938749313354492,0.19308025701796022,1.0
GBP/USD,2025-09-30,1.3437248468399048,1.3443751335144043,6.502866744995117,0.04837092402918536,1.0
GBP/USD,2025-10-01,1.3443390130996704,1.3479633331298828,36.24320030212402,0.26887378470428924,1.0
GBP/USD,2025-10-02,1.3480178117752075,1.3441221714019775,38.956403732299805,0.2898278486967192,1.0
GBP/USD,2025-10-06,1.3433817625045776,1.3482539653778076,48.722028732299805,0.36137129935046713,1.0
GBP/USD,2025-10-07,1.3484903573989868,1.342570185661316,59.201717376708984,0.440958081811922,1.0
GBP/USD,2025-10-08,1.3421016931533813,1.3406802415847778,14.214515686035156,0.10602465259898664,1.0
GBP/USD,2025-10-09,1.3401411771774292,1.3301055431365967,100.3563404083252,0.7544990766046225,1.0
GBP/USD,2025-10-13,1.3336178064346313,1.333173394203186,4.444122314453125,0.03333491602650304,1.0
GBP/USD,2025-10-14,1.3332622051239014,1.3320368528366089,12.253522872924805,0.09199086982338808,1.0
GBP/USD,2025-10-15,1.3321610689163208,1.3404287099838257,82.67641067504883,0.6167908077412521,1.0
GBP/USD,2025-10-16,1.3404465913772583,1.3438512086868286,34.046173095703125,0.2533477878772906,1.0
GBP/USD,2025-10-20,1.342588186264038,1.3404465913772583,21.41594886779785,0.15976726715977377,1.0
GBP/USD,2025-10-21,1.3405184745788574,1.3368626832962036,36.557912826538086,0.27346049286378415,1.0
GBP/USD,2025-10-22,1.336523175239563,1.3356841802597046,8.389949798583984,0.06281387413716825,1.0
GBP/USD,2025-10-23,1.3351848125457764,1.3327114582061768,24.733543395996094,0.18558813495373805,1.0
GBP/USD,2025-10-27,1.3322391510009766,1.334115982055664,18.768310546875,0.14067975198045352,1.0
GBP/USD,2025-10-28,1.3341000080108643,1.3276863098144531,64.13698196411133,0.4830733094858424,1.0
GBP/USD,2025-10-29,1.3279330730438232,1.3195223808288574,84.1069221496582,0.6374042863663023,1.0
GBP/USD,2025-10-30,1.3195397853851318,1.3159106969833374,36.290884017944336,0.2757853105164314,1.0
GBP/USD,2025-11-03,1.3134735822677612,1.313508152961731,0.3457069396972656,0.002631936002207196,1.0
GBP/USD,2025-11-04,1.3135254383087158,1.302151083946228,113.74354362487793,0.8735049644175924,1.0
GBP/USD,2025-11-05,1.3021697998046875,1.3052273988723755,30.575990676879883,0.23425795921304887,1.0
GBP/USD,2025-11-06,1.3052598237991333,1.3140431642532349,87.83340454101562,0.668420999632314,1.0
GBP/USD,2025-11-10,1.3142677545547485,1.3172974586486816,30.297040939331055,0.22999392233255012,1.0
GBP/USD,2025-11-11,1.3172974586486816,1.3153221607208252,19.752979278564453,0.15017597869513116,1.0
GBP/USD,2025-11-12,1.3152875900268555,1.3128184080123901,24.69182014465332,0.18808252530551267,1.0
GBP/USD,2025-11-13,1.3127838373184204,1.3151837587356567,23.99921417236328,0.18247803025970125,1.0
GBP/USD,2025-11-17,1.3160146474838257,1.315495252609253,5.193948745727539,0.039482839146895196,1.0
GBP/USD,2025-11-18,1.3156163692474365,1.3147687911987305,8.475780487060547,0.0644659391354492,1.0
GBP/USD,2025-11-19,1.3147515058517456,1.306045651435852,87.05854415893555,0.6665811724362342,1.0
GBP/USD,2025-11-20,1.3061821460723877,1.3083868026733398,22.046566009521484,0.16850189840248467,1.0
GBP/USD,2025-11-24,1.3096375465393066,1.3105130195617676,8.754730224609375,0.06680384012924141,1.0
GBP/USD,2025-11-25,1.3106160163879395,1.3158761262893677,52.60109901428223,0.3997420271056349,1.0
GBP/USD,2025-11-26,1.315870761871338,1.3245383501052856,86.67588233947754,0.6543856003307703,1.0
GBP/USD,2025-11-27,1.3244997262954712,1.3241175413131714,3.821849822998047,0.028863372803050333,1.0
GBP/USD,2025-12-01,1.3239772319793701,1.3209515810012817,30.25650978088379,0.22905086163680083,1.0
GBP/USD,2025-12-02,1.3209341764450073,1.3219120502471924,9.778738021850586,0.07397419533335822,1.0
GBP/USD,2025-12-03,1.3219469785690308,1.334810495376587,128.63516807556152,0.9636961090815367,1.0
GBP/USD,2025-12-04,1.3348817825317383,1.3322675228118896,26.142597198486328,0.19622633405721435,1.0
GBP/USD,2025-12-08,1.3324593305587769,1.332675814628601,2.1648406982421875,0.016244315942999986,1.0
GBP/USD,2025-12-09,1.3326793909072876,1.330300211906433,23.791790008544922,0.17884526962864472,1.0
GBP/USD,2025-12-10,1.3303532600402832,1.3388673067092896,85.14046669006348,0.6359141511889211,1.0
GBP/USD,2025-12-11,1.3388315439224243,1.3391542434692383,3.2269954681396484,0.0240972650004807,1.0
GBP/USD,2025-12-15,1.3367732763290405,1.3379895687103271,12.162923812866211,0.09090447412523488,1.0
GBP/USD,2025-12-16,1.3380612134933472,1.342480182647705,44.1896915435791,0.329164572518501,1.0
GBP/USD,2025-12-17,1.342499852180481,1.3374348878860474,50.64964294433594,0.37870735542417977,1.0
GBP/USD,2025-12-18,1.3374598026275635,1.3384909629821777,10.311603546142578,0.07703902253600706,1.0
GBP/USD,2025-12-22,1.3377031087875366,1.3469464778900146,92.43369102478027,0.6862462060821987,1.0
GBP/USD,2025-12-23,1.3469899892807007,1.3513513803482056,43.61391067504883,0.3227429320700493,1.0
GBP/USD,2025-12-24,1.3513604402542114,1.3509314060211182,4.290342330932617,0.03175840247558468,1.0
GBP/USD,2025-12-29,1.349727988243103,1.3509314060211182,12.034177780151367,0.08908059821923515,1.0
GBP/USD,2025-12-30,1.3510993719100952,1.3466744422912598,44.24929618835449,0.3285819853614198,1.0
GBP/USD,2025-12-31,1.346719741821289,1.3473275899887085,6.078481674194336,0.04511509835737334,1.0
GBP/USD,2026-01-05,1.3437970876693726,1.3532898426055908,94.92754936218262,0.7014576358558301,1.0
GBP/USD,2026-01-06,1.3533997535705566,1.3500559329986572,33.43820571899414,0.24768015088621814,1.0
GBP/USD,2026-01-07,1.3500559329986572,1.3458950519561768,41.60881042480469,0.309153454159214,1.0
GBP/USD,2026-01-08,1.3459312915802002,1.3436164855957031,23.148059844970703,0.17228174924266298,1.0
GBP/USD,2026-01-12,1.3394231796264648,1.3465473651885986,71.24185562133789,0.5290705508258129,1.0
GBP/USD,2026-01-13,1.3465656042099,1.342624306678772,39.4129753112793,0.2935517785222773,1.0
GBP/USD,2026-01-14,1.3426783084869385,1.3441040515899658,14.257431030273438,0.10607386394980402,1.0
GBP/USD,2026-01-15,1.344266653060913,1.3381506204605103,61.16032600402832,0.4570511351179634,1.0
GBP/USD,2026-01-19,1.3404287099838257,1.3418315649032593,14.028549194335938,0.10454776561577861,1.0
GBP/USD,2026-01-20,1.3418315649032593,1.344085931777954,22.543668746948242,0.16772490667414042,1.0
GBP/USD,2026-01-21,1.344085931777954,1.3418855667114258,22.003650665283203,0.1639756117148484,1.0
GBP/USD,2026-01-22,1.3419395685195923,1.350001335144043,80.61766624450684,0.5971673075116259,1.0
GBP/USD,2026-01-26,1.3662508726119995,1.3676897287368774,14.388561248779297,0.10520340210544518,1.0
GBP/USD,2026-01-27,1.3677457571029663,1.3826286792755127,148.82922172546387,1.0764222090594078,1.0
GBP/USD,2026-01-28,1.3824374675750732,1.3823802471160889,0.57220458984375,0.004139270588085144,1.0
GBP/USD,2026-01-29,1.382533073425293,1.3806815147399902,18.515586853027344,0.13410469145387374,1.0
GBP/USD,2026-02-02,1.3679141998291016,1.367315649986267,5.985498428344727,0.04377554245360128,1.0
GBP/USD,2026-02-03,1.367315649986267,1.3696566820144653,23.410320281982422,0.1709210825558925,1.0
GBP/USD,2026-02-04,1.3697504997253418,1.3644425868988037,53.07912826538086,0.3890169419735179,1.0
GBP/USD,2026-02-05,1.3644611835479736,1.352155327796936,123.05855751037598,0.9100918731790604,1.0
GBP/USD,2026-02-09,1.3608959913253784,1.368288516998291,73.92525672912598,0.5402753572126799,1.0
GBP/USD,2026-02-10,1.368344783782959,1.3634381294250488,49.06654357910156,0.35987363504196956,1.0
GBP/USD,2026-02-11,1.3634566068649292,1.3623050451278687,11.515617370605469,0.08453038775558958,1.0
GBP/USD,2026-02-12,1.362399697303772,1.3618041276931763,5.955696105957031,0.04373386733704254,1.0
GBP/USD,2026-02-16,1.3647778034210205,1.3626948595046997,20.829439163208008,0.15285475701272483,1.0
GBP/USD,2026-02-17,1.3627691268920898,1.35637366771698,63.95459175109863,0.4715115994454956,1.0
GBP/USD,2026-02-18,1.3564472198486328,1.349582314491272,68.6490535736084,0.5086688884144559,1.0
GBP/USD,2026-02-19,1.349582314491272,1.346166729927063,34.155845642089844,0.2537267106871706,1.0
GBP/USD,2026-02-23,1.3533265590667725,1.3496551513671875,36.71407699584961,0.2720256130512939,1.0
GBP/USD,2026-02-24,1.34969162940979,1.3497098684310913,0.1823902130126953,0.0013513290321030735,1.0
GBP/USD,2026-02-25,1.3497462272644043,1.3558034896850586,60.57262420654297,0.44676551334598985,1.0
GBP/USD,2026-02-26,1.3558034896850586,1.3491089344024658,66.94555282592773,0.49622051354643654,1.0
GBP/USD,2026-03-02,1.3406623601913452,1.3410038948059082,3.415346145629883,0.025468577375938245,1.0
GBP/USD,2026-03-03,1.3410578966140747,1.3352917432785034,57.66153335571289,0.43182722911277943,1.0
GBP/USD,2026-03-04,1.3353630304336548,1.3369877338409424,16.247034072875977,0.1215196943221084,1.0
GBP/USD,2026-03-05,1.3369520902633667,1.3358089923858643,11.430978775024414,0.08557345279288583,1.0
GBP/USD,2026-03-09,1.3301055431365967,1.3423900604248047,122.84517288208008,0.9151227836356687,1.0
GBP/USD,2026-03-10,1.3424980640411377,1.3419216871261597,5.763769149780273,0.04295160593256287,1.0
GBP/USD,2026-03-11,1.3419036865234375,1.3382043838500977,36.99302673339844,0.27643779365725274,1.0
GBP/USD,2026-03-12,1.338186502456665,1.335220456123352,29.660463333129883,0.22213907221917034,1.0
GBP/USD,2026-03-16,1.3247665166854858,1.331354022026062,65.87505340576172,0.4947974191380944,1.0
GBP/USD,2026-03-17,1.3314337730407715,1.3357608318328857,43.27058792114258,0.3239396371711854,1.0
GBP/USD,2026-03-18,1.335951805114746,1.326439380645752,95.1242446899414,0.717139780964826,1.0
GBP/USD,2026-03-19,1.32650625705719,1.3424782752990723,159.72018241882324,1.1897412819082036,1.0
GBP/USD,2026-03-23,1.3331555128097534,1.342469334602356,93.13821792602539,0.6937828338076211,1.0
GBP/USD,2026-03-24,1.342426061630249,1.3417127132415771,7.13348388671875,0.05316699928619038,1.0
GBP/USD,2026-03-25,1.3416335582733154,1.3362998962402344,53.33662033081055,0.39913660459659206,1.0
GBP/USD,2026-03-26,1.336362361907959,1.3335503339767456,28.12027931213379,0.21086777600870182,1.0
GBP/USD,2026-03-30,1.3238370418548584,1.3180266618728638,58.10379981994629,0.4408393358096648,1.0
GBP/USD,2026-03-31,1.3172800540924072,1.3232064247131348,59.26370620727539,0.44787952280479215,1.0
GBP/USD,2026-04-01,1.324327826499939,1.330466628074646,61.38801574707031,0.4614021460719128,1.0
GBP/USD,2026-04-02,1.3302648067474365,1.3225799798965454,76.84826850891113,0.5810481761180322,1.0
GBP/USD,2026-04-06,1.3186348676681519,1.3233938217163086,47.58954048156738,0.35960225671787205,1.0
GBP/USD,2026-04-07,1.3234164714813232,1.337053894996643,136.37423515319824,1.01996064379694,1.0
GBP/USD,2026-04-08,1.3401771783828735,1.339864730834961,3.1244754791259766,0.023319335207658637,1.0
GBP/USD,2026-04-09,1.3394052982330322,1.342624306678772,32.19008445739746,0.23975496568377758,1.0
GBP/USD,2026-04-13,1.339441180229187,1.3510099649429321,115.68784713745117,0.8563063940267673,1.0
GBP/USD,2026-04-14,1.3515340089797974,1.356846570968628,53.125619888305664,0.3915374149516423,1.0
GBP/USD,2026-04-15,1.357533574104309,1.3567397594451904,7.938146591186523,0.05850898476235898,1.0
GBP/USD,2026-04-16,1.3573696613311768,1.3531781435012817,41.915178298950195,0.30975358640139383,1.0
GBP/USD,2026-04-20,1.348435878753662,1.3538211584091187,53.85279655456543,0.39778368228376704,1.0
GBP/USD,2026-04-21,1.3531250953674316,1.350282073020935,28.43022346496582,0.21055025489126103,1.0
GBP/USD,2026-04-22,1.3509680032730103,1.3502182960510254,7.497072219848633,0.0555248898772537,1.0
GBP/USD,2026-04-23,1.3500378131866455,1.3467687368392944,32.69076347351074,0.2427347961033909,1.0
GBP/USD,2026-04-27,1.3515102863311768,1.353692889213562,21.82602882385254,0.16123323833467526,1.0
GBP/USD,2026-04-28,1.3538211584091187,1.3521736860275269,16.47472381591797,0.12183881394939809,1.0
GBP/USD,2026-04-29,1.3524478673934937,1.3480722904205322,43.75576972961426,0.32458029172875147,1.0
GBP/USD,2026-04-30,1.3488596677780151,1.3603407144546509,114.81046676635742,0.8439831694104956,1.0
GBP/USD,2026-05-04,1.3581420183181763,1.3529237508773804,52.182674407958984,0.385702996004898,1.0
GBP/USD,2026-05-05,1.353143334388733,1.3556013107299805,24.579763412475586,0.18132000329241035,1.0
GBP/USD,2026-05-06,1.3568705320358276,1.359489917755127,26.193857192993164,0.19267415558510406,1.0
GBP/USD,2026-05-07,1.3591758012771606,1.3548483848571777,43.2741641998291,0.3194022643676907,1.0
GBP/USD,2026-05-11,1.3594714403152466,1.360784888267517,13.134479522705078,0.09652135055252735,1.0
GBP/USD,2026-05-12,1.360470175743103,1.3540594577789307,64.10717964172363,0.47344434746520586,1.0
GBP/USD,2026-05-13,1.3537001609802246,1.3527954816818237,9.046792984008789,0.06687480189364342,1.0
GBP/USD,2026-05-14,1.352630853652954,1.3399975299835205,126.33323669433594,0.9427870863007457,1.0
GBP/USD,2026-05-18,1.330849051475525,1.343508243560791,126.59192085266113,0.9422489326685929,1.0
GBP/USD,2026-05-19,1.3432012796401978,1.3397821187973022,34.19160842895508,0.2552027523672898,1.0
GBP/USD,2026-05-20,1.3396027088165283,1.343742847442627,41.40138626098633,0.3081049796081167,1.0
GBP/USD,2026-05-21,1.3433998823165894,1.3432915210723877,1.0836124420166016,0.008066844947785593,1.0
GBP/USD,2026-05-25,1.34816312789917,1.3503841161727905,22.209882736206055,0.16447085292407387,1.0
GBP/USD,2026-05-26,1.3496370315551758,1.3450803756713867,45.566558837890625,0.33876457988725334,1.0
GBP/USD,2026-05-27,1.345532774925232,1.342822551727295,27.102231979370117,0.20183033077980456,1.0
GBP/USD,2026-05-28,1.3416515588760376,1.3442305326461792,25.789737701416016,0.19185502095870222,1.0
GBP/USD,2026-06-01,1.345152735710144,1.3458588123321533,7.060766220092773,0.05246290439528065,1.0
GBP/USD,2026-06-02,1.3460001945495605,1.3464930057525635,4.928112030029297,0.03659961105609267,1.0
GBP/USD,2026-06-03,1.3454241752624512,1.3421196937561035,33.04481506347656,0.24621362175974168,1.0
GBP/USD,2026-06-04,1.3427144289016724,1.3423900604248047,3.243684768676758,0.02416350406863323,1.0
GBP/USD,2026-06-08,1.3335645198822021,1.334115982055664,5.514621734619141,0.041335399686329904,1.0
GBP/USD,2026-06-09,1.3333333730697632,1.3372917175292969,39.583444595336914,0.29599708183693085,1.0
GBP/USD,2026-06-10,1.3372201919555664,1.3358447551727295,13.75436782836914,0.10296381952400338,1.0
GBP/USD,2026-06-11,1.3362016677856445,1.342480182647705,62.78514862060547,0.467680263978106,1.0
GBP/USD,2026-06-15,1.344971776008606,1.3411656618118286,38.06114196777344,0.2837915035518825,1.0
GBP/USD,2026-06-16,1.341599464416504,1.342822551727295,12.230873107910156,0.09108331619972708,1.0
GBP/USD,2026-06-17,1.3426424264907837,1.3296281099319458,130.1431655883789,0.9787937289851673,1.0
GBP/USD,2026-06-18,1.3301233053207397,1.3205852508544922,95.38054466247559,0.7222596542007346,1.0
GBP/USD,2026-06-22,1.3207945823669434,1.3248894214630127,40.94839096069336,0.3090702536931421,1.0
GBP/USD,2026-06-23,1.3247138261795044,1.3201320171356201,45.81809043884277,0.34707203403987874,1.0
GBP/USD,2026-06-24,1.3200099468231201,1.3165690898895264,34.4085693359375,0.26135027474194106,1.0
GBP/USD,2026-06-25,1.3166556358337402,1.3192611932754517,26.055574417114258,0.19750125714244407,1.0
GBP/USD,2026-06-29,1.319713830947876,1.326207160949707,64.93330001831055,0.4896165691927897,1.0
GBP/USD,2026-06-30,1.325398564338684,1.3257851600646973,3.865957260131836,0.029159756622582654,1.0
GBP/USD,2026-07-01,1.325065016746521,1.3280036449432373,29.386281967163086,0.22128163637999007,1.0
GBP/USD,2026-07-02,1.3279330730438232,1.3343652486801147,64.32175636291504,0.48204010428583033,1.0
GBP/USD,2026-07-06,1.335309624671936,1.3396027088165283,42.93084144592285,0.3204744299438607,1.0
GBP/USD,2026-07-07,1.3397893905639648,1.33539879322052,43.90597343444824,0.32878548084173587,1.0
GBP/USD,2026-07-08,1.3348907232284546,1.3391003608703613,42.09637641906738,0.31436311757623925,1.0
GBP/USD,2026-07-09,1.339620590209961,1.341309666633606,16.890764236450195,0.12592740257245982,1.0
GBP/USD,2026-07-13,1.3386881351470947,1.3348817825317383,38.06352615356445,0.28514529639750663,1.0
GBP/USD,2026-07-14,1.3347926139831543,1.3390108346939087,42.182207107543945,0.3150251365754377,1.0
GBP/USD,2026-07-15,1.3397103548049927,1.3538395166397095,141.29161834716797,1.043636388291133,1.0
GBP/USD,2026-07-16,1.3541291952133179,1.347472906112671,66.56289100646973,0.4939831495276386,1.0
GBP/USD,2026-07-20,1.3446282148361206,1.3426603078842163,19.67906951904297,0.14656774616398346,1.0
GBP/USD,2026-07-21,1.3431652784347534,1.3375420570373535,56.23221397399902,0.42041454829878766,1.0
GBP/USD,2026-07-22,1.3379179239273071,1.3370234966278076,8.944272994995117,0.06689690209300016,1.0
GBP/USD,2026-07-23,1.337524175643921,1.3316820859909058,58.42089653015137,0.4387000256647617,1.0
GBP/USD,2026-07-27,1.335131287574768,1.3289036750793457,62.27612495422363,0.46862783301810995,1.0
GBP/USD,2026-07-28,1.3289920091629028,1.3285505771636963,4.41431999206543,0.033226585934646904,1.0
GBP/USD,2026-07-29,1.3287270069122314,1.3369699716567993,82.42964744567871,0.6165407540419945,1.0
GBP/USD,2026-07-30,1.3367303609848022,1.346692442893982,99.62081909179688,0.739744398340249,1.0
GBP/USD,2026-08-03,1.34916353225708,1.3430931568145752,60.70375442504883,0.4519697990943563,1.0
GBP/USD,2026-08-04,1.3427000045776367,1.345152735710144,24.527311325073242,0.1823384859870547,1.0
GBP/USD,2026-08-05,1.3450984954833984,1.3467106819152832,16.121864318847656,0.11971290148169943,1.0
GBP/USD,2026-08-06,1.3469645977020264,1.345243215560913,17.213821411132812,0.1279606632615897,1.0
GBP/USD,2026-08-10,1.34907066822052,1.3509132862091064,18.426179885864258,0.13639794703308653,1.0
GBP/USD,2026-08-11,1.3511322736740112,1.3511322736740112,0.0,0.0,1.0
GBP/USD,2026-08-12,1.3509862422943115,1.3496187925338745,13.674497604370117,0.10132118550821748,1.0
GBP/USD,2026-08-13,1.3497827053070068,1.3488723039627075,9.104013442993164,0.0674935160003468,1.0
GBP/USD,2026-08-17,1.3546648025512695,1.3544079065322876,2.568960189819336,0.01896740396618539,1.0
GBP/USD,2026-08-18,1.3550318479537964,1.3534363508224487,15.954971313476562,0.117884903148797,1.0
GBP/USD,2026-08-19,1.3536745309829712,1.3605256080627441,68.51077079772949,0.5035610531086008,1.0
GBP/USD,2026-08-20,1.3599891662597656,1.3636053800582886,36.16213798522949,0.2651950374651918,1.0
GBP/USD,2026-08-24,1.3653554916381836,1.3634194135665894,19.360780715942383,0.14200165058011185,1.0
GBP/USD,2026-08-25,1.3638285398483276,1.3650014400482178,11.729001998901367,0.08592666391976149,1.0
GBP/USD,2026-08-26,1.3647032976150513,1.3595268726348877,51.76424980163574,0.3807519427792691,1.0
GBP/USD,2026-08-27,1.3596932888031006,1.359619379043579,0.7390975952148438,0.005436062523136145,1.0
GBP/USD,2026-08-31,1.3540412187576294,1.3546831607818604,6.41942024230957,0.047386875604215666,1.0
GBP/USD,2026-09-01,1.3550136089324951,1.3515704870224,34.43121910095215,0.2547497110328772,1.0
GBP/USD,2026-09-02,1.3515340089797974,1.3483994007110596,31.34608268737793,0.2324688268983805,1.0
GBP/USD,2026-09-03,1.3483631610870361,1.3524296283721924,40.6646728515625,0.30067866008309213,1.0
GBP/USD,2026-09-07,1.3517167568206787,1.354316234588623,25.99477767944336,0.19194023534200147,1.0
USD/JPY,2024-09-09,142.48599243164062,143.02699279785156,54.10003662109375,0.3782505355304261,1.0
USD/JPY,2024-09-10,143.177001953125,142.46400451660156,71.29974365234375,0.5004754983146292,1.0
USD/JPY,2024-09-11,142.23399353027344,142.4550018310547,22.100830078125,0.15514253479379828,1.0
USD/JPY,2024-09-12,142.58999633789062,141.80799865722656,78.19976806640625,0.5514482173563993,1.0
USD/JPY,2024-09-16,140.7899932861328,140.85899353027344,6.9000244140625,0.04898533094075775,1.0
USD/JPY,2024-09-17,140.7899932861328,142.03500366210938,124.50103759765625,0.8765517963011067,1.0
USD/JPY,2024-09-18,142.01499938964844,142.09500122070312,8.00018310546875,0.05630165056294134,1.0
USD/JPY,2024-09-19,142.7100067138672,142.58700561523438,12.30010986328125,0.086263890669481,1.0
USD/JPY,2024-09-23,144.00399780273438,143.6280059814453,37.59918212890625,0.26178168994258355,1.0
USD/JPY,2024-09-24,143.63800048828125,143.0330047607422,60.49957275390625,0.4229763113423132,1.0
USD/JPY,2024-09-25,142.96299743652344,144.64300537109375,168.00079345703125,1.1614857768338755,1.0
USD/JPY,2024-09-26,144.68299865722656,144.85699462890625,17.39959716796875,0.12011568521453128,1.0
USD/JPY,2024-09-30,142.7830047607422,143.55499267578125,77.19879150390625,0.5377645880854846,1.0
USD/JPY,2024-10-01,143.7100067138672,143.4929962158203,21.7010498046875,0.1512342091738616,1.0
USD/JPY,2024-10-02,143.73599243164062,146.57000732421875,283.4014892578125,1.9335571747016222,1.0
USD/JPY,2024-10-03,146.58200073242188,146.86099243164062,27.899169921875,0.18996991277218303,1.0
USD/JPY,2024-10-07,148.82000732421875,147.70799255371094,111.20147705078125,0.7528467155245181,1.0
USD/JPY,2024-10-08,148.14599609375,148.19000244140625,4.400634765625,0.029695895088233056,1.0
USD/JPY,2024-10-09,148.15899658203125,149.23399353027344,107.49969482421875,0.7203432159202486,1.0
USD/JPY,2024-10-10,149.16000366210938,148.64100646972656,51.89971923828125,0.34916151653515326,1.0
USD/JPY,2024-10-14,149.33399963378906,149.7259979248047,39.1998291015625,0.2618104380326082,1.0
USD/JPY,2024-10-15,149.6699981689453,149.23300170898438,43.69964599609375,0.2928282986715724,1.0
USD/JPY,2024-10-16,149.0989990234375,149.57000732421875,47.100830078125,0.31490825547682055,1.0
USD/JPY,2024-10-17,149.5760040283203,150.20399475097656,62.799072265625,0.4180918914289841,1.0
USD/JPY,2024-10-21,149.60000610351562,150.68600463867188,108.599853515625,0.7207029861600966,1.0
USD/JPY,2024-10-22,150.60499572753906,151.06100463867188,45.60089111328125,0.3018706993400158,1.0
USD/JPY,2024-10-23,151.13800048828125,152.75599670410156,161.79962158203125,1.0592030759712026,1.0
USD/JPY,2024-10-24,152.7689971923828,151.69500732421875,107.39898681640625,0.7079928912021585,1.0
USD/JPY,2024-10-28,152.95199584960938,153.177001953125,22.5006103515625,0.14689287598439943,1.0
USD/JPY,2024-10-29,153.1790008544922,153.28500366210938,10.60028076171875,0.06915406274892527,1.0
USD/JPY,2024-10-30,153.2740020751953,153.24099731445312,3.30047607421875,0.021537813849162816,1.0
USD/JPY,2024-10-31,153.20399475097656,151.92799377441406,127.60009765625,0.8398721952829402,1.0
USD/JPY,2024-11-04,152.28700256347656,152.2469940185547,4.0008544921875,0.02627870926436752,1.0
USD/JPY,2024-11-05,152.2760009765625,151.46099853515625,81.500244140625,0.5380939313014474,1.0
USD/JPY,2024-11-06,151.43499755859375,154.30799865722656,287.30010986328125,1.8618614223717456,1.0
USD/JPY,2024-11-07,154.32000732421875,153.15199279785156,116.80145263671875,0.7626505571552528,1.0
USD/JPY,2024-11-11,152.9040069580078,153.47300720214844,56.9000244140625,0.37074939399028056,1.0
USD/JPY,2024-11-12,153.47999572753906,154.66099548339844,118.0999755859375,0.7636054275792796,1.0
USD/JPY,2024-11-13,154.65499877929688,155.41900634765625,76.4007568359375,0.4915792388032446,1.0
USD/JPY,2024-11-14,155.4290008544922,156.50100708007812,107.20062255859375,0.6849835956885667,1.0
USD/JPY,2024-11-18,154.66400146484375,154.61199951171875,5.2001953125,0.033633840380583487,1.0
USD/JPY,2024-11-19,154.61700439453125,154.71499633789062,9.7991943359375,0.06333706859635312,1.0
USD/JPY,2024-11-20,154.71800231933594,155.2949981689453,57.6995849609375,0.37154825101428035,1.0
USD/JPY,2024-11-21,155.2949981689453,154.1490020751953,114.599609375,0.7434340010783673,1.0
USD/JPY,2024-11-25,154.14599609375,154.36000061035156,21.40045166015625,0.13863987804831032,1.0
USD/JPY,2024-11-26,154.3780059814453,152.96400451660156,141.400146484375,0.9244014428834366,1.0
USD/JPY,2024-11-27,153.00900268554688,151.3730010986328,163.60015869140625,1.0807750226528599,1.0
USD/JPY,2024-11-28,151.33599853515625,151.20799255371094,12.80059814453125,0.08465556567708761,1.0
USD/JPY,2024-12-02,149.8979949951172,149.50799560546875,38.99993896484375,0.2608552058162781,1.0
USD/JPY,2024-12-03,149.50799560546875,149.6490020751953,14.10064697265625,0.09422479787450228,1.0
USD/JPY,2024-12-04,149.64700317382812,150.572998046875,92.5994873046875,0.6149806971091875,1.0
USD/JPY,2024-12-05,150.56700134277344,150.197998046875,36.90032958984375,0.24567790562912561,1.0
USD/JPY,2024-12-09,150.02999877929688,151.41799926757812,138.800048828125,0.9166680942788358,1.0
USD/JPY,2024-12-10,151.4080047607422,151.83200073242188,42.39959716796875,0.27925336532112777,1.0
USD/JPY,2024-12-11,151.8070068359375,152.25799560546875,45.098876953125,0.2962003852328735,1.0
USD/JPY,2024-12-12,152.2449951171875,152.58099365234375,33.599853515625,0.22020995348989775,1.0
USD/JPY,2024-12-16,153.4530029296875,154.0800018310547,62.69989013671875,0.4069307463110482,1.0
USD/JPY,2024-12-17,154.08599853515625,153.57899475097656,50.70037841796875,0.33012573431788506,1.0
USD/JPY,2024-12-18,153.57200622558594,154.69900512695312,112.69989013671875,0.7285107622006491,1.0
USD/JPY,2024-12-19,154.67300415039062,157.6479949951172,297.49908447265625,1.8871098518054141,1.0
USD/JPY,2024-12-23,156.5330047607422,157.16900634765625,63.60015869140625,0.40466094536936464,1.0
USD/JPY,2024-12-24,157.1649932861328,157.09100341796875,7.39898681640625,0.0471000035356571,1.0
USD/JPY,2024-12-25,157.10699462890625,157.14300537109375,3.60107421875,0.02291590523069131,1.0
USD/JPY,2024-12-26,157.13299560546875,157.73899841308594,60.60028076171875,0.3841807122612703,1.0
USD/JPY,2024-12-30,157.8730010986328,156.98899841308594,88.4002685546875,0.5630984938325387,1.0
USD/JPY,2024-12-31,156.9949951171875,157.75100708007812,75.6011962890625,0.4792438266380483,1.0
USD/JPY,2025-01-02,157.718994140625,157.35400390625,36.4990234375,0.23195484405497407,1.0
USD/JPY,2025-01-06,157.4810028076172,157.7480010986328,26.6998291015625,0.16925621190514029,1.0
USD/JPY,2025-01-07,157.7429962158203,158.21499633789062,47.20001220703125,0.2983283083117413,1.0
USD/JPY,2025-01-08,158.23599243164062,158.18699645996094,4.89959716796875,0.03097345090061747,1.0
USD/JPY,2025-01-09,158.19200134277344,158.04100036621094,15.10009765625,0.09554544467106771,1.0
USD/JPY,2025-01-13,157.88699340820312,157.343994140625,54.2999267578125,0.34510326914214695,1.0
USD/JPY,2025-01-14,157.36399841308594,158.04100036621094,67.7001953125,0.42837108823422926,1.0
USD/JPY,2025-01-15,158.0500030517578,156.23300170898438,181.70013427734375,1.1630073818577529,1.0
USD/JPY,2025-01-16,156.2550048828125,155.3769989013672,87.80059814453125,0.5650810529573091,1.0
USD/JPY,2025-01-20,156.30599975585938,155.27200317382812,103.399658203125,0.665925962759483,1.0
USD/JPY,2025-01-21,155.24899291992188,155.76800537109375,51.9012451171875,0.3331957996993068,1.0
USD/JPY,2025-01-22,155.7740020751953,156.4320068359375,65.80047607421875,0.4206330750664656,1.0
USD/JPY,2025-01-23,156.44000244140625,156.14999389648438,29.0008544921875,0.18572433958218962,1.0
USD/JPY,2025-01-27,155.74400329589844,154.91000366210938,83.39996337890625,0.5383768730702424,1.0
USD/JPY,2025-01-28,154.90899658203125,155.5540008544922,64.50042724609375,0.4146497479446287,1.0
USD/JPY,2025-01-29,155.5590057373047,155.18299865722656,37.6007080078125,0.24229914573867858,1.0
USD/JPY,2025-01-30,155.1699981689453,154.08999633789062,108.00018310546875,0.7008902957505723,1.0
USD/JPY,2025-02-03,155.36300659179688,155.28500366210938,7.80029296875,0.05023210731747772,1.0
USD/JPY,2025-02-04,155.27699279785156,154.14999389648438,112.69989013671875,0.7311053817647218,1.0
USD/JPY,2025-02-05,154.13299560546875,152.64199829101562,149.0997314453125,0.976793628979164,1.0
USD/JPY,2025-02-06,152.6060028076172,151.21400451660156,139.1998291015625,0.9205485268811856,1.0
USD/JPY,2025-02-10,151.8459930419922,151.78700256347656,5.8990478515625,0.03886398540016987,1.0
USD/JPY,2025-02-11,151.75900268554688,152.73800659179688,97.900390625,0.6409694142902214,1.0
USD/JPY,2025-02-12,152.73899841308594,154.26400756835938,152.50091552734375,0.988570943612791,1.0
USD/JPY,2025-02-13,154.2550048828125,152.9759979248047,127.90069580078125,0.8360834218166093,1.0
USD/JPY,2025-02-17,152.0229949951172,151.4219970703125,60.09979248046875,0.39690265379713313,1.0
USD/JPY,2025-02-18,151.44400024414062,151.9340057373047,49.00054931640625,0.32251206093472357,1.0
USD/JPY,2025-02-19,151.93099975585938,151.22000122070312,71.099853515625,0.47017493017908346,1.0
USD/JPY,2025-02-20,151.22000122070312,149.43600463867188,178.399658203125,1.1938197801425812,1.0
USD/JPY,2025-02-24,149.38699340820312,149.87100219726562,48.40087890625,0.3229502585332886,1.0
USD/JPY,2025-02-25,149.86399841308594,149.0679931640625,79.60052490234375,0.5339880360147892,1.0
USD/JPY,2025-02-26,149.0780029296875,148.82899475097656,24.90081787109375,0.16731160425264083,1.0
USD/JPY,2025-02-27,148.83799743652344,150.0469970703125,120.89996337890625,0.8057473041080065,1.0
USD/JPY,2025-03-03,150.77099609375,149.3090057373047,146.19903564453125,0.9791709141895625,1.0
USD/JPY,2025-03-04,149.30499267578125,149.72999572753906,42.50030517578125,0.28384629926202815,1.0
USD/JPY,2025-03-05,149.7989959716797,148.8939971923828,90.4998779296875,0.6078141472201495,1.0
USD/JPY,2025-03-06,148.8979949951172,148.093994140625,80.40008544921875,0.542899027848986,1.0
USD/JPY,2025-03-10,147.60800170898438,147.0679931640625,54.0008544921875,0.3671829154012223,1.0
USD/JPY,2025-03-11,147.06900024414062,148.0399932861328,97.09930419921875,0.6558991394409515,1.0
USD/JPY,2025-03-12,148.04200744628906,148.27999877929688,23.79913330078125,0.16050130494136564,1.0
USD/JPY,2025-03-13,148.2790069580078,147.92300415039062,35.60028076171875,0.24066764304978955,1.0
USD/JPY,2025-03-17,148.59800720214844,149.3780059814453,77.9998779296875,0.5221644071174447,1.0
USD/JPY,2025-03-18,149.37899780273438,149.46299743652344,8.39996337890625,0.056200956243191186,1.0
USD/JPY,2025-03-19,149.45199584960938,148.48599243164062,96.600341796875,0.6505687184018214,1.0
USD/JPY,2025-03-20,148.49000549316406,148.61700439453125,12.69989013671875,0.08545381592408194,1.0
USD/JPY,2025-03-24,149.677001953125,150.79100036621094,111.39984130859375,0.7387698273640214,1.0
USD/JPY,2025-03-25,150.7740020751953,149.94200134277344,83.2000732421875,0.5548817042396865,1.0
USD/JPY,2025-03-26,149.9499969482422,150.4530029296875,50.30059814453125,0.33432764494596806,1.0
USD/JPY,2025-03-27,150.47300720214844,150.86399841308594,39.09912109375,0.25916800234003706,1.0
USD/JPY,2025-03-31,149.61700439453125,149.88499450683594,26.79901123046875,0.17879715923962292,1.0
USD/JPY,2025-04-01,149.91299438476562,149.83200073242188,8.099365234375,0.05405631103357745,1.0
USD/JPY,2025-04-02,149.7830047607422,148.41000366210938,137.30010986328125,0.9251405328166257,1.0
USD/JPY,2025-04-03,147.8719940185547,145.60699462890625,226.49993896484375,1.5555567199371234,1.0
USD/JPY,2025-04-07,145.43299865722656,147.88699340820312,245.39947509765625,1.6593715880090658,1.0
USD/JPY,2025-04-08,147.78900146484375,145.98300170898438,180.5999755859375,1.2371301690724357,1.0
USD/JPY,2025-04-09,145.84500122070312,147.4010009765625,155.5999755859375,1.0556236019772938,1.0
USD/JPY,2025-04-10,147.3990020751953,144.1490020751953,325.0,2.2546115153156854,1.0
USD/JPY,2025-04-14,143.6959991455078,143.11599731445312,58.00018310546875,0.4052669456513047,1.0
USD/JPY,2025-04-15,143.2209930419922,143.0709991455078,14.9993896484375,0.10483878450574485,1.0
USD/JPY,2025-04-16,143.18099975585938,141.85899353027344,132.20062255859375,0.9319156950763327,1.0
USD/JPY,2025-04-17,141.92799377441406,140.72900390625,119.89898681640625,0.8519849035262116,1.0
USD/JPY,2025-04-22,140.87600708007812,142.99200439453125,211.5997314453125,1.4798011423176132,1.0
USD/JPY,2025-04-23,142.68800354003906,143.09500122070312,40.69976806640625,0.2844248067312485,1.0
USD/JPY,2025-04-24,143.22300720214844,142.7010040283203,52.2003173828125,0.3658020329867677,1.0
USD/JPY,2025-04-28,143.84100341796875,142.21499633789062,162.6007080078125,1.1433443180737928,1.0
USD/JPY,2025-04-29,142.17799377441406,142.26800537109375,9.00115966796875,0.06326903680479673,1.0
USD/JPY,2025-04-30,142.2989959716797,142.9770050048828,67.8009033203125,0.4742084457427055,1.0
USD/JPY,2025-05-01,143.00900268554688,145.36000061035156,235.09979248046875,1.6173623520453297,1.0
USD/JPY,2025-05-05,144.62399291992188,143.74200439453125,88.1988525390625,0.61359136398976,1.0
USD/JPY,2025-05-06,143.6540069580078,143.22000122070312,43.40057373046875,0.3030343063856572,1.0
USD/JPY,2025-05-07,143.03500366210938,143.89500427246094,86.00006103515625,0.5976584209436324,1.0
USD/JPY,2025-05-08,143.84800720214844,145.8209991455078,197.2991943359375,1.353023196193177,1.0
USD/JPY,2025-05-12,145.81199645996094,148.36500549316406,255.3009033203125,1.7207622678386616,1.0
USD/JPY,2025-05-13,148.30999755859375,147.3520050048828,95.79925537109375,0.6501387976900568,1.0
USD/JPY,2025-05-14,147.5279998779297,146.61000061035156,91.7999267578125,0.626150510713052,1.0
USD/JPY,2025-05-15,146.64999389648438,145.44000244140625,120.9991455078125,0.8319523066328309,1.0
USD/JPY,2025-05-19,145.29800415039062,144.93499755859375,36.3006591796875,0.2504616537838766,1.0
USD/JPY,2025-05-20,144.97500610351562,144.4290008544922,54.60052490234375,0.37804405333629715,1.0
USD/JPY,2025-05-21,144.3280029296875,144.08599853515625,24.200439453125,0.16795830059240777,1.0
USD/JPY,2025-05-22,143.7550048828125,143.8159942626953,6.09893798828125,0.042407925624328595,1.0
USD/JPY,2025-05-26,142.86700439453125,142.68499755859375,18.20068359375,0.12755849532306907,1.0
USD/JPY,2025-05-27,142.65499877929688,144.18899536132812,153.399658203125,1.0638790971441028,1.0
USD/JPY,2025-05-28,144.177001953125,144.906005859375,72.900390625,0.5030874337654898,1.0
USD/JPY,2025-05-29,145.69700622558594,144.0189971923828,167.8009033203125,1.165130341076889,1.0
USD/JPY,2025-06-02,143.81500244140625,142.5189971923828,129.60052490234375,0.9093561381673156,1.0
USD/JPY,2025-06-03,142.45199584960938,143.95599365234375,150.3997802734375,1.044762197513329,1.0
USD/JPY,2025-06-04,143.83700561523438,142.75999450683594,107.70111083984375,0.7544208110395141,1.0
USD/JPY,2025-06-05,142.73199462890625,143.51400756835938,78.2012939453125,0.5449035621701472,1.0
USD/JPY,2025-06-09,144.6909942626953,144.63099670410156,5.999755859375,0.04148319513865906,1.0
USD/JPY,2025-06-10,144.5399932861328,144.94200134277344,40.2008056640625,0.27735787619622826,1.0
USD/JPY,2025-06-11,144.83799743652344,144.22799682617188,61.00006103515625,0.42294188630155793,1.0
USD/JPY,2025-06-12,144.2030029296875,143.4669952392578,73.60076904296875,0.513015337919539,1.0
USD/JPY,2025-06-16,144.09100341796875,144.6020050048828,51.10015869140625,0.3533848558301853,1.0
USD/JPY,2025-06-17,144.72900390625,145.3800048828125,65.10009765625,0.4477926500877869,1.0
USD/JPY,2025-06-18,145.37600708007812,145.00900268554688,36.700439453125,0.2530907652175926,1.0
USD/JPY,2025-06-19,144.9550018310547,145.48699951171875,53.19976806640625,0.3656668172754576,1.0
USD/JPY,2025-06-23,146.2239990234375,145.9550018310547,26.89971923828125,0.1843014552486397,1.0
USD/JPY,2025-06-24,145.92799377441406,144.9320068359375,99.59869384765625,0.6872097890730349,1.0
USD/JPY,2025-06-25,144.95700073242188,145.2259979248047,26.89971923828125,0.18522660971632243,1.0
USD/JPY,2025-06-26,144.9040069580078,144.59800720214844,30.5999755859375,0.2116210048673675,1.0
USD/JPY,2025-06-30,144.51699829101562,143.9149932861328,60.20050048828125,0.41830596738861103,1.0
USD/JPY,2025-07-01,143.8000030517578,143.40499877929688,39.50042724609375,0.2754466551538115,1.0
USD/JPY,2025-07-02,143.40199279785156,143.60499572753906,20.30029296875,0.14136202480912036,1.0
USD/JPY,2025-07-03,143.5260009765625,144.88400268554688,135.8001708984375,0.9373027275701049,1.0
USD/JPY,2025-07-07,144.4980010986328,145.84100341796875,134.30023193359375,0.9208674432162259,1.0
USD/JPY,2025-07-08,145.89199829101562,146.58099365234375,68.8995361328125,0.4700441333903513,1.0
USD/JPY,2025-07-09,146.8489990234375,146.22999572753906,61.90032958984375,0.42330801749579916,1.0
USD/JPY,2025-07-10,146.11399841308594,146.20700073242188,9.30023193359375,0.06361003157854529,1.0
USD/JPY,2025-07-14,147.2949981689453,147.76699829101562,47.20001220703125,0.3194218787206768,1.0
USD/JPY,2025-07-15,147.79200744628906,148.88499450683594,109.2987060546875,0.734114988664416,1.0
USD/JPY,2025-07-16,148.76100158691406,147.8820037841797,87.8997802734375,0.5943913256796224,1.0
USD/JPY,2025-07-17,148.0030059814453,148.31900024414062,31.59942626953125,0.21305042656380493,1.0
USD/JPY,2025-07-21,148.43099975585938,147.38600158691406,104.49981689453125,0.7090213166065661,1.0
USD/JPY,2025-07-22,147.40899658203125,146.7030029296875,70.599365234375,0.48124008251018685,1.0
USD/JPY,2025-07-23,146.78500366210938,146.44400024414062,34.100341796875,0.23285584755965028,1.0
USD/JPY,2025-07-24,146.3489990234375,147.0330047607422,68.40057373046875,0.46520557640628246,1.0
USD/JPY,2025-07-28,147.81300354003906,148.51800537109375,70.50018310546875,0.4746911522903491,1.0
USD/JPY,2025-07-29,148.47900390625,148.46600341796875,1.300048828125,0.008756542226472137,1.0
USD/JPY,2025-07-30,148.44200134277344,149.31500244140625,87.30010986328125,0.5846707191900512,1.0
USD/JPY,2025-07-31,149.2259979248047,150.71299743652344,148.699951171875,0.9866431807548895,1.0
USD/JPY,2025-08-04,147.34300231933594,146.93299865722656,41.0003662109375,0.2790412404676054,1.0
USD/JPY,2025-08-05,146.79299926757812,147.55799865722656,76.49993896484375,0.5184397976456101,1.0
USD/JPY,2025-08-06,147.55999755859375,147.2220001220703,33.79974365234375,0.22958351078180175,1.0
USD/JPY,2025-08-07,147.1929931640625,146.9239959716797,26.89971923828125,0.18308594903358263,1.0
USD/JPY,2025-08-11,147.66400146484375,148.19000244140625,52.60009765625,0.35495037984797845,1.0
USD/JPY,2025-08-12,148.125,147.78399658203125,34.100341796875,0.230744482390194,1.0
USD/JPY,2025-08-13,147.75799560546875,147.25900268554688,49.8992919921875,0.33885393138741526,1.0
USD/JPY,2025-08-14,147.1199951171875,147.78599548339844,66.60003662109375,0.4506518794507513,1.0
USD/JPY,2025-08-18,147.26400756835938,147.85400390625,58.9996337890625,0.39903981109955255,1.0
USD/JPY,2025-08-19,147.91600036621094,147.5959930419922,32.000732421875,0.21681301614177662,1.0
USD/JPY,2025-08-20,147.7310028076172,147.33900451660156,39.1998291015625,0.2660519475489304,1.0
USD/JPY,2025-08-21,147.3179931640625,148.3280029296875,101.0009765625,0.6809299293969318,1.0
USD/JPY,2025-08-25,147.21499633789062,147.74000549316406,52.50091552734375,0.35536018393997537,1.0
USD/JPY,2025-08-26,147.82200622558594,147.44400024414062,37.80059814453125,0.25637257590637996,1.0
USD/JPY,2025-08-27,147.46200561523438,147.27200317382812,19.000244140625,0.12901463775296537,1.0
USD/JPY,2025-08-28,147.3159942626953,147.02699279785156,28.900146484375,0.19656354207087684,1.0
USD/JPY,2025-09-01,147.0970001220703,147.1479949951172,5.0994873046875,0.03465549975626047,1.0
USD/JPY,2025-09-02,147.08399963378906,148.4969940185547,141.2994384765625,0.9515306313803709,1.0
USD/JPY,2025-09-03,148.54800415039062,148.0540008544922,49.40032958984375,0.333664266448257,1.0
USD/JPY,2025-09-04,147.97999572753906,148.44000244140625,46.00067138671875,0.3098940355035133,1.0
USD/JPY,2025-09-08,148.343994140625,147.4040069580078,93.99871826171875,0.637694457576699,1.0
USD/JPY,2025-09-09,147.36399841308594,147.34300231933594,2.099609375,0.0142498071978303,1.0
USD/JPY,2025-09-10,147.39199829101562,147.343994140625,4.8004150390625,0.032579645115911465,1.0
USD/JPY,2025-09-11,147.33200073242188,147.19700622558594,13.49945068359375,0.09171008996545245,1.0
USD/JPY,2025-09-15,147.66600036621094,147.39300537109375,27.29949951171875,0.18521570574523777,1.0
USD/JPY,2025-09-16,147.40499877929688,146.50999450683594,89.50042724609375,0.6108827424870171,1.0
USD/JPY,2025-09-17,146.41299438476562,146.83799743652344,42.50030517578125,0.28943669838696684,1.0
USD/JPY,2025-09-18,146.89100646972656,147.9320068359375,104.10003662109375,0.7037019158169391,1.0
USD/JPY,2025-09-22,148.09500122070312,147.70799255371094,38.70086669921875,0.26200929299845427,1.0
USD/JPY,2025-09-23,147.72500610351562,147.61000061035156,11.50054931640625,0.0779117218945377,1.0
USD/JPY,2025-09-24,147.61300659179688,148.7949981689453,118.19915771484375,0.7943758807042537,1.0
USD/JPY,2025-09-25,148.75100708007812,149.75100708007812,100.0,0.6677751418828577,1.0
USD/JPY,2025-09-29,149.40499877929688,148.5959930419922,80.90057373046875,0.54443307705886,1.0
USD/JPY,2025-09-30,148.59500122070312,147.906005859375,68.8995361328125,0.46583325492759436,1.0
USD/JPY,2025-10-01,147.9969940185547,147.0050048828125,99.19891357421875,0.674799566540587,1.0
USD/JPY,2025-10-02,147.08299255371094,147.1840057373047,10.101318359375,0.06863054384729766,1.0
USD/JPY,2025-10-06,149.6060028076172,150.32000732421875,71.40045166015625,0.47498967656484803,1.0
USD/JPY,2025-10-07,150.33099365234375,151.84100341796875,151.0009765625,0.994467720598787,1.0
USD/JPY,2025-10-08,152.05099487304688,152.52000427246094,46.90093994140625,0.307506809779671,1.0
USD/JPY,2025-10-09,152.67999267578125,153.02699279785156,34.70001220703125,0.22675746005719344,1.0
USD/JPY,2025-10-13,152.05599975585938,152.33999633789062,28.399658203125,0.1864228625825516,1.0
USD/JPY,2025-10-14,152.4340057373047,151.8000030517578,63.4002685546875,0.4176565696976337,1.0
USD/JPY,2025-10-15,151.7310028076172,150.89999389648438,83.10089111328125,0.5507017526474354,1.0
USD/JPY,2025-10-16,150.9739990234375,150.26100158691406,71.29974365234375,0.4745059789256263,1.0
USD/JPY,2025-10-20,150.89999389648438,150.7429962158203,15.69976806640625,0.10414923718199637,1.0
USD/JPY,2025-10-21,150.7740020751953,151.9250030517578,115.10009765625,0.7576112907303197,1.0
USD/JPY,2025-10-22,151.89300537109375,151.89599609375,0.299072265625,0.0019689279067001413,1.0
USD/JPY,2025-10-23,151.95399475097656,152.58900451660156,63.5009765625,0.416156962054177,1.0
USD/JPY,2025-10-27,153.06100463867188,152.70399475097656,35.70098876953125,0.23379210758533833,1.0
USD/JPY,2025-10-28,152.69200134277344,151.8280029296875,86.39984130859375,0.5690639384132983,1.0
USD/JPY,2025-10-29,151.7310028076172,152.72500610351562,99.40032958984375,0.6508451505477179,1.0
USD/JPY,2025-10-30,152.7220001220703,153.90499877929688,118.29986572265625,0.7686551227117765,1.0
USD/JPY,2025-11-03,154.19500732421875,154.1959991455078,0.09918212890625,0.0006432211565532015,1.0
USD/JPY,2025-11-04,154.20399475097656,153.5800018310547,62.3992919921875,0.4062982891537512,1.0
USD/JPY,2025-11-05,153.5570068359375,154.0760040283203,51.89971923828125,0.33684491991849486,1.0
USD/JPY,2025-11-06,154.072998046875,152.96299743652344,111.00006103515625,0.7256660950385667,1.0
USD/JPY,2025-11-10,153.81700134277344,154.13800048828125,32.09991455078125,0.20825438535010532,1.0
USD/JPY,2025-11-11,154.14599609375,154.0800018310547,6.59942626953125,0.04283116686854258,1.0
USD/JPY,2025-11-12,154.0749969482422,154.71299743652344,63.800048828125,0.4123767872463414,1.0
USD/JPY,2025-11-13,154.71299743652344,154.63499450683594,7.80029296875,0.05044325829109254,1.0
USD/JPY,2025-11-17,154.5850067138672,155.26600646972656,68.0999755859375,0.4386019653259742,1.0
USD/JPY,2025-11-18,155.2729949951172,155.5399932861328,26.6998291015625,0.17165893181212402,1.0
USD/JPY,2025-11-19,155.54800415039062,156.97900390625,143.0999755859375,0.9115867219504001,1.0
USD/JPY,2025-11-20,156.99200439453125,157.3820037841797,38.99993896484375,0.24780431070330605,1.0
USD/JPY,2025-11-24,156.68800354003906,156.91799926757812,22.99957275390625,0.14657064747994364,1.0
USD/JPY,2025-11-25,156.93899536132812,156.18600463867188,75.299072265625,0.48211152106634303,1.0
USD/JPY,2025-11-26,156.22999572753906,156.22300720214844,0.6988525390625,0.004473429052343124,1.0
USD/JPY,2025-11-27,156.23899841308594,156.29400634765625,5.50079345703125,0.03519516573652499,1.0
USD/JPY,2025-12-01,155.92799377441406,155.54800415039062,37.99896240234375,0.24429090305526957,1.0
USD/JPY,2025-12-02,155.5570068359375,155.79800415039062,24.0997314453125,0.15468575208479057,1.0
USD/JPY,2025-12-03,155.8070068359375,155.11099243164062,69.6014404296875,0.4487202314843143,1.0
USD/JPY,2025-12-04,155.10699462890625,155.14300537109375,3.60107421875,0.02321132177461964,1.0
USD/JPY,2025-12-08,155.33999633789062,155.8489990234375,50.9002685546875,0.32659990679204054,1.0
USD/JPY,2025-12-09,155.843994140625,156.8350067138672,99.10125732421875,0.6318822525701867,1.0
USD/JPY,2025-12-10,156.83799743652344,155.75900268554688,107.89947509765625,0.692733474388562,1.0
USD/JPY,2025-12-11,155.7899932861328,155.52200317382812,26.79901123046875,0.1723165255305726,1.0
USD/JPY,2025-12-15,155.88800048828125,155.0050048828125,88.299560546875,0.5696561902219324,1.0
USD/JPY,2025-12-16,155.01499938964844,154.78199768066406,23.3001708984375,0.15053540623315165,1.0
USD/JPY,2025-12-17,154.7779998779297,155.49400329589844,71.600341796875,0.4604701163981393,1.0
USD/JPY,2025-12-18,155.4949951171875,155.58700561523438,9.2010498046875,0.059137649499095286,1.0
USD/JPY,2025-12-22,157.67599487304688,156.87600708007812,79.998779296875,0.5099491043014578,1.0
USD/JPY,2025-12-23,156.8769989013672,156.16700744628906,70.9991455078125,0.45463601223345096,1.0
USD/JPY,2025-12-24,156.17599487304688,156.09300231933594,8.29925537109375,0.053168657452786296,1.0
USD/JPY,2025-12-29,156.46299743652344,156.01199340820312,45.10040283203125,0.28908292142660275,1.0
USD/JPY,2025-12-30,156.01300048828125,156.40499877929688,39.1998291015625,0.25063028296734546,1.0
USD/JPY,2025-12-31,156.41299438476562,156.74200439453125,32.9010009765625,0.20990545006524378,1.0
USD/JPY,2026-01-05,156.98899841308594,156.63999938964844,34.89990234375,0.2228032589360209,1.0
USD/JPY,2026-01-06,156.62600708007812,156.6820068359375,5.5999755859375,0.03574102539930613,1.0
USD/JPY,2026-01-07,156.67999267578125,156.70899963378906,2.90069580078125,0.018510077963357834,1.0
USD/JPY,2026-01-08,156.7310028076172,156.88099670410156,14.9993896484375,0.09560998440574893,1.0
USD/JPY,2026-01-12,158.1490020751953,157.95799255371094,19.1009521484375,0.12092425232577292,1.0
USD/JPY,2026-01-13,157.98599243164062,159.18800354003906,120.20111083984375,0.7550890027313566,1.0
USD/JPY,2026-01-14,159.1790008544922,158.41099548339844,76.800537109375,0.48481822158250204,1.0
USD/JPY,2026-01-15,158.40199279785156,158.58599853515625,18.40057373046875,0.1160289931042658,1.0
USD/JPY,2026-01-19,157.53500366210938,158.1790008544922,64.39971923828125,0.4071319131514943,1.0
USD/JPY,2026-01-20,158.177001953125,158.16799926757812,0.9002685546875,0.005691850177383134,1.0
USD/JPY,2026-01-21,158.16200256347656,158.47000122070312,30.79986572265625,0.19435770483626674,1.0
USD/JPY,2026-01-22,158.45599365234375,158.4980010986328,4.20074462890625,0.02650345493185204,1.0
USD/JPY,2026-01-26,155.16600036621094,154.3719940185547,79.400634765625,0.5143461109667435,1.0
USD/JPY,2026-01-27,154.33599853515625,152.43299865722656,190.29998779296875,1.2484172683691215,1.0
USD/JPY,2026-01-28,152.4530029296875,153.1060028076172,65.29998779296875,0.42650181309364055,1.0
USD/JPY,2026-01-29,153.0959930419922,153.17300415039062,7.70111083984375,0.050277207021953624,1.0
USD/JPY,2026-02-02,155.20199584960938,155.47500610351562,27.301025390625,0.1755975193366316,1.0
USD/JPY,2026-02-03,155.4429931640625,155.7949981689453,35.20050048828125,0.22594114639103852,1.0
USD/JPY,2026-02-04,155.7989959716797,156.89500427246094,109.600830078125,0.6985616309859952,1.0
USD/JPY,2026-02-05,156.91700744628906,156.79400634765625,12.30010986328125,0.0784475768544906,1.0
USD/JPY,2026-02-09,157.24400329589844,156.125,111.90032958984375,0.7167354977732185,1.0
USD/JPY,2026-02-10,156.1320037841797,154.48500061035156,164.7003173828125,1.0661249748007993,1.0
USD/JPY,2026-02-11,154.48199462890625,153.2689971923828,121.29974365234375,0.7914173503731393,1.0
USD/JPY,2026-02-12,153.2689971923828,152.7729949951172,49.6002197265625,0.32466614749647205,1.0
USD/JPY,2026-02-16,152.7790069580078,153.55099487304688,77.19879150390625,0.5027567002593034,1.0
USD/JPY,2026-02-17,153.60899353027344,153.12899780273438,47.99957275390625,0.3134584137730779,1.0
USD/JPY,2026-02-18,153.1490020751953,154.69400024414062,154.49981689453125,0.9987447260443009,1.0
USD/JPY,2026-02-19,154.6929931640625,155.16000366210938,46.7010498046875,0.3009863927716061,1.0
USD/JPY,2026-02-23,154.33900451660156,154.67100524902344,33.2000732421875,0.21464962478736538,1.0
USD/JPY,2026-02-24,154.63499450683594,155.8979949951172,126.300048828125,0.8101454340838751,1.0
USD/JPY,2026-02-25,155.8800048828125,156.1790008544922,29.89959716796875,0.19144441316938252,1.0
USD/JPY,2026-02-26,156.1999969482422,155.8769989013672,32.2998046875,0.20721341131245438,1.0
USD/JPY,2026-03-02,156.63299560546875,157.24600219726562,61.3006591796875,0.38983922213033834,1.0
USD/JPY,2026-03-03,157.2570037841797,157.7899932861328,53.2989501953125,0.3377840957167758,1.0
USD/JPY,2026-03-04,157.7729949951172,156.9770050048828,79.5989990234375,0.5070742623797769,1.0
USD/JPY,2026-03-05,156.98300170898438,157.5449981689453,56.19964599609375,0.3567212329764184,1.0
USD/JPY,2026-03-09,158.427001953125,157.85800170898438,56.9000244140625,0.3604506822464361,1.0
USD/JPY,2026-03-10,157.84800720214844,158.1320037841797,28.399658203125,0.1795946267896862,1.0
USD/JPY,2026-03-11,158.11399841308594,159.07400512695312,96.00067138671875,0.6034969152257337,1.0
USD/JPY,2026-03-12,159.0749969482422,159.21600341796875,14.10064697265625,0.08856300038909834,1.0
USD/JPY,2026-03-16,159.5679931640625,159.11700439453125,45.098876953125,0.2834321644297812,1.0
USD/JPY,2026-03-17,159.10499572753906,158.90199279785156,20.30029296875,0.12775354551138438,1.0
USD/JPY,2026-03-18,158.88900756835938,159.79800415039062,90.899658203125,0.5688410107899511,1.0
USD/JPY,2026-03-19,159.7949981689453,157.9239959716797,187.1002197265625,1.1847485151028914,1.0
USD/JPY,2026-03-23,159.23399353027344,158.48899841308594,74.49951171875,0.47006109234518834,1.0
USD/JPY,2026-03-24,158.47900390625,158.69900512695312,22.0001220703125,0.13862797723724385,1.0
USD/JPY,2026-03-25,158.71800231933594,159.38499450683594,66.69921875,0.41847865889997127,1.0
USD/JPY,2026-03-26,159.38400268554688,159.71800231933594,33.39996337890625,0.20911833915958486,1.0
USD/JPY,2026-03-30,160.23399353027344,159.78399658203125,44.99969482421875,0.281628296868369,1.0
USD/JPY,2026-03-31,159.84100341796875,158.71299743652344,112.80059814453125,0.7107206086864143,1.0
USD/JPY,2026-04-01,158.57899475097656,158.60800170898438,2.90069580078125,0.01828845814540604,1.0
USD/JPY,2026-04-02,158.68800354003906,159.5330047607422,84.5001220703125,0.5296717265310749,1.0
USD/JPY,2026-04-06,159.77999877929688,159.6540069580078,12.59918212890625,0.07891553972848352,1.0
USD/JPY,2026-04-07,159.68299865722656,158.8459930419922,83.7005615234375,0.5269290079058563,1.0
USD/JPY,2026-04-08,158.71600341796875,158.55599975585938,16.0003662109375,0.10091302905960335,1.0
USD/JPY,2026-04-09,158.64199829101562,159.0760040283203,43.40057373046875,0.27282916738807533,1.0
USD/JPY,2026-04-13,159.67999267578125,159.36599731445312,31.3995361328125,0.19702782690122086,1.0
USD/JPY,2026-04-14,159.21400451660156,158.8350067138672,37.8997802734375,0.2386110030625172,1.0
USD/JPY,2026-04-15,158.79200744628906,158.86000061035156,6.79931640625,0.04280068223672754,1.0
USD/JPY,2026-04-16,158.8090057373047,159.0970001220703,28.7994384765625,0.18101811130609352,1.0
USD/JPY,2026-04-20,159.16099548339844,158.7830047607422,37.799072265625,0.23805489965743812,1.0
USD/JPY,2026-04-21,158.843994140625,159.406005859375,56.201171875,0.35256621337454264,1.0
USD/JPY,2026-04-22,159.3730010986328,159.4759979248047,10.2996826171875,0.0645845315358613,1.0
USD/JPY,2026-04-23,159.48800659179688,159.6909942626953,20.29876708984375,0.1271127854364274,1.0
USD/JPY,2026-04-27,159.5760040283203,159.3939971923828,18.20068359375,0.11418675680604479,1.0
USD/JPY,2026-04-28,159.35699462890625,159.58299255371094,22.59979248046875,0.14161780098754775,1.0
USD/JPY,2026-04-29,159.552001953125,160.322998046875,77.099609375,0.4809017440682947,1.0
USD/JPY,2026-04-30,160.1840057373047,156.65199279785156,353.2012939453125,2.2546875251123937,1.0
USD/JPY,2026-05-04,156.8459930419922,157.2270050048828,38.1011962890625,0.2423323925039419,1.0
USD/JPY,2026-05-05,157.19400024414062,157.7550048828125,56.1004638671875,0.35561764844710597,1.0
USD/JPY,2026-05-06,157.677001953125,156.34300231933594,133.39996337890625,0.8532518974301916,1.0
USD/JPY,2026-05-07,156.50799560546875,156.8719940185547,36.39984130859375,0.23203530710706977,1.0
USD/JPY,2026-05-11,156.85800170898438,157.17799377441406,31.99920654296875,0.2035857932433903,1.0
USD/JPY,2026-05-12,157.2310028076172,157.6020050048828,37.1002197265625,0.23540449073229153,1.0
USD/JPY,2026-05-13,157.67100524902344,157.7760009765625,10.49957275390625,0.06654733729412975,1.0
USD/JPY,2026-05-14,157.8509979248047,158.36399841308594,51.300048828125,0.323937570042346,1.0
USD/JPY,2026-05-18,158.843994140625,158.8159942626953,2.79998779296875,0.01763038921846454,1.0
USD/JPY,2026-05-19,158.86099243164062,159.06700134277344,20.60089111328125,0.1295107780958817,1.0
USD/JPY,2026-05-20,159.03500366210938,158.8260040283203,20.89996337890625,0.1315903117173405,1.0
USD/JPY,2026-05-21,158.88800048828125,158.98599243164062,9.7991943359375,0.06163558302251608,1.0
USD/JPY,2026-05-25,158.9459991455078,158.91400146484375,3.19976806640625,0.02013521802302693,1.0
USD/JPY,2026-05-26,158.95399475097656,159.26699829101562,31.30035400390625,0.1965275564917326,1.0
USD/JPY,2026-05-27,159.2429962158203,159.5019989013672,25.9002685546875,0.1623820938488909,1.0
USD/JPY,2026-05-28,159.5679931640625,159.25999450683594,30.79986572265625,0.1933936128657484,1.0
USD/JPY,2026-06-01,159.35299682617188,159.6540069580078,30.10101318359375,0.18853903987208362,1.0
USD/JPY,2026-06-02,159.63600158691406,159.94400024414062,30.79986572265625,0.19256655876833723,1.0
USD/JPY,2026-06-03,159.96800231933594,159.94500732421875,2.29949951171875,0.01437681331970255,1.0
USD/JPY,2026-06-04,159.94000244140625,159.9980010986328,5.79986572265625,0.03624961363786569,1.0
USD/JPY,2026-06-08,160.32699584960938,160.16299438476562,16.400146484375,0.102396602582094,1.0
USD/JPY,2026-06-09,160.1739959716797,160.3990020751953,22.5006103515625,0.1402789921411991,1.0
USD/JPY,2026-06-10,160.38400268554688,160.53900146484375,15.4998779296875,0.0965489867774081,1.0
USD/JPY,2026-06-11,160.52699279785156,160.00999450683594,51.6998291015625,0.32310374899334043,1.0
USD/JPY,2026-06-15,159.9550018310547,160.322998046875,36.79962158203125,0.22953426539136842,1.0
USD/JPY,2026-06-16,160.22900390625,160.4080047607422,17.90008544921875,0.1115909737541949,1.0
USD/JPY,2026-06-17,160.41900634765625,160.60000610351562,18.0999755859375,0.11270220982601371,1.0
USD/JPY,2026-06-18,160.60000610351562,161.2530059814453,65.29998779296875,0.4049536155653591,1.0
USD/JPY,2026-06-22,161.43299865722656,161.5760040283203,14.300537109375,0.0885065650396235,1.0
USD/JPY,2026-06-23,161.57000732421875,161.5540008544922,1.60064697265625,0.00990781388384132,1.0
USD/JPY,2026-06-24,161.5989990234375,161.7689971923828,16.99981689453125,0.10508698940820112,1.0
USD/JPY,2026-06-25,161.76300048828125,161.78399658203125,2.099609375,0.012977855779050496,1.0
USD/JPY,2026-06-29,161.78700256347656,161.9250030517578,13.800048828125,0.08522494097908982,1.0
USD/JPY,2026-06-30,161.92300415039062,162.60499572753906,68.19915771484375,0.4194161280820564,1.0
USD/JPY,2026-07-01,162.6280059814453,162.531005859375,9.70001220703125,0.0596809953629641,1.0
USD/JPY,2026-07-02,162.53900146484375,161.26800537109375,127.099609375,0.7881266286051665,1.0
USD/JPY,2026-07-06,161.45199584960938,162.06900024414062,61.700439453125,0.38070475760435063,1.0
USD/JPY,2026-07-07,162.08799743652344,162.18299865722656,9.5001220703125,0.058576559497404465,1.0
USD/JPY,2026-07-08,162.36300659179688,162.552001953125,18.8995361328125,0.11626763070111278,1.0
USD/JPY,2026-07-09,162.53900146484375,162.3509979248047,18.80035400390625,0.11580066796148625,1.0
USD/JPY,2026-07-13,161.8780059814453,162.43499755859375,55.69915771484375,0.34290121311296773,1.0
USD/JPY,2026-07-14,162.4290008544922,162.2259979248047,20.30029296875,0.12513587975066506,1.0
USD/JPY,2026-07-15,162.18699645996094,162.11300659179688,7.39898681640625,0.045640920318238354,1.0
USD/JPY,2026-07-16,162.07200622558594,162.36399841308594,29.19921875,0.17983801233886496,1.0
USD/JPY,2026-07-20,162.51199340820312,162.4980010986328,1.39923095703125,0.008610757963613021,1.0
USD/JPY,2026-07-21,162.48699951171875,163.19900512695312,71.2005615234375,0.4362806100934887,1.0
USD/JPY,2026-07-22,163.18600463867188,163.1199951171875,6.6009521484375,0.04046684861469798,1.0
USD/JPY,2026-07-23,163.08099365234375,163.843994140625,76.300048828125,0.4656871875488932,1.0
USD/JPY,2026-07-27,163.61099243164062,163.74000549316406,12.90130615234375,0.07879141150317331,1.0
USD/JPY,2026-07-28,163.77099609375,163.8419952392578,7.09991455078125,0.043333911677609104,1.0
USD/JPY,2026-07-29,163.86399841308594,163.37600708007812,48.79913330078125,0.298692165226333,1.0
USD/JPY,2026-07-30,163.3000030517578,159.70399475097656,359.600830078125,2.2516708529354186,1.0
USD/JPY,2026-08-03,157.58200073242188,157.35899353027344,22.30072021484375,0.14171875222723407,1.0
USD/JPY,2026-08-04,157.5290069580078,157.71600341796875,18.69964599609375,0.11856530466687745,1.0
USD/JPY,2026-08-05,157.69200134277344,157.6580047607422,3.399658203125,0.02156349884222013,1.0
USD/JPY,2026-08-06,157.60000610351562,158.46400451660156,86.39984130859375,0.5452332318128564,1.0
USD/JPY,2026-08-10,157.89100646972656,159.25599670410156,136.4990234375,0.8571044498319009,1.0
USD/JPY,2026-08-11,159.156005859375,159.26499938964844,10.89935302734375,0.0684353314859722,1.0
USD/JPY,2026-08-12,159.26499938964844,159.38699340820312,12.19940185546875,0.07653950673518939,1.0
USD/JPY,2026-08-13,159.3280029296875,159.4669952392578,13.89923095703125,0.08716054965591725,1.0
USD/JPY,2026-08-17,159.22300720214844,159.41099548339844,18.798828125,0.11792679713211986,1.0
USD/JPY,2026-08-18,159.33999633789062,159.58900451660156,24.90081787109375,0.15603091169419128,1.0
USD/JPY,2026-08-19,159.5500030517578,158.1719970703125,137.80059814453125,0.8712072977321926,1.0
USD/JPY,2026-08-20,158.2760009765625,158.9550018310547,67.90008544921875,0.4271654535375134,1.0
USD/JPY,2026-08-24,158.9040069580078,159.093994140625,18.99871826171875,0.11941819906115103,1.0
USD/JPY,2026-08-25,159.13900756835938,159.1929931640625,5.3985595703125,0.03391204262833858,1.0
USD/JPY,2026-08-26,159.22300720214844,159.26800537109375,4.49981689453125,0.028253112632676575,1.0
USD/JPY,2026-08-27,159.2550048828125,159.3509979248047,9.59930419921875,0.06024000052857225,1.0
USD/JPY,2026-08-31,160.1219940185547,159.76800537109375,35.39886474609375,0.22156416526495823,1.0
USD/JPY,2026-09-01,159.7469940185547,160.1929931640625,44.59991455078125,0.2784136413825791,1.0
USD/JPY,2026-09-02,160.1959991455078,158.78900146484375,140.69976806640625,0.886080060762631,1.0
USD/JPY,2026-09-03,158.92300415039062,156.12100219726562,280.2001953125,1.7947629810783239,1.0
USD/JPY,2026-09-07,156.19700622558594,154.1649932861328,203.2012939453125,1.3180767540927238,1.0
USD/CHF,2024-09-09,0.843940019607544,0.8489400148391724,49.99995231628418,0.5889692020908737,1.0
USD/CHF,2024-09-10,0.8494499921798706,0.8470100164413452,24.399757385253906,0.2880692897560742,1.0
USD/CHF,2024-09-11,0.8466200232505798,0.8523100018501282,56.8997859954834,0.6675949580782787,1.0
USD/CHF,2024-09-12,0.8525999784469604,0.8511000275611877,14.99950885772705,0.1762367333098071,1.0
USD/CHF,2024-09-16,0.8476999998092651,0.8449599742889404,27.40025520324707,0.3242787355259664,1.0
USD/CHF,2024-09-17,0.8445799946784973,0.846560001373291,19.80006694793701,0.2338885243316163,1.0
USD/CHF,2024-09-18,0.8463299870491028,0.845770001411438,5.599856376647949,0.06621015603890888,1.0
USD/CHF,2024-09-19,0.8472999930381775,0.8474100232124329,1.100301742553711,0.012984289923579083,1.0
USD/CHF,2024-09-23,0.8508999943733215,0.8474000096321106,34.999847412109375,0.4130262805555569,1.0
USD/CHF,2024-09-24,0.847320020198822,0.8423100113868713,50.100088119506836,0.5947939291023808,1.0
USD/CHF,2024-09-25,0.841509997844696,0.8503000140190125,87.90016174316406,1.0337546782775737,1.0
USD/CHF,2024-09-26,0.850570023059845,0.8459799885749817,45.90034484863281,0.5425701017579629,1.0
USD/CHF,2024-09-30,0.840499997138977,0.8449599742889404,44.59977149963379,0.5278329489768536,1.0
USD/CHF,2024-10-01,0.8453099727630615,0.8460599780082703,7.500052452087402,0.08864681756656842,1.0
USD/CHF,2024-10-02,0.846340000629425,0.8497999906539917,34.599900245666504,0.40715345523879104,1.0
USD/CHF,2024-10-03,0.8499100208282471,0.8521000146865845,21.899938583374023,0.2570113625855195,1.0
USD/CHF,2024-10-07,0.8586900234222412,0.8533899784088135,53.000450134277344,0.6210577986057351,1.0
USD/CHF,2024-10-08,0.8545799851417542,0.8569599986076355,23.800134658813477,0.2777274866677939,1.0
USD/CHF,2024-10-09,0.8574000000953674,0.8605599999427795,31.599998474121094,0.3672027339897537,1.0
USD/CHF,2024-10-10,0.8604699969291687,0.8565599918365479,39.100050926208496,0.4564776699688505,1.0
USD/CHF,2024-10-14,0.858299970626831,0.8624899983406067,41.90027713775635,0.48580594810804373,1.0
USD/CHF,2024-10-15,0.8621000051498413,0.8623499870300293,2.499818801879883,0.02898844830379562,1.0
USD/CHF,2024-10-16,0.8625400066375732,0.8654199838638306,28.799772262573242,0.33278376741418925,1.0
USD/CHF,2024-10-17,0.8652999997138977,0.8660799860954285,7.799863815307617,0.09005939336471624,1.0
USD/CHF,2024-10-21,0.8649299740791321,0.8654999732971191,5.6999921798706055,0.0658577972932397,1.0
USD/CHF,2024-10-22,0.8654099702835083,0.8651999831199646,2.0998716354370117,0.024270361493359545,1.0
USD/CHF,2024-10-23,0.8655300140380859,0.8664900064468384,9.599924087524414,0.11079093833857617,1.0
USD/CHF,2024-10-24,0.8667399883270264,0.8657299876213074,10.100007057189941,0.1166646321786874,1.0
USD/CHF,2024-10-28,0.8684599995613098,0.8648999929428101,35.60006618499756,0.4116090470051784,1.0
USD/CHF,2024-10-29,0.8648599982261658,0.8672299981117249,23.69999885559082,0.2732838913228825,1.0
USD/CHF,2024-10-30,0.8672199845314026,0.8664699792861938,7.500052452087402,0.08655871099268801,1.0
USD/CHF,2024-10-31,0.8662999868392944,0.8634799718856812,28.200149536132812,0.3265871873617275,1.0
USD/CHF,2024-11-04,0.8676000237464905,0.8641200065612793,34.800171852111816,0.4027238298832739,1.0
USD/CHF,2024-11-05,0.8641700148582458,0.862500011920929,16.700029373168945,0.19362352628813584,1.0
USD/CHF,2024-11-06,0.8624100089073181,0.8757299780845642,133.19969177246094,1.5210132701383736,1.0
USD/CHF,2024-11-07,0.8756999969482422,0.8726599812507629,30.40015697479248,0.34836199239044574,1.0
USD/CHF,2024-11-11,0.8759999871253967,0.8803099989891052,43.10011863708496,0.48960160269198955,1.0
USD/CHF,2024-11-12,0.8802700042724609,0.882099986076355,18.29981803894043,0.20745741217318633,1.0
USD/CHF,2024-11-13,0.8821600079536438,0.8857100009918213,35.4999303817749,0.4008076045434956,1.0
USD/CHF,2024-11-14,0.8857700228691101,0.8905500173568726,47.79994487762451,0.5367463246982287,1.0
USD/CHF,2024-11-18,0.888670027256012,0.8831999897956848,54.700374603271484,0.6193430167036755,1.0
USD/CHF,2024-11-19,0.8831999897956848,0.882099986076355,11.00003719329834,0.12470283830552256,1.0
USD/CHF,2024-11-20,0.882070004940033,0.8836299777030945,15.599727630615234,0.1765414033503608,1.0
USD/CHF,2024-11-21,0.883650004863739,0.8868200182914734,31.70013427734375,0.35745848789494494,1.0
USD/CHF,2024-11-25,0.890470027923584,0.8883000016212463,21.700263023376465,0.24428980056029576,1.0
USD/CHF,2024-11-26,0.8888000249862671,0.8861299753189087,26.700496673583984,0.3013158048735995,1.0
USD/CHF,2024-11-27,0.8862699866294861,0.8823000192642212,39.699673652648926,0.4499566223035536,1.0
USD/CHF,2024-11-28,0.8820000290870667,0.8824399709701538,4.399418830871582,0.049855162680752824,1.0
USD/CHF,2024-12-02,0.8820269703865051,0.8862699866294861,42.43016242980957,0.478749851285982,1.0
USD/CHF,2024-12-03,0.8862800002098083,0.886430025100708,1.500248908996582,0.016924617471369356,1.0
USD/CHF,2024-12-04,0.8863999843597412,0.8837400078773499,26.599764823913574,0.3009908410484142,1.0
USD/CHF,2024-12-05,0.8837500214576721,0.8783400058746338,54.1001558303833,0.6159363739388305,1.0
USD/CHF,2024-12-09,0.8786699771881104,0.878570020198822,0.9995698928833008,0.011377236530983567,1.0
USD/CHF,2024-12-10,0.8785899877548218,0.8827300071716309,41.40019416809082,0.46900177666715825,1.0
USD/CHF,2024-12-11,0.8824999928474426,0.8832100033760071,7.100105285644531,0.08038977432892389,1.0
USD/CHF,2024-12-12,0.8832100033760071,0.892009973526001,87.99970149993896,0.9865327082844986,1.0
USD/CHF,2024-12-16,0.8917440176010132,0.8939999938011169,22.559762001037598,0.2523463328575407,1.0
USD/CHF,2024-12-17,0.8940399885177612,0.8925300240516663,15.099644660949707,0.16917800246544565,1.0
USD/CHF,2024-12-18,0.8924800157546997,0.9018300175666809,93.50001811981201,1.0367809487212891,1.0
USD/CHF,2024-12-19,0.9017000198364258,0.8989599943161011,27.40025520324707,0.3047994947104657,1.0
USD/CHF,2024-12-23,0.8930500149726868,0.8984699845314026,54.1996955871582,0.6032443656470736,1.0
USD/CHF,2024-12-24,0.8984699845314026,0.8996000289916992,11.300444602966309,0.12561632101804412,1.0
USD/CHF,2024-12-25,0.9003000259399414,0.899399995803833,9.000301361083984,0.10007006229792144,1.0
USD/CHF,2024-12-26,0.8994200229644775,0.8989400267601013,4.799962043762207,0.0533957983944925,1.0
USD/CHF,2024-12-30,0.9018399715423584,0.9032400250434875,14.000535011291504,0.15500348327253802,1.0
USD/CHF,2024-12-31,0.9032400250434875,0.9077000021934509,44.59977149963379,0.49134924966242965,1.0
USD/CHF,2025-01-02,0.9077500104904175,0.9120100140571594,42.600035667419434,0.46710052533205537,1.0
USD/CHF,2025-01-06,0.909309983253479,0.9050400257110596,42.699575424194336,0.471797646636089,1.0
USD/CHF,2025-01-07,0.9050400257110596,0.9094300270080566,43.9000129699707,0.48272007374110815,1.0
USD/CHF,2025-01-08,0.9094499945640564,0.9109200239181519,14.70029354095459,0.1613785311000633,1.0
USD/CHF,2025-01-09,0.9109500050544739,0.912060022354126,11.100172996520996,0.12170441335505797,1.0
USD/CHF,2025-01-13,0.9167699813842773,0.9158700108528137,8.99970531463623,0.0982640026203734,1.0
USD/CHF,2025-01-14,0.9157800078392029,0.9124500155448914,33.299922943115234,0.3649506534692685,1.0
USD/CHF,2025-01-15,0.9124600291252136,0.9121099710464478,3.5005807876586914,0.03837893344858994,1.0
USD/CHF,2025-01-16,0.91211998462677,0.9111700057983398,9.499788284301758,0.10425922960423098,1.0
USD/CHF,2025-01-20,0.9146000146865845,0.9061599969863892,84.40017700195312,0.9314047991816267,1.0
USD/CHF,2025-01-21,0.906059980392456,0.9065899848937988,5.300045013427734,0.0584613232193228,1.0
USD/CHF,2025-01-22,0.9067100286483765,0.9063500165939331,3.6001205444335938,0.03972108433299158,1.0
USD/CHF,2025-01-23,0.9063100218772888,0.9074400067329407,11.299848556518555,0.12452446963630617,1.0
USD/CHF,2025-01-27,0.9068400263786316,0.9041600227355957,26.800036430358887,0.29640811091463226,1.0
USD/CHF,2025-01-28,0.904009997844696,0.9041200280189514,1.100301742553711,0.012169863607209544,1.0
USD/CHF,2025-01-29,0.9041299819946289,0.9063599705696106,22.299885749816895,0.24603784891120378,1.0
USD/CHF,2025-01-30,0.9062700271606445,0.9095500111579895,32.79983997344971,0.3606161241391305,1.0
USD/CHF,2025-02-03,0.9152299761772156,0.9115099906921387,37.19985485076904,0.40811242038633067,1.0
USD/CHF,2025-02-04,0.9116100072860718,0.9053999781608582,62.10029125213623,0.6858879252270444,1.0
USD/CHF,2025-02-05,0.905239999294281,0.901449978351593,37.90020942687988,0.42043607895121216,1.0
USD/CHF,2025-02-06,0.9013299942016602,0.9052299857139587,38.99991512298584,0.43082880304971827,1.0
USD/CHF,2025-02-10,0.9107400178909302,0.911329984664917,5.899667739868164,0.06473689924772295,1.0
USD/CHF,2025-02-11,0.911329984664917,0.913070023059845,17.400383949279785,0.19057009330969263,1.0
USD/CHF,2025-02-12,0.9129899740219116,0.9134500026702881,4.600286483764648,0.05036166698031236,1.0
USD/CHF,2025-02-13,0.9133999943733215,0.903219997882843,101.79996490478516,1.1270782881624113,1.0
USD/CHF,2025-02-17,0.8998299837112427,0.9007099866867065,8.800029754638672,0.09770103456951656,1.0
USD/CHF,2025-02-18,0.9007200002670288,0.9036300182342529,29.10017967224121,0.3220364428475351,1.0
USD/CHF,2025-02-19,0.9035999774932861,0.9045600295066833,9.600520133972168,0.10613469334045159,1.0
USD/CHF,2025-02-20,0.9045600295066833,0.8982099890708923,63.500404357910156,0.7069661340951565,1.0
USD/CHF,2025-02-24,0.8984500169754028,0.8974000215530396,10.499954223632812,0.11700416727717035,1.0
USD/CHF,2025-02-25,0.8973000049591064,0.8923900127410889,49.09992218017578,0.5502069888630774,1.0
USD/CHF,2025-02-26,0.8924000263214111,0.8943399786949158,19.399523735046387,0.2169144195404923,1.0
USD/CHF,2025-02-27,0.8942999839782715,0.9000200033187866,57.20019340515137,0.6355435789674453,1.0
USD/CHF,2025-03-03,0.9025700092315674,0.896809995174408,57.60014057159424,0.6422780843381701,1.0
USD/CHF,2025-03-04,0.8966000080108643,0.8896899819374084,69.1002607345581,0.7766779680275129,1.0
USD/CHF,2025-03-05,0.8896399736404419,0.8907399773597717,11.00003719329834,0.12349324688337641,1.0
USD/CHF,2025-03-06,0.89069002866745,0.8832700252532959,74.20003414154053,0.8400605932513348,1.0
USD/CHF,2025-03-10,0.8773400187492371,0.8800399899482727,26.999711990356445,0.3068009669872325,1.0
USD/CHF,2025-03-11,0.8799800276756287,0.8834199905395508,34.39962863922119,0.38939155789548685,1.0
USD/CHF,2025-03-12,0.8834400177001953,0.8817700147628784,16.700029373168945,0.189392121455387,1.0
USD/CHF,2025-03-13,0.8817700147628784,0.882669985294342,8.99970531463623,0.10196002429645457,1.0
USD/CHF,2025-03-17,0.884090006351471,0.8813199996948242,27.700066566467285,0.3143020307726935,1.0
USD/CHF,2025-03-18,0.881201982498169,0.876800000667572,44.01981830596924,0.5020508470854668,1.0
USD/CHF,2025-03-19,0.8767449855804443,0.8764899969100952,2.549886703491211,0.029092022869403746,1.0
USD/CHF,2025-03-20,0.8763999938964844,0.881600022315979,52.00028419494629,0.589839869313304,1.0
USD/CHF,2025-03-24,0.8829200267791748,0.8827400207519531,1.8000602722167969,0.020391737430046887,1.0
USD/CHF,2025-03-25,0.8826900124549866,0.882669985294342,0.2002716064453125,0.0022689296088223548,1.0
USD/CHF,2025-03-26,0.8826500177383423,0.8841699957847595,15.199780464172363,0.17191015909425372,1.0
USD/CHF,2025-03-27,0.8841599822044373,0.8815000057220459,26.599764823913574,0.3017556965541416,1.0
USD/CHF,2025-03-31,0.8808500170707703,0.8840000033378601,31.499862670898438,0.3563332867868707,1.0
USD/CHF,2025-04-01,0.8838199973106384,0.8838199973106384,0.0,0.0,1.0
USD/CHF,2025-04-02,0.883400022983551,0.8797799944877625,36.20028495788574,0.41146974453497054,1.0
USD/CHF,2025-04-03,0.8767899870872498,0.8579000234603882,188.89963626861572,2.201884031972378,1.0
USD/CHF,2025-04-07,0.851610004901886,0.8594300150871277,78.20010185241699,0.9099065715605614,1.0
USD/CHF,2025-04-08,0.8597099781036377,0.8464199900627136,132.89988040924072,1.570141087988645,1.0
USD/CHF,2025-04-09,0.8456599712371826,0.854610025882721,89.5005464553833,1.047267686368865,1.0
USD/CHF,2025-04-10,0.8554499745368958,0.8225200176239014,329.29956912994385,4.00354474145475,1.0
USD/CHF,2025-04-14,0.8180599808692932,0.8145999908447266,34.599900245666504,0.42474712293805683,1.0
USD/CHF,2025-04-15,0.8159599900245667,0.8210200071334839,50.60017108917236,0.6163086240229179,1.0
USD/CHF,2025-04-16,0.8207700252532959,0.8137500286102295,70.19996643066406,0.8626723682032396,1.0
USD/CHF,2025-04-17,0.8137500286102295,0.8082600235939026,54.90005016326904,0.679237480027253,1.0
USD/CHF,2025-04-22,0.8090500235557556,0.8269100189208984,178.59995365142822,2.1598474993022543,1.0
USD/CHF,2025-04-23,0.8260700106620789,0.8295800089836121,35.09998321533203,0.42310546101919644,1.0
USD/CHF,2025-04-24,0.829800009727478,0.827180027961731,26.199817657470703,0.31673658419957434,1.0
USD/CHF,2025-04-28,0.8284000158309937,0.8208100199699402,75.89995861053467,0.9246958097966967,1.0
USD/CHF,2025-04-29,0.8211899995803833,0.8234599828720093,22.699832916259766,0.27566406854512576,1.0
USD/CHF,2025-04-30,0.823419988155365,0.8260899782180786,26.69990062713623,0.3232081411365065,1.0
USD/CHF,2025-05-01,0.8259599804878235,0.8288900256156921,29.300451278686523,0.35349021430101546,1.0
USD/CHF,2025-05-05,0.8241000175476074,0.8221399784088135,19.600391387939453,0.23840698546097283,1.0
USD/CHF,2025-05-06,0.8217909932136536,0.8258699774742126,40.78984260559082,0.4939015065100179,1.0
USD/CHF,2025-05-07,0.8256300091743469,0.8238099813461304,18.200278282165527,0.2209281107813931,1.0
USD/CHF,2025-05-08,0.8239499926567078,0.8308799862861633,69.29993629455566,0.8340547063157696,1.0
USD/CHF,2025-05-12,0.8337299823760986,0.8452500104904175,115.20028114318848,1.3629136907830242,1.0
USD/CHF,2025-05-13,0.8448699712753296,0.8386499881744385,62.19983100891113,0.741666152578227,1.0
USD/CHF,2025-05-14,0.8394299745559692,0.8414000272750854,19.70052719116211,0.23413984493158643,1.0
USD/CHF,2025-05-15,0.8412320017814636,0.8349199891090393,63.120126724243164,0.7560021025679357,1.0
USD/CHF,2025-05-19,0.8354499936103821,0.8347600102424622,6.899833679199219,0.08265649521465591,1.0
USD/CHF,2025-05-20,0.8349900245666504,0.8278200030326843,71.70021533966064,0.8661329162981066,1.0
USD/CHF,2025-05-21,0.8267120122909546,0.826259970664978,4.520416259765625,0.054709370177131685,1.0
USD/CHF,2025-05-22,0.8250700235366821,0.8281099796295166,30.399560928344727,0.3670956959357622,1.0
USD/CHF,2025-05-26,0.822409987449646,0.8204799890518188,19.299983978271484,0.2352279669925327,1.0
USD/CHF,2025-05-27,0.8204200267791748,0.8268399834632874,64.19956684112549,0.7764448759749174,1.0
USD/CHF,2025-05-28,0.8272600173950195,0.8276399970054626,3.7997961044311523,0.04591121886544196,1.0
USD/CHF,2025-05-29,0.8325499892234802,0.8224200010299683,101.29988193511963,1.2317293087261425,1.0
USD/CHF,2025-06-02,0.8222699761390686,0.8164499998092651,58.19976329803467,0.7128392836258314,1.0
USD/CHF,2025-06-03,0.8159400224685669,0.8236899971961975,77.49974727630615,0.940884890433436,1.0
USD/CHF,2025-06-04,0.8228899836540222,0.8182600140571594,46.29969596862793,0.5658310949237423,1.0
USD/CHF,2025-06-05,0.8179699778556824,0.8192800283432007,13.100504875183105,0.1599026513764258,1.0
USD/CHF,2025-06-09,0.8212599754333496,0.821590006351471,3.300309181213379,0.04016978244257669,1.0
USD/CHF,2025-06-10,0.8212000131607056,0.822629988193512,14.299750328063965,0.17382967474193456,1.0
USD/CHF,2025-06-11,0.8219199776649475,0.8186900019645691,32.29975700378418,0.3945297600590709,1.0
USD/CHF,2025-06-12,0.8184000253677368,0.8101900219917297,82.1000337600708,1.0133429384657229,1.0
USD/CHF,2025-06-16,0.8122159838676453,0.813510000705719,12.940168380737305,0.159065879577531,1.0
USD/CHF,2025-06-17,0.8137099742889404,0.8170400261878967,33.30051898956299,0.40757512388878714,1.0
USD/CHF,2025-06-18,0.8168699741363525,0.8186200261116028,17.50051975250244,0.21378074313218165,1.0
USD/CHF,2025-06-19,0.8190600275993347,0.8169000148773193,21.60012722015381,0.26441580152740823,1.0
USD/CHF,2025-06-23,0.8177499771118164,0.8123900294303894,53.59947681427002,0.6597751679922944,1.0
USD/CHF,2025-06-24,0.8125799894332886,0.8052200078964233,73.59981536865234,0.9140336137563984,1.0
USD/CHF,2025-06-25,0.8051499724388123,0.8045600056648254,5.899667739868164,0.07332787732834346,1.0
USD/CHF,2025-06-26,0.8037300109863281,0.801360011100769,23.69999885559082,0.2957472113318443,1.0
USD/CHF,2025-06-30,0.7982500195503235,0.7930600047111511,51.90014839172363,0.654429022815578,1.0
USD/CHF,2025-07-01,0.7927200198173523,0.791159987449646,15.600323677062988,0.19718292032628715,1.0
USD/CHF,2025-07-02,0.790690004825592,0.7917799949645996,10.899901390075684,0.13766325822065026,1.0
USD/CHF,2025-07-03,0.7914999723434448,0.7950199842453003,35.20011901855469,0.4427576629028967,1.0
USD/CHF,2025-07-07,0.7940400242805481,0.7969599962234497,29.199719429016113,0.3663887719256258,1.0
USD/CHF,2025-07-08,0.7971600294113159,0.7956299781799316,15.300512313842773,0.1923068855304314,1.0
USD/CHF,2025-07-09,0.7958700060844421,0.7936300039291382,22.40002155303955,0.28224766505979537,1.0
USD/CHF,2025-07-10,0.792930006980896,0.7964100241661072,34.800171852111816,0.43696300644319297,1.0
USD/CHF,2025-07-14,0.7967900037765503,0.7979000210762024,11.100172996520996,0.1391173418136918,1.0
USD/CHF,2025-07-15,0.7978699803352356,0.8016600012779236,37.90020942687988,0.47277161597763745,1.0
USD/CHF,2025-07-16,0.8014199733734131,0.8010200262069702,3.999471664428711,0.049929733759182124,1.0
USD/CHF,2025-07-17,0.8009200096130371,0.8029000163078308,19.80006694793701,0.24660688187538526,1.0
USD/CHF,2025-07-21,0.8011800050735474,0.7979999780654907,31.800270080566406,0.39849963602325567,1.0
USD/CHF,2025-07-22,0.798084020614624,0.7925999760627747,54.84044551849365,0.6919057175715867,1.0
USD/CHF,2025-07-23,0.7936300039291382,0.7921599745750427,14.70029354095459,0.1855722835383171,1.0
USD/CHF,2025-07-24,0.7920470237731934,0.7951300144195557,30.829906463623047,0.38773415547806805,1.0
USD/CHF,2025-07-28,0.7953699827194214,0.8033300042152405,79.60021495819092,0.9908781514509847,1.0
USD/CHF,2025-07-29,0.8030999898910522,0.8056399822235107,25.39992332458496,0.31527635029337703,1.0
USD/CHF,2025-07-30,0.8054699897766113,0.8137999773025513,83.29987525939941,1.0235915161303883,1.0
USD/CHF,2025-07-31,0.8132100105285645,0.812279999256134,9.3001127243042,0.11449392737505557,1.0
USD/CHF,2025-08-04,0.8040099740028381,0.8073700070381165,33.6003303527832,0.4161701581663649,1.0
USD/CHF,2025-08-05,0.8070899844169617,0.8072199821472168,1.2999773025512695,0.016104374659969528,1.0
USD/CHF,2025-08-06,0.8069199919700623,0.8060399889945984,8.800029754638672,0.10917609392575242,1.0
USD/CHF,2025-08-07,0.8060500025749207,0.8057199716567993,3.300309181213379,0.04096099510139936,1.0
USD/CHF,2025-08-11,0.8074700236320496,0.8124899864196777,50.19962787628174,0.6178491884865148,1.0
USD/CHF,2025-08-12,0.8118000030517578,0.8062400221824646,55.59980869293213,0.68961856473492,1.0
USD/CHF,2025-08-13,0.8061400055885315,0.8052600026130676,8.800029754638672,0.10928184345531365,1.0
USD/CHF,2025-08-14,0.8047199845314026,0.8075100183486938,27.900338172912598,0.34551073719143444,1.0
USD/CHF,2025-08-18,0.8065999746322632,0.8071900010108948,5.900263786315918,0.07309634384626477,1.0
USD/CHF,2025-08-19,0.8074100017547607,0.8074899911880493,0.7998943328857422,0.009905934954176562,1.0
USD/CHF,2025-08-20,0.8077700138092041,0.803849995136261,39.20018672943115,0.487655495012926,1.0
USD/CHF,2025-08-21,0.8041399717330933,0.8085399866104126,44.00014877319336,0.5441926126332008,1.0
USD/CHF,2025-08-25,0.8022599816322327,0.8059999942779541,37.400126457214355,0.4640214233589273,1.0
USD/CHF,2025-08-26,0.8061699867248535,0.8035399913787842,26.29995346069336,0.3273011143548139,1.0
USD/CHF,2025-08-27,0.8037599921226501,0.8017100095748901,20.499825477600098,0.2557012539792313,1.0
USD/CHF,2025-08-28,0.8015000224113464,0.8018800020217896,3.7997961044311523,0.047386093865050646,1.0
USD/CHF,2025-09-01,0.8006399869918823,0.8003000020980835,3.3998489379882812,0.0424821807956412,1.0
USD/CHF,2025-09-02,0.8001499772071838,0.8048999905586243,47.5001335144043,0.5901370862414572,1.0
USD/CHF,2025-09-03,0.8052899837493896,0.8039799928665161,13.099908828735352,0.16293824404795001,1.0
USD/CHF,2025-09-04,0.8037999868392944,0.8057199716567993,19.199848175048828,0.23829430634030635,1.0
USD/CHF,2025-09-08,0.7991799712181091,0.7931200265884399,60.599446296691895,0.7640640037467836,1.0
USD/CHF,2025-09-09,0.7928100228309631,0.79694002866745,41.300058364868164,0.5182329520318524,1.0
USD/CHF,2025-09-10,0.7972999811172485,0.7986900210380554,13.900399208068848,0.17403997598470722,1.0
USD/CHF,2025-09-11,0.7986699938774109,0.7955999970436096,30.699968338012695,0.38587190110723346,1.0
USD/CHF,2025-09-15,0.7967000007629395,0.7943300008773804,23.69999885559082,0.2983646447875932,2.0
USD/CHF,2025-09-16,0.7946599721908569,0.786300003528595,83.59968662261963,1.0632034369510137,1.0
USD/CHF,2025-09-17,0.7859100103378296,0.7885900139808655,26.800036430358887,0.33984752476220387,1.0
USD/CHF,2025-09-18,0.7883399724960327,0.7926099896430969,42.70017147064209,0.5387286563202349,1.0
USD/CHF,2025-09-22,0.7962300181388855,0.7922599911689758,39.70026969909668,0.5011015341127996,1.0
USD/CHF,2025-09-23,0.792389988899231,0.7912700176239014,11.199712753295898,0.14154097215672887,1.0
USD/CHF,2025-09-24,0.7914299964904785,0.7946599721908569,32.29975700378418,0.4064600978294476,1.0
USD/CHF,2025-09-25,0.7946599721908569,0.799589991569519,49.300193786621094,0.6165684201455487,1.0
USD/CHF,2025-09-29,0.7974799871444702,0.7975900173187256,1.100301742553711,0.013795329914642331,1.0
USD/CHF,2025-09-30,0.7972000241279602,0.7963299751281738,8.70048999786377,0.10925734644690949,1.0
USD/CHF,2025-10-01,0.7961999773979187,0.79680997133255,6.099939346313477,0.07655450566352985,1.0
USD/CHF,2025-10-02,0.7969099879264832,0.7975199818611145,6.099939346313477,0.07648635125202118,1.0
USD/CHF,2025-10-06,0.7971900105476379,0.7949600219726562,22.299885749816895,0.2805158137950229,1.0
USD/CHF,2025-10-07,0.7949100136756897,0.7980999946594238,31.89980983734131,0.3996969057862735,1.0
USD/CHF,2025-10-08,0.7985900044441223,0.8014000058174133,28.100013732910156,0.35063655514013453,1.0
USD/CHF,2025-10-09,0.8015000224113464,0.8063099980354309,48.09975624084473,0.5965417315677527,1.0
USD/CHF,2025-10-13,0.8023200035095215,0.8041499853134155,18.29981803894043,0.2275672246864261,1.0
USD/CHF,2025-10-14,0.8042899966239929,0.8011199831962585,31.70013427734375,0.3956977099843213,1.0
USD/CHF,2025-10-15,0.8015300035476685,0.7965899705886841,49.40032958984375,0.6201475214825596,1.0
USD/CHF,2025-10-16,0.7965499758720398,0.7922499775886536,42.999982833862305,0.5427577664910765,1.0
USD/CHF,2025-10-20,0.7935900092124939,0.7924000024795532,11.900067329406738,0.15017752766493464,1.0
USD/CHF,2025-10-21,0.7924000024795532,0.796500027179718,41.00024700164795,0.5147551236981549,1.0
USD/CHF,2025-10-22,0.7967000007629395,0.7958800196647644,8.199810981750488,0.10302823012448988,1.0
USD/CHF,2025-10-23,0.7960900068283081,0.7950999736785889,9.900331497192383,0.12451681329314812,1.0
USD/CHF,2025-10-27,0.7960500121116638,0.7946100234985352,14.399886131286621,0.1812195379550629,1.0
USD/CHF,2025-10-28,0.7946100234985352,0.792959988117218,16.500353813171387,0.20808557884931073,1.0
USD/CHF,2025-10-29,0.7928299903869629,0.800059974193573,72.29983806610107,0.9036802289600387,1.0
USD/CHF,2025-10-30,0.7997999787330627,0.801609992980957,18.10014247894287,0.225797365769277,1.0
USD/CHF,2025-11-03,0.8048999905586243,0.808139979839325,32.399892807006836,0.40091931614927173,1.0
USD/CHF,2025-11-04,0.8081300258636475,0.8103700280189514,22.40002155303955,0.2764172017541066,1.0
USD/CHF,2025-11-05,0.8103299736976624,0.8097100257873535,6.199479103088379,0.07656418848290869,1.0
USD/CHF,2025-11-06,0.8097299933433533,0.8061699867248535,35.60006618499756,0.44159503294865143,1.0
USD/CHF,2025-11-10,0.8070899844169617,0.8051300048828125,19.5997953414917,0.2434364043399981,1.0
USD/CHF,2025-11-11,0.8051599860191345,0.8003299832344055,48.30002784729004,0.6035014164044337,1.0
USD/CHF,2025-11-12,0.8003299832344055,0.7978399991989136,24.899840354919434,0.31209064950266463,1.0
USD/CHF,2025-11-13,0.797819972038269,0.7932599782943726,45.599937438964844,0.5748422797909397,1.0
USD/CHF,2025-11-17,0.7942799925804138,0.796209990978241,19.299983978271484,0.24239816376279205,1.0
USD/CHF,2025-11-18,0.796239972114563,0.8001899719238281,39.49999809265137,0.49363275570281034,1.0
USD/CHF,2025-11-19,0.8001999855041504,0.8053900003433228,51.90014839172363,0.6444101412930328,1.0
USD/CHF,2025-11-20,0.8054199814796448,0.8055400252342224,1.2004375457763672,0.014902270628046353,1.0
USD/CHF,2025-11-24,0.8086699843406677,0.8085799813270569,0.9000301361083984,0.011130997018145957,1.0
USD/CHF,2025-11-25,0.8086100220680237,0.8079500198364258,6.600022315979004,0.08168849748051515,1.0
USD/CHF,2025-11-26,0.8079800009727478,0.8034499883651733,45.30012607574463,0.5638201099227027,1.0
USD/CHF,2025-11-27,0.8034899830818176,0.8046000003814697,11.100172996520996,0.13795889872307085,1.0
USD/CHF,2025-12-01,0.8033400177955627,0.8047400116920471,13.99993896484375,0.1739684713253845,1.0
USD/CHF,2025-12-02,0.8046000003814697,0.8028200268745422,17.799735069274902,0.22171513506671017,1.0
USD/CHF,2025-12-03,0.8028600215911865,0.7997300028800964,31.30018711090088,0.3913844297222612,1.0
USD/CHF,2025-12-04,0.7997599840164185,0.8037400245666504,39.800405502319336,0.4951900401349103,1.0
USD/CHF,2025-12-08,0.8048499822616577,0.806689977645874,18.399953842163086,0.2280920099671849,1.0
USD/CHF,2025-12-09,0.8066380023956299,0.8060100078582764,6.279945373535156,0.07791398757221613,1.0
USD/CHF,2025-12-10,0.805899977684021,0.799310028553009,65.89949131011963,0.8244547041329817,1.0
USD/CHF,2025-12-11,0.7993800044059753,0.794700026512146,46.79977893829346,0.5888986709072191,1.0
USD/CHF,2025-12-15,0.7961400151252747,0.7960399985313416,1.0001659393310547,0.012564267388275922,1.0
USD/CHF,2025-12-16,0.7960100173950195,0.7952100038528442,8.00013542175293,0.10060405909120551,1.0
USD/CHF,2025-12-17,0.795199990272522,0.795199990272522,0.0,0.0,1.0
USD/CHF,2025-12-18,0.795199990272522,0.7940400242805481,11.59965991973877,0.14608407089112185,1.0
USD/CHF,2025-12-22,0.7958300113677979,0.7914000153541565,44.299960136413574,0.5597669860618977,1.0
USD/CHF,2025-12-23,0.7914299964904785,0.7874900102615356,39.39986228942871,0.5003220583883153,1.0
USD/CHF,2025-12-24,0.7874500155448914,0.788100004196167,6.499886512756348,0.08247540259038563,1.0
USD/CHF,2025-12-29,0.7892400026321411,0.7888500094413757,3.8999319076538086,0.04943819307824495,1.0
USD/CHF,2025-12-30,0.7886999845504761,0.7918199896812439,31.200051307678223,0.394029599078929,1.0
USD/CHF,2025-12-31,0.791700005531311,0.7920500040054321,3.4999847412109375,0.04418893660136808,1.0
USD/CHF,2026-01-05,0.79339998960495,0.7921800017356873,12.199878692626953,0.15400387116434014,1.0
USD/CHF,2026-01-06,0.7921000123023987,0.7956900000572205,35.89987754821777,0.451179197245612,1.0
USD/CHF,2026-01-07,0.7954999804496765,0.7978000044822693,23.000240325927734,0.2882958159526922,1.0
USD/CHF,2026-01-08,0.7976499795913696,0.7990300059318542,13.800263404846191,0.1727127054352844,1.0
USD/CHF,2026-01-12,0.8015260100364685,0.7973099946975708,42.16015338897705,0.5287799434267584,1.0
USD/CHF,2026-01-13,0.7973600029945374,0.801069974899292,37.09971904754639,0.46312707016900045,1.0
USD/CHF,2026-01-14,0.801010012626648,0.7997199892997742,12.900233268737793,0.16130937629848532,1.0
USD/CHF,2026-01-15,0.7997199892997742,0.803409993648529,36.90004348754883,0.4592928116312633,1.0
USD/CHF,2026-01-19,0.7987200021743774,0.7979000210762024,8.199810981750488,0.1027673989867883,1.0
USD/CHF,2026-01-20,0.7978900074958801,0.7896599769592285,82.30030536651611,1.042224600054226,1.0
USD/CHF,2026-01-21,0.7894999980926514,0.7963500022888184,68.50004196166992,0.8601750708205119,1.0
USD/CHF,2026-01-22,0.7963899970054626,0.7890599966049194,73.30000400543213,0.9289534930273912,1.0
USD/CHF,2026-01-26,0.7778699994087219,0.7772700190544128,5.99980354309082,0.07719072389270688,1.0
USD/CHF,2026-01-27,0.777239978313446,0.7630599737167358,141.80004596710205,1.8583080079068761,1.0
USD/CHF,2026-01-28,0.7631999850273132,0.765749990940094,25.500059127807617,0.3330076321189605,1.0
USD/CHF,2026-01-29,0.7657399773597717,0.7644500136375427,12.899637222290039,0.16874402501360003,1.0
USD/CHF,2026-02-02,0.7735599875450134,0.7790300250053406,54.700374603271484,0.7021600303903112,1.0
USD/CHF,2026-02-03,0.779009997844696,0.7757499814033508,32.60016441345215,0.4202406083784578,1.0
USD/CHF,2026-02-04,0.7757599949836731,0.7773200273513794,15.600323677062988,0.20069370565710415,1.0
USD/CHF,2026-02-05,0.7773100137710571,0.7777900099754333,4.799962043762207,0.061712827141014774,1.0
USD/CHF,2026-02-09,0.7758299708366394,0.7671599984169006,86.6997241973877,1.1301387504079967,1.0
USD/CHF,2026-02-10,0.7671200037002563,0.7686600089073181,15.400052070617676,0.20034933380376438,1.0
USD/CHF,2026-02-11,0.7685700058937073,0.7711099982261658,25.39992332458496,0.3293942937196256,1.0
USD/CHF,2026-02-12,0.7711399793624878,0.7694500088691711,16.899704933166504,0.21963356603248732,1.0
USD/CHF,2026-02-16,0.7682099938392639,0.7696099877357483,13.99993896484375,0.18190952804592161,1.0
USD/CHF,2026-02-17,0.769599974155426,0.7702699899673462,6.70015811920166,0.0869845405698033,1.0
USD/CHF,2026-02-18,0.7702000141143799,0.7724400162696838,22.40002155303955,0.28999043396554147,1.0
USD/CHF,2026-02-19,0.7721999883651733,0.7753599882125854,31.599998474121094,0.40755260723432013,1.0
USD/CHF,2026-02-23,0.7717000246047974,0.7742499709129333,25.499463081359863,0.3293440625033921,1.0
USD/CHF,2026-02-24,0.7742300033569336,0.7738100290298462,4.199743270874023,0.05427356991145998,1.0
USD/CHF,2026-02-25,0.7737299799919128,0.7720900177955627,16.399621963500977,0.2124055691112864,1.0
USD/CHF,2026-02-26,0.7721400260925293,0.7732399702072144,10.999441146850586,0.14225132650479688,1.0
USD/CHF,2026-03-02,0.7695299983024597,0.7787299752235413,91.99976921081543,1.1814078324698634,1.0
USD/CHF,2026-03-03,0.7787100076675415,0.7819499969482422,32.399892807006836,0.41434737430085833,1.0
USD/CHF,2026-03-04,0.7819200158119202,0.7791699767112732,27.500391006469727,0.35294469536087103,1.0
USD/CHF,2026-03-05,0.7791500091552734,0.7806900143623352,15.400052070617676,0.1972620603223212,1.0
USD/CHF,2026-03-09,0.781220018863678,0.7779600024223328,32.60016441345215,0.4190467930477797,1.0
USD/CHF,2026-03-10,0.7778800129890442,0.7786200046539307,7.399916648864746,0.09503887139598667,1.0
USD/CHF,2026-03-11,0.778577983379364,0.7817800045013428,32.0202112197876,0.40958084161044306,1.0
USD/CHF,2026-03-12,0.7817400097846985,0.7853099703788757,35.69960594177246,0.45459254674366417,1.0
USD/CHF,2026-03-16,0.7899199724197388,0.7880899906158447,18.29981803894043,0.23220467531430297,1.0
USD/CHF,2026-03-17,0.7880499958992004,0.7849500179290771,30.99977970123291,0.3949267977981477,1.0
USD/CHF,2026-03-18,0.7847700119018555,0.7926300168037415,78.60004901885986,0.9916360389152606,1.0
USD/CHF,2026-03-19,0.7926300168037415,0.7888299822807312,38.00034523010254,0.48173048798465756,1.0
USD/CHF,2026-03-23,0.7878199815750122,0.7866399884223938,11.799931526184082,0.15000421666649363,1.0
USD/CHF,2026-03-24,0.7864000201225281,0.7879700064659119,15.69986343383789,0.19924442942000584,1.0
USD/CHF,2026-03-25,0.7879999876022339,0.7915800213813782,35.80033779144287,0.45226429197856804,1.0
USD/CHF,2026-03-26,0.7915499806404114,0.7947099804878235,31.599998474121094,0.39762931446669136,1.0
USD/CHF,2026-03-30,0.7997999787330627,0.7996699810028076,1.2999773025512695,0.01625642244218125,1.0
USD/CHF,2026-03-31,0.7998800277709961,0.799049973487854,8.300542831420898,0.10388014650934808,1.0
USD/CHF,2026-04-01,0.7976300120353699,0.7939500212669373,36.79990768432617,0.4635040833628685,1.0
USD/CHF,2026-04-02,0.7939500212669373,0.798799991607666,48.4997034072876,0.607157034512194,1.0
USD/CHF,2026-04-06,0.8011500239372253,0.7979000210762024,32.50002861022949,0.4073195607438845,1.0
USD/CHF,2026-04-07,0.7980999946594238,0.7929800152778625,51.19979381561279,0.6456631041032255,1.0
USD/CHF,2026-04-08,0.7904000282287598,0.7911999821662903,7.999539375305176,0.10110641501030614,1.0
USD/CHF,2026-04-09,0.7914000153541565,0.7906000018119812,8.00013542175293,0.1011906830687752,1.0
USD/CHF,2026-04-13,0.7926099896430969,0.7835400104522705,90.69979190826416,1.1575642685548495,1.0
USD/CHF,2026-04-14,0.7832000255584717,0.7809200286865234,22.799968719482422,0.2919629140237454,1.0
USD/CHF,2026-04-15,0.7809100151062012,0.781470000743866,5.599856376647949,0.07165798266494626,1.0
USD/CHF,2026-04-16,0.7813100218772888,0.78329998254776,19.899606704711914,0.2540483486286632,1.0
USD/CHF,2026-04-20,0.7836599946022034,0.777999997138977,56.599974632263184,0.7275061033470996,1.0
USD/CHF,2026-04-21,0.7785099744796753,0.7809100151062012,24.00040626525879,0.3073389481628663,1.0
USD/CHF,2026-04-22,0.7805500030517578,0.7845399975776672,39.89994525909424,0.508577578992641,1.0
USD/CHF,2026-04-23,0.784820020198822,0.7862300276756287,14.100074768066406,0.17933777993383396,1.0
USD/CHF,2026-04-27,0.786300003528595,0.7852799892425537,10.200142860412598,0.12989179655846322,1.0
USD/CHF,2026-04-28,0.785290002822876,0.7890599966049194,37.69993782043457,0.4777829060229351,1.0
USD/CHF,2026-04-29,0.7889900207519531,0.7911499738693237,21.599531173706055,0.27301437005765106,1.0
USD/CHF,2026-04-30,0.7905600070953369,0.7813500165939331,92.09990501403809,1.1787278819743383,1.0
USD/CHF,2026-05-04,0.7811300158500671,0.7840099930763245,28.799772262573242,0.36733935175453236,1.0
USD/CHF,2026-05-05,0.7839699983596802,0.7822099924087524,17.600059509277344,0.22500427864746886,1.0
USD/CHF,2026-05-06,0.7813799977302551,0.7785300016403198,28.499960899353027,0.36607402205830447,1.0
USD/CHF,2026-05-07,0.7788599729537964,0.7806699872016907,18.10014247894287,0.2318539559055265,1.0
USD/CHF,2026-05-11,0.7777699828147888,0.7778199911117554,0.5000829696655273,0.006429289236327645,1.0
USD/CHF,2026-05-12,0.7781599760055542,0.7803300023078918,21.700263023376465,0.2780908456575565,1.0
USD/CHF,2026-05-13,0.7804099917411804,0.781499981880188,10.899901390075684,0.13947410931286178,1.0
USD/CHF,2026-05-14,0.781499981880188,0.7838199734687805,23.199915885925293,0.2959852602792769,1.0
USD/CHF,2026-05-18,0.7872899770736694,0.7841899991035461,30.99977970123291,0.39530955172433446,1.0
USD/CHF,2026-05-19,0.7844700217247009,0.788860023021698,43.9000129699707,0.556499400258786,1.0
USD/CHF,2026-05-20,0.7888000011444092,0.7868599891662598,19.40011978149414,0.246551102465511,1.0
USD/CHF,2026-05-21,0.7869200110435486,0.7864500284194946,4.699826240539551,0.05976001107132837,1.0
USD/CHF,2026-05-25,0.782289981842041,0.7827200293540955,4.300475120544434,0.05494269929559881,1.0
USD/CHF,2026-05-26,0.78302001953125,0.7853999733924866,23.799538612365723,0.3030244387399848,1.0
USD/CHF,2026-05-27,0.7851099967956543,0.7870000004768372,18.900036811828613,0.24015294536692797,1.0
USD/CHF,2026-05-28,0.7878599762916565,0.7838699817657471,39.89994525909424,0.5090122875890151,1.0
USD/CHF,2026-06-01,0.7818599939346313,0.7867000102996826,48.400163650512695,0.6152302404581806,1.0
USD/CHF,2026-06-02,0.7861400246620178,0.7872999906539917,11.59965991973877,0.14733468890432988,1.0
USD/CHF,2026-06-03,0.7882500290870667,0.7914699912071228,32.19962120056152,0.40683312770269114,1.0
USD/CHF,2026-06-04,0.7910299897193909,0.7894200086593628,16.09981060028076,0.2039448002796681,1.0
USD/CHF,2026-06-08,0.7964199781417847,0.7977700233459473,13.500452041625977,0.169227366867,1.0
USD/CHF,2026-06-09,0.7981699705123901,0.7989100217819214,7.4005126953125,0.09263261811143758,1.0
USD/CHF,2026-06-10,0.7992600202560425,0.8002300262451172,9.70005989074707,0.1212158950878439,1.0
USD/CHF,2026-06-11,0.7999500036239624,0.7943099737167358,56.400299072265625,0.7100540209555384,1.0
USD/CHF,2026-06-15,0.7939000129699707,0.7946400046348572,7.399916648864746,0.09312288087314533,1.0
USD/CHF,2026-06-16,0.7944300174713135,0.792900025844574,15.29991626739502,0.1929614802458607,1.0
USD/CHF,2026-06-17,0.7931100130081177,0.7996600270271301,65.50014019012451,0.8190998421370671,1.0
USD/CHF,2026-06-18,0.7994099855422974,0.8041999936103821,47.90008068084717,0.5956239873343464,1.0
USD/CHF,2026-06-22,0.8079699873924255,0.808709979057312,7.399916648864746,0.09150272459220299,1.0
USD/CHF,2026-06-23,0.8087999820709229,0.8093500137329102,5.500316619873047,0.06795967784697142,1.0
USD/CHF,2026-06-24,0.8097100257873535,0.8123599886894226,26.499629020690918,0.32620549251130243,1.0
USD/CHF,2026-06-25,0.8125799894332886,0.8100600242614746,25.19965171813965,0.3110837587759496,1.0
USD/CHF,2026-06-29,0.8100699782371521,0.8073999881744385,26.69990062713623,0.33068988132518684,1.0
USD/CHF,2026-06-30,0.8076000213623047,0.8083299994468689,7.29978084564209,0.09030693962412935,1.0
USD/CHF,2026-07-01,0.8087000250816345,0.8092300295829773,5.300045013427734,0.06549491269075891,1.0
USD/CHF,2026-07-02,0.809149980545044,0.8039600253105164,51.89955234527588,0.6455489167540455,1.0
USD/CHF,2026-07-06,0.8037999868392944,0.8049200177192688,11.200308799743652,0.13914809612363216,1.0
USD/CHF,2026-07-07,0.805079996585846,0.8085100054740906,34.30008888244629,0.4242382734933942,1.0
USD/CHF,2026-07-08,0.8088200092315674,0.8080999851226807,7.2002410888671875,0.08910086896950124,1.0
USD/CHF,2026-07-09,0.8080599904060364,0.8065500259399414,15.099644660949707,0.18721274781874572,1.0
USD/CHF,2026-07-13,0.8093600273132324,0.8147199749946594,53.59947681427002,0.657888335370952,1.0
USD/CHF,2026-07-14,0.8147299885749817,0.8093600273132324,53.699612617492676,0.6634823910905876,1.0
USD/CHF,2026-07-15,0.8090599775314331,0.8049799799919128,40.79997539520264,0.5068445974968537,1.0
USD/CHF,2026-07-16,0.8046600222587585,0.8086100220680237,39.49999809265137,0.4884925614900239,1.0
USD/CHF,2026-07-20,0.8084200024604797,0.8101999759674072,17.799735069274902,0.21969557636707399,1.0
USD/CHF,2026-07-21,0.8100299835205078,0.8128499984741211,28.200149536132812,0.34692931769785357,1.0
USD/CHF,2026-07-22,0.8123999834060669,0.8145300149917603,21.300315856933594,0.2615043701876237,1.0
USD/CHF,2026-07-23,0.8141999840736389,0.8165799975395203,23.800134658813477,0.29146115176133264,1.0
USD/CHF,2026-07-27,0.8162599802017212,0.819320023059845,30.600428581237793,0.37348566762663715,1.0
USD/CHF,2026-07-28,0.8192840218544006,0.8194699883460999,1.8596649169921875,0.022693508529158794,1.0
USD/CHF,2026-07-29,0.8194599747657776,0.8137900233268738,56.699514389038086,0.6967339579470819,1.0
USD/CHF,2026-07-30,0.8133900165557861,0.8052300214767456,81.59995079040527,1.0133744223887189,1.0
USD/CHF,2026-08-03,0.8069999814033508,0.8101000189781189,31.000375747680664,0.3826734356429881,1.0
USD/CHF,2026-08-04,0.8103700280189514,0.8091099858283997,12.600421905517578,0.15573187979649952,1.0
USD/CHF,2026-08-05,0.8091199994087219,0.8069199919700623,22.00007438659668,0.27264257430138017,1.0
USD/CHF,2026-08-06,0.8066700100898743,0.8125799894332886,59.099793434143066,0.7273104703865595,1.0
USD/CHF,2026-08-10,0.8081700205802917,0.8100699782371521,18.999576568603516,0.23454241089084396,1.0
USD/CHF,2026-08-11,0.8098199963569641,0.8108599781990051,10.399818420410156,0.1282566497301928,1.0
USD/CHF,2026-08-12,0.811020016670227,0.8133699893951416,23.499727249145508,0.28891805150840344,1.0
USD/CHF,2026-08-13,0.8129000067710876,0.8140400052070618,11.399984359741211,0.14004206533856373,1.0
USD/CHF,2026-08-17,0.8126500248908997,0.8109700083732605,16.8001651763916,0.20716136235532753,1.0
USD/CHF,2026-08-18,0.8105800151824951,0.8123999834060669,18.199682235717773,0.22402366577377086,1.0
USD/CHF,2026-08-19,0.8122400045394897,0.7973399758338928,149.00028705596924,1.8687171291034075,1.0
USD/CHF,2026-08-20,0.7977700233459473,0.7999200224876404,21.499991416931152,0.2687767628327287,1.0
USD/CHF,2026-08-24,0.8006299734115601,0.8022800087928772,16.500353813171387,0.20566826584646017,1.0
USD/CHF,2026-08-25,0.8019999861717224,0.801289975643158,7.100105285644531,0.08860843766260285,1.0
USD/CHF,2026-08-26,0.8017200231552124,0.8050199747085571,32.999515533447266,0.4099216984695832,1.0
USD/CHF,2026-08-27,0.8050500154495239,0.8039199709892273,11.300444602966309,0.14056678538612566,1.0
USD/CHF,2026-08-31,0.8088399767875671,0.808430016040802,4.099607467651367,0.050710728032201835,1.0
USD/CHF,2026-09-01,0.8082000017166138,0.8115599751472473,33.59973430633545,0.4140141866932164,1.0
USD/CHF,2026-09-02,0.8116999864578247,0.8128299713134766,11.299848556518555,0.13901860112587613,1.0
USD/CHF,2026-09-03,0.8129799962043762,0.8078500032424927,51.29992961883545,0.6350180035022756,1.0
USD/CHF,2026-09-07,0.8099300265312195,0.8091999888420105,7.300376892089844,0.09021721444332818,1.0
USD/CAD,2024-09-09,1.3562099933624268,1.3558100461959839,3.999471664428711,0.02949876109599635,1.0
USD/CAD,2024-09-10,1.3564000129699707,1.3609800338745117,45.800209045410156,0.336523739551297,1.0
USD/CAD,2024-09-11,1.3609600067138672,1.3574199676513672,35.400390625,0.26079173335169364,1.0
USD/CAD,2024-09-12,1.3578399419784546,1.35794997215271,1.100301742553711,0.008102667735317535,1.0
USD/CAD,2024-09-16,1.3577699661254883,1.358299970626831,5.300045013427734,0.03901969467747142,1.0
USD/CAD,2024-09-17,1.3586299419403076,1.3595099449157715,8.800029754638672,0.06472942538999873,1.0
USD/CAD,2024-09-18,1.3592100143432617,1.360129952430725,9.199380874633789,0.06763604358681556,1.0
USD/CAD,2024-09-19,1.3610700368881226,1.3560700416564941,49.99995231628418,0.3687121666312105,1.0
USD/CAD,2024-09-23,1.3564200401306152,1.3529000282287598,35.20011901855469,0.2601827059212889,1.0
USD/CAD,2024-09-24,1.3529499769210815,1.342519998550415,104.29978370666504,0.7768955681798606,1.0
USD/CAD,2024-09-25,1.3421000242233276,1.3484599590301514,63.599348068237305,0.4716443201916033,1.0
USD/CAD,2024-09-26,1.3482199907302856,1.3466700315475464,15.499591827392578,0.11509569132967923,1.0
USD/CAD,2024-09-30,1.3508800268173218,1.3523900508880615,15.100240707397461,0.11165595826057523,1.0
USD/CAD,2024-10-01,1.352720022201538,1.3495399951934814,31.800270080566406,0.23563784840631752,1.0
USD/CAD,2024-10-02,1.3494600057601929,1.350450038909912,9.900331497192383,0.0733113496385543,1.0
USD/CAD,2024-10-03,1.3504899740219116,1.355239987373352,47.5001335144043,0.3504924143100759,1.0
USD/CAD,2024-10-07,1.3579200506210327,1.3623199462890625,43.99895668029785,0.3229708028583909,1.0
USD/CAD,2024-10-08,1.361799955368042,1.3643800020217896,25.800466537475586,0.1891002982984468,1.0
USD/CAD,2024-10-09,1.3652000427246094,1.3711400032043457,59.39960479736328,0.4332132725946787,1.0
USD/CAD,2024-10-10,1.3709299564361572,1.3742200136184692,32.90057182312012,0.23941269590805458,1.0
USD/CAD,2024-10-14,1.378119945526123,1.3799400329589844,18.20087432861328,0.1318961251496228,1.0
USD/CAD,2024-10-15,1.3802900314331055,1.3775999546051025,26.900768280029297,0.19527271462302398,1.0
USD/CAD,2024-10-16,1.3781100511550903,1.3756099939346313,25.000572204589844,0.18174171687340812,1.0
USD/CAD,2024-10-17,1.375499963760376,1.3797199726104736,42.20008850097656,0.3058598073428818,1.0
USD/CAD,2024-10-21,1.3799599409103394,1.383489966392517,35.300254821777344,0.25515367425340707,1.0
USD/CAD,2024-10-22,1.3833500146865845,1.3817499876022339,16.00027084350586,0.1157971484499255,1.0
USD/CAD,2024-10-23,1.3816200494766235,1.384060025215149,24.399757385253906,0.17629117914492923,1.0
USD/CAD,2024-10-24,1.3836699724197388,1.3853000402450562,16.300678253173828,0.11766893654525758,1.0
USD/CAD,2024-10-28,1.3895599842071533,1.3889100551605225,6.499290466308594,0.04679417822745507,1.0
USD/CAD,2024-10-29,1.3889800310134888,1.3912800550460815,23.000240325927734,0.16531711385143036,1.0
USD/CAD,2024-10-30,1.3912800550460815,1.3908599615097046,4.200935363769531,0.030203870123701303,1.0
USD/CAD,2024-10-31,1.3907999992370605,1.3934099674224854,26.099681854248047,0.1873079887789733,1.0
USD/CAD,2024-11-04,1.3918800354003906,1.390120029449463,17.600059509277344,0.1266082002735231,1.0
USD/CAD,2024-11-05,1.3900699615478516,1.3832199573516846,68.50004196166992,0.4952216138698593,1.0
USD/CAD,2024-11-06,1.3832999467849731,1.3947099447250366,114.09997940063477,0.8180911008211768,1.0
USD/CAD,2024-11-07,1.394819974899292,1.3867199420928955,81.00032806396484,0.5841145396792649,1.0
USD/CAD,2024-11-11,1.390779972076416,1.3920300006866455,12.500286102294922,0.08979897054035413,1.0
USD/CAD,2024-11-12,1.3921500444412231,1.3944900035858154,23.39959144592285,0.16780035271499072,1.0
USD/CAD,2024-11-13,1.3945499658584595,1.3992500305175781,47.00064659118652,0.33589884270934145,1.0
USD/CAD,2024-11-14,1.3992700576782227,1.4061399698257446,68.69912147521973,0.48856531319377294,1.0
USD/CAD,2024-11-18,1.4085899591445923,1.402109980583191,64.79978561401367,0.4621590781848723,1.0
USD/CAD,2024-11-19,1.4022400379180908,1.3955399990081787,67.0003890991211,0.4801036813472835,1.0
USD/CAD,2024-11-20,1.3954999446868896,1.39683997631073,13.40031623840332,0.09593308085150615,1.0
USD/CAD,2024-11-21,1.3968000411987305,1.398319959640503,15.19918441772461,0.10869604136690005,1.0
USD/CAD,2024-11-25,1.393280029296875,1.4086999893188477,154.19960021972656,1.0946234215156563,1.0
USD/CAD,2024-11-26,1.4098399877548218,1.4052599668502808,45.800209045410156,0.3259198306777767,1.0
USD/CAD,2024-11-27,1.405310034751892,1.4026199579238892,26.900768280029297,0.19178943040170987,1.0
USD/CAD,2024-11-28,1.4026299715042114,1.4007999897003174,18.29981803894043,0.1306383364755409,1.0
USD/CAD,2024-12-02,1.4012600183486938,1.404520034790039,32.60016441345215,0.232108931207418,1.0
USD/CAD,2024-12-03,1.4042999744415283,1.4065699577331543,22.699832916259766,0.16138431502435258,1.0
USD/CAD,2024-12-04,1.4065899848937988,1.4073200225830078,7.300376892089844,0.05187431980602867,1.0
USD/CAD,2024-12-05,1.4073100090026855,1.4017000198364258,56.099891662597656,0.4002275156502056,1.0
USD/CAD,2024-12-09,1.4147800207138062,1.417449951171875,26.699304580688477,0.18836153303765582,1.0
USD/CAD,2024-12-10,1.417199969291687,1.41743004322052,2.300739288330078,0.016231766070815074,1.0
USD/CAD,2024-12-11,1.4174400568008423,1.4148900508880615,25.500059127807617,0.18022643605276892,1.0
USD/CAD,2024-12-12,1.4148900508880615,1.4216699600219727,67.79909133911133,0.4768975447583028,1.0
USD/CAD,2024-12-16,1.4225900173187256,1.4234100580215454,8.200407028198242,0.0576109953838342,1.0
USD/CAD,2024-12-17,1.4234700202941895,1.4309699535369873,74.99933242797852,0.5241153543622602,1.0
USD/CAD,2024-12-18,1.4309699535369873,1.4460999965667725,151.30043029785156,1.0462653388912126,1.0
USD/CAD,2024-12-19,1.4460999965667725,1.4402300119400024,58.699846267700195,0.4075727195035395,1.0
USD/CAD,2024-12-23,1.4361300468444824,1.4373799562454224,12.499094009399414,0.08695748090190623,1.0
USD/CAD,2024-12-24,1.4374200105667114,1.4351999759674072,22.200345993041992,0.15468468760304768,1.0
USD/CAD,2024-12-25,1.4362000226974487,1.4353899955749512,8.100271224975586,0.0564325462065868,1.0
USD/CAD,2024-12-26,1.4353599548339844,1.4409500360488892,55.90081214904785,0.3879441392869449,1.0
USD/CAD,2024-12-30,1.4403400421142578,1.434999942779541,53.40099334716797,0.3721323726587211,1.0
USD/CAD,2024-12-31,1.434980034828186,1.4375,25.19965171813965,0.1753019249957541,1.0
USD/CAD,2025-01-02,1.437459945678711,1.4403799772262573,29.200315475463867,0.20272647452163958,1.0
USD/CAD,2025-01-06,1.444000005722046,1.4341100454330444,98.89960289001465,0.689623527880323,1.0
USD/CAD,2025-01-07,1.433859944343567,1.436400055885315,25.40111541748047,0.17683872479261825,1.0
USD/CAD,2025-01-08,1.4364099502563477,1.4376699924468994,12.600421905517578,0.08764474442477435,1.0
USD/CAD,2025-01-09,1.4377000331878662,1.4401099681854248,24.099349975585938,0.1673438175415988,1.0
USD/CAD,2025-01-13,1.4414900541305542,1.436400055885315,50.89998245239258,0.35435798156538456,1.0
USD/CAD,2025-01-14,1.4362800121307373,1.4351999759674072,10.800361633300781,0.07525335712203254,1.0
USD/CAD,2025-01-15,1.4351500272750854,1.4321000576019287,30.499696731567383,0.21297182811820808,1.0
USD/CAD,2025-01-16,1.4326200485229492,1.4394299983978271,68.0994987487793,0.47310045521198085,1.0
USD/CAD,2025-01-20,1.4474300146102905,1.4302599430084229,171.70071601867676,1.2004860854700286,1.0
USD/CAD,2025-01-21,1.4302599430084229,1.4340800046920776,38.20061683654785,0.26637716662641986,1.0
USD/CAD,2025-01-22,1.4342700242996216,1.4393999576568604,51.299333572387695,0.3563938799602006,1.0
USD/CAD,2025-01-23,1.4393600225448608,1.4376399517059326,17.200708389282227,0.11964545343130956,1.0
USD/CAD,2025-01-27,1.4385099411010742,1.4401899576187134,16.8001651763916,0.11665242551871344,1.0
USD/CAD,2025-01-28,1.4400999546051025,1.4400500059127808,0.49948692321777344,0.0034685387393972606,1.0
USD/CAD,2025-01-29,1.4399900436401367,1.4398599863052368,1.3005733489990234,0.009032637627054066,1.0
USD/CAD,2025-01-30,1.4399000406265259,1.4493999481201172,94.99907493591309,0.6554372729150958,1.0
USD/CAD,2025-02-03,1.4716999530792236,1.4418599605560303,298.3999252319336,2.069548592755571,1.0
USD/CAD,2025-02-04,1.4417999982833862,1.4337600469589233,80.3995132446289,0.560759894343271,1.0
USD/CAD,2025-02-05,1.43340003490448,1.431399941444397,20.000934600830078,0.1397298827653125,1.0
USD/CAD,2025-02-06,1.4315299987792969,1.4306999444961548,8.300542831420898,0.058017356213318896,1.0
USD/CAD,2025-02-10,1.4331799745559692,1.4336899518966675,5.099773406982422,0.03557096428161328,1.0
USD/CAD,2025-02-11,1.4336600303649902,1.4282000064849854,54.60023880004883,0.3823010681426071,1.0
USD/CAD,2025-02-12,1.4285099506378174,1.4300099611282349,15.000104904174805,0.10489510780987968,1.0
USD/CAD,2025-02-13,1.4300700426101685,1.419119954109192,109.50088500976562,0.7716111995514952,1.0
USD/CAD,2025-02-17,1.4184000492095947,1.4182000160217285,2.0003318786621094,0.014104723283485436,1.0
USD/CAD,2025-02-18,1.4184999465942383,1.4186999797821045,2.0003318786621094,0.014099752640930725,1.0
USD/CAD,2025-02-19,1.4189200401306152,1.4240299463272095,51.09906196594238,0.358834181105072,1.0
USD/CAD,2025-02-20,1.4240399599075317,1.4175100326538086,65.29927253723145,0.46066180156044906,1.0
USD/CAD,2025-02-24,1.4211599826812744,1.427299976348877,61.39993667602539,0.430182426213516,1.0
USD/CAD,2025-02-25,1.4276000261306763,1.4301400184631348,25.39992332458496,0.17760445128918476,1.0
USD/CAD,2025-02-26,1.4300700426101685,1.4338099956512451,37.3995304107666,0.26084021260975737,1.0
USD/CAD,2025-02-27,1.4335999488830566,1.4445099830627441,109.100341796875,0.7552757895487392,1.0
USD/CAD,2025-03-03,1.444100022315979,1.449280023574829,51.80001258850098,0.357418937306055,1.0
USD/CAD,2025-03-04,1.4490000009536743,1.43982994556427,91.70055389404297,0.63688461388477,1.0
USD/CAD,2025-03-05,1.439710021018982,1.433899998664856,58.100223541259766,0.40519020570024755,1.0
USD/CAD,2025-03-06,1.433859944343567,1.4289000034332275,49.599409103393555,0.3471160262035183,1.0
USD/CAD,2025-03-10,1.437019944190979,1.4429199695587158,59.000253677368164,0.4088948446351605,1.0
USD/CAD,2025-03-11,1.4428900480270386,1.4432799816131592,3.8993358612060547,0.027017182465509933,1.0
USD/CAD,2025-03-12,1.4432400465011597,1.4359999895095825,72.40056991577148,0.5041822454364883,1.0
USD/CAD,2025-03-13,1.436169981956482,1.442620038986206,64.50057029724121,0.44710712837850675,1.0
USD/CAD,2025-03-17,1.4369200468063354,1.4297300577163696,71.8998908996582,0.5028913710781181,1.0
USD/CAD,2025-03-18,1.4295099973678589,1.4299700260162354,4.600286483764648,0.03217050987131963,1.0
USD/CAD,2025-03-19,1.4299499988555908,1.43218994140625,22.399425506591797,0.15639982420626464,1.0
USD/CAD,2025-03-20,1.4319000244140625,1.4324599504470825,5.599260330200195,0.03908842497448267,1.0
USD/CAD,2025-03-24,1.43326997756958,1.4315999746322632,16.700029373168945,0.11665290352815703,1.0
USD/CAD,2025-03-25,1.4316099882125854,1.4273799657821655,42.30022430419922,0.2963487320702294,1.0
USD/CAD,2025-03-26,1.427299976348877,1.4291000366210938,18.00060272216797,0.12595761151002322,1.0
USD/CAD,2025-03-27,1.4294999837875366,1.4307899475097656,12.899637222290039,0.09015744934985989,1.0
USD/CAD,2025-03-31,1.4309099912643433,1.439020037651062,81.1004638671875,0.5635811993248491,1.0
USD/CAD,2025-04-01,1.4390699863433838,1.4293099641799927,97.60022163391113,0.6828485358660829,1.0
USD/CAD,2025-04-02,1.4292099475860596,1.4271600246429443,20.499229431152344,0.14363651641854927,1.0
USD/CAD,2025-04-03,1.4216500520706177,1.4076499938964844,140.000581741333,0.9945695474611592,1.0
USD/CAD,2025-04-07,1.4241100549697876,1.4239000082015991,2.1004676818847656,0.01475151112989794,1.0
USD/CAD,2025-04-08,1.4237799644470215,1.426110029220581,23.300647735595703,0.16338604496267597,1.0
USD/CAD,2025-04-09,1.4253000020980835,1.4096699953079224,156.30006790161133,1.1087706230667824,1.0
USD/CAD,2025-04-10,1.4101300239562988,1.3954999446868896,146.3007926940918,1.0483754818558413,1.0
USD/CAD,2025-04-14,1.3873900175094604,1.3890999555587769,17.099380493164062,0.1230968327710132,1.0
USD/CAD,2025-04-15,1.3899999856948853,1.3947999477386475,47.99962043762207,0.34413265153502903,1.0
USD/CAD,2025-04-16,1.3956999778747559,1.3854000568389893,102.99921035766602,0.7434618603428897,1.0
USD/CAD,2025-04-17,1.3859699964523315,1.3838000297546387,21.69966697692871,0.1568121586236436,1.0
USD/CAD,2025-04-22,1.383430004119873,1.3846499919891357,12.199878692626953,0.08810803281124545,1.0
USD/CAD,2025-04-23,1.3847099542617798,1.3877099752426147,30.00020980834961,0.2161850123121342,1.0
USD/CAD,2025-04-24,1.387410044670105,1.3854899406433105,19.201040267944336,0.13858664508981502,1.0
USD/CAD,2025-04-28,1.3870799541473389,1.382949948310852,41.300058364868164,0.2986374048844822,1.0
USD/CAD,2025-04-29,1.3830100297927856,1.382949948310852,0.6008148193359375,0.004344443702172868,1.0
USD/CAD,2025-04-30,1.382680058479309,1.3786100149154663,40.700435638427734,0.29522805723214923,1.0
USD/CAD,2025-05-01,1.3789600133895874,1.3848899602890015,59.299468994140625,0.4281890308582055,1.0
USD/CAD,2025-05-05,1.3822300434112549,1.3821500539779663,0.7998943328857422,0.0057873190438589945,1.0
USD/CAD,2025-05-06,1.3821899890899658,1.3770400285720825,51.49960517883301,0.3739877135760198,1.0
USD/CAD,2025-05-07,1.3769400119781494,1.3835500478744507,66.1003589630127,0.4777590739457726,1.0
USD/CAD,2025-05-08,1.3834199905395508,1.391950011253357,85.30020713806152,0.6128108513125011,1.0
USD/CAD,2025-05-12,1.3924000263214111,1.3971999883651733,47.99962043762207,0.3435415175875084,1.0
USD/CAD,2025-05-13,1.397420048713684,1.392300009727478,51.20038986206055,0.36773963588553205,1.0
USD/CAD,2025-05-14,1.3932000398635864,1.397670030593872,44.699907302856445,0.31981731255884044,1.0
USD/CAD,2025-05-15,1.3978999853134155,1.3949999809265137,29.000043869018555,0.20788562197511765,1.0
USD/CAD,2025-05-19,1.395259976387024,1.3958300352096558,5.700588226318359,0.04084013155270815,1.0
USD/CAD,2025-05-20,1.3956899642944336,1.3909499645233154,47.39999771118164,0.34077428318872577,1.0
USD/CAD,2025-05-21,1.3909300565719604,1.3865000009536743,44.30055618286133,0.3195135676335387,1.0
USD/CAD,2025-05-22,1.386080026626587,1.385599970817566,4.800558090209961,0.034646060849564085,1.0
USD/CAD,2025-05-26,1.3737200498580933,1.3734899759292603,2.300739288330078,0.01675104535636287,1.0
USD/CAD,2025-05-27,1.373579978942871,1.3813600540161133,77.80075073242188,0.5632184780950263,1.0
USD/CAD,2025-05-28,1.38100004196167,1.3832600116729736,22.59969711303711,0.1633799641594791,1.0
USD/CAD,2025-05-29,1.3851100206375122,1.3805500268936157,45.599937438964844,0.3303026804582341,1.0
USD/CAD,2025-06-02,1.3726199865341187,1.3714499473571777,11.70039176940918,0.085314026895084,1.0
USD/CAD,2025-06-03,1.3710700273513794,1.3722100257873535,11.399984359741211,0.08307754750006342,1.0
USD/CAD,2025-06-04,1.371500015258789,1.3675999641418457,39.000511169433594,0.28517484785037994,1.0
USD/CAD,2025-06-05,1.3679100275039673,1.3670799732208252,8.300542831420898,0.060717317157861016,1.0
USD/CAD,2025-06-09,1.3690600395202637,1.3700300455093384,9.70005989074707,0.07080180411036797,1.0
USD/CAD,2025-06-10,1.3698899745941162,1.3666000366210938,32.89937973022461,0.24073890566817216,1.0
USD/CAD,2025-06-11,1.3668299913406372,1.3662400245666504,5.899667739868164,0.043181780900756764,1.0
USD/CAD,2025-06-12,1.366569995880127,1.3601100444793701,64.59951400756836,0.47495799527233173,1.0
USD/CAD,2025-06-16,1.3583999872207642,1.3570300340652466,13.699531555175781,0.1009523091698728,1.0
USD/CAD,2025-06-17,1.357450008392334,1.368499994277954,110.49985885620117,0.8074523881492813,1.0
USD/CAD,2025-06-18,1.3683600425720215,1.3692500591278076,8.900165557861328,0.0650002933980562,1.0
USD/CAD,2025-06-19,1.3696000576019287,1.3699699640274048,3.699064254760742,0.02700106098593813,1.0
USD/CAD,2025-06-23,1.3739299774169922,1.3727999925613403,11.299848556518555,0.08231241708732488,1.0
USD/CAD,2025-06-24,1.3728599548339844,1.3722000122070312,6.59942626953125,0.04809376337868418,1.0
USD/CAD,2025-06-25,1.3726600408554077,1.372130036354065,5.300045013427734,0.0386264047357397,1.0
USD/CAD,2025-06-26,1.3711999654769897,1.363800048828125,73.99916648864746,0.5425954233704043,1.0
USD/CAD,2025-06-30,1.3681399822235107,1.3607499599456787,73.90022277832031,0.5430845118766009,1.0
USD/CAD,2025-07-01,1.3605400323867798,1.3645000457763672,39.60013389587402,0.29021716795430746,1.0
USD/CAD,2025-07-02,1.3644299507141113,1.3586299419403076,58.00008773803711,0.4269012918646937,1.0
USD/CAD,2025-07-03,1.3587100505828857,1.3583699464797974,3.401041030883789,0.025037664000867765,1.0
USD/CAD,2025-07-07,1.3603299856185913,1.3667000532150269,63.70067596435547,0.4660911208315674,1.0
USD/CAD,2025-07-08,1.366529941558838,1.3664599657058716,0.6997585296630859,0.005120958880793935,1.0
USD/CAD,2025-07-09,1.3668400049209595,1.3684699535369873,16.29948616027832,0.1191073732978221,1.0
USD/CAD,2025-07-10,1.368399977684021,1.3653700351715088,30.29942512512207,0.22191365230390497,1.0
USD/CAD,2025-07-14,1.368399977684021,1.3702000379562378,18.00060272216797,0.13137207870040127,1.0
USD/CAD,2025-07-15,1.3704700469970703,1.371840000152588,13.699531555175781,0.0998624588410602,1.0
USD/CAD,2025-07-16,1.3716399669647217,1.3688299655914307,28.100013732910156,0.2052849107578455,1.0
USD/CAD,2025-07-17,1.3689299821853638,1.3740899562835693,51.599740982055664,0.3755193809990056,1.0
USD/CAD,2025-07-21,1.3724000453948975,1.3675999641418457,48.00081253051758,0.35098576915097807,1.0
USD/CAD,2025-07-22,1.3675800561904907,1.3604400157928467,71.40040397644043,0.5248331653551752,1.0
USD/CAD,2025-07-23,1.3604300022125244,1.360569953918457,1.3995170593261719,0.010286255809894573,1.0
USD/CAD,2025-07-24,1.3601499795913696,1.3644100427627563,42.60063171386719,0.31222748571687686,1.0
USD/CAD,2025-07-28,1.37021005153656,1.3733999729156494,31.899213790893555,0.23226455817654748,1.0
USD/CAD,2025-07-29,1.3734300136566162,1.3769999742507935,35.69960594177246,0.2592564023917003,1.0
USD/CAD,2025-07-30,1.3773900270462036,1.3826199769973755,52.29949951171875,0.37826373393864265,1.0
USD/CAD,2025-07-31,1.3825199604034424,1.3867900371551514,42.700767517089844,0.30791083273633707,1.0
USD/CAD,2025-08-04,1.3778300285339355,1.3773200511932373,5.099773406982422,0.03702678547781431,1.0
USD/CAD,2025-08-05,1.3767999410629272,1.37732994556427,5.300045013427734,0.03848057635352138,1.0
USD/CAD,2025-08-06,1.3770699501037598,1.3741099834442139,29.599666595458984,0.2154097339520616,1.0
USD/CAD,2025-08-07,1.37391996383667,1.3735300302505493,3.8993358612060547,0.028389156227583656,1.0
USD/CAD,2025-08-11,1.3752700090408325,1.3775800466537476,23.10037612915039,0.1676880859683113,1.0
USD/CAD,2025-08-12,1.377369999885559,1.3768199682235718,5.500316619873047,0.03994942510145154,1.0
USD/CAD,2025-08-13,1.376960039138794,1.3753000497817993,16.59989356994629,0.12070015974026886,1.0
USD/CAD,2025-08-14,1.3752100467681885,1.381100058555603,58.90011787414551,0.426472488428862,1.0
USD/CAD,2025-08-18,1.381500005722046,1.3798099756240845,16.900300979614258,0.12248281486710005,1.0
USD/CAD,2025-08-19,1.380210041999817,1.386199951171875,59.899091720581055,0.432110040618189,1.0
USD/CAD,2025-08-20,1.3866000175476074,1.3872100114822388,6.099939346313477,0.04397271715041668,1.0
USD/CAD,2025-08-21,1.387279987335205,1.3904900550842285,32.100677490234375,0.23085873482417596,1.0
USD/CAD,2025-08-25,1.3828799724578857,1.3855799436569214,26.999711990356445,0.1948621738785918,1.0
USD/CAD,2025-08-26,1.3859299421310425,1.3833400011062622,25.899410247802734,0.1872237499608981,1.0
USD/CAD,2025-08-27,1.3833400011062622,1.3783799409866333,49.60060119628906,0.3598470909318758,1.0
USD/CAD,2025-08-28,1.3781399726867676,1.3751300573349,30.099153518676758,0.2188822312342664,1.0
USD/CAD,2025-09-01,1.3738399744033813,1.3751499652862549,13.099908828735352,0.09526167443132967,1.0
USD/CAD,2025-09-02,1.3747400045394897,1.378100037574768,33.6003303527832,0.24381633725164337,1.0
USD/CAD,2025-09-03,1.3784500360488892,1.3791999816894531,7.499456405639648,0.054375409695504626,1.0
USD/CAD,2025-09-04,1.3793100118637085,1.3819600343704224,26.500225067138672,0.19175825934222,1.0
USD/CAD,2025-09-08,1.3833999633789062,1.3799500465393066,34.499168395996094,0.25000302353345666,1.0
USD/CAD,2025-09-09,1.3795000314712524,1.3844399452209473,49.39913749694824,0.356816759495223,1.0
USD/CAD,2025-09-10,1.384660005569458,1.385830044746399,11.70039176940918,0.08442876392934821,1.0
USD/CAD,2025-09-11,1.3860499858856201,1.3832900524139404,27.599334716796875,0.19951950546188094,1.0
USD/CAD,2025-09-15,1.3839000463485718,1.3779100179672241,59.90028381347656,0.43471839984039795,2.0
USD/CAD,2025-09-16,1.3774000406265259,1.373900055885315,34.999847412109375,0.2547481329677663,1.0
USD/CAD,2025-09-17,1.3738800287246704,1.3769099712371826,30.29942512512207,0.22005378534587414,1.0
USD/CAD,2025-09-18,1.3769899606704712,1.3794200420379639,24.300813674926758,0.1761668885064522,1.0
USD/CAD,2025-09-22,1.3782000541687012,1.382349967956543,41.49913787841797,0.300207175030821,1.0
USD/CAD,2025-09-23,1.3824900388717651,1.3834999799728394,10.099411010742188,0.07299899643612903,1.0
USD/CAD,2025-09-24,1.3839099407196045,1.3895800113677979,56.700706481933594,0.40804204161026825,1.0
USD/CAD,2025-09-25,1.3896000385284424,1.3935999870300293,39.99948501586914,0.2870227137495462,1.0
USD/CAD,2025-09-29,1.39382004737854,1.3913899660110474,24.300813674926758,0.1746513505814215,1.0
USD/CAD,2025-09-30,1.3916200399398804,1.3920400142669678,4.199743270874023,0.03016970221998654,1.0
USD/CAD,2025-10-01,1.3923499584197998,1.3935699462890625,12.199878692626953,0.08754407143404613,1.0
USD/CAD,2025-10-02,1.3939499855041504,1.3962899446487427,23.39959144592285,0.1675840432397396,1.0
USD/CAD,2025-10-06,1.3964999914169312,1.3940999507904053,24.00040626525879,0.172156998152474,1.0
USD/CAD,2025-10-07,1.3946000337600708,1.3950400352478027,4.400014877319336,0.031540420103697994,1.0
USD/CAD,2025-10-08,1.3952800035476685,1.3948999643325806,3.8003921508789062,0.027244908223202118,1.0
USD/CAD,2025-10-09,1.3954600095748901,1.4019999504089355,65.3994083404541,0.4664722585858751,1.0
USD/CAD,2025-10-13,1.3998500108718872,1.4035999774932861,37.49966621398926,0.2671677601545746,1.0
USD/CAD,2025-10-14,1.4039000272750854,1.4041999578475952,2.9993057250976562,0.021359534362150906,1.0
USD/CAD,2025-10-15,1.4045000076293945,1.4041999578475952,3.000497817993164,0.021368023843216944,1.0
USD/CAD,2025-10-16,1.4046000242233276,1.4043999910354614,2.0003318786621094,0.014243320218104448,1.0
USD/CAD,2025-10-20,1.4015899896621704,1.4027999639511108,12.099742889404297,0.08625422868791852,1.0
USD/CAD,2025-10-21,1.4033000469207764,1.4017000198364258,16.00027084350586,0.11414903771901953,1.0
USD/CAD,2025-10-22,1.4019900560379028,1.3989299535751343,30.601024627685547,0.2187459389905902,1.0
USD/CAD,2025-10-23,1.3988800048828125,1.398800015449524,0.7998943328857422,0.0057184323995641715,1.0
USD/CAD,2025-10-27,1.399340033531189,1.3990700244903564,2.7000904083251953,0.019299179891362234,1.0
USD/CAD,2025-10-28,1.3991400003433228,1.3939800262451172,51.599740982055664,0.3701612649432781,1.0
USD/CAD,2025-10-29,1.3938900232315063,1.3941500186920166,2.599954605102539,0.01864903037868049,1.0
USD/CAD,2025-10-30,1.394129991531372,1.3978999853134155,37.69993782043457,0.26968980768664985,1.0
USD/CAD,2025-11-03,1.4015400409698486,1.4052000045776367,36.59963607788086,0.26045855364825216,1.0
USD/CAD,2025-11-04,1.4055399894714355,1.4101699590682983,46.29969596862793,0.3283270620742638,1.0
USD/CAD,2025-11-05,1.4100899696350098,1.4098999500274658,1.9001960754394531,0.013477524241365042,1.0
USD/CAD,2025-11-06,1.410230040550232,1.4110000133514404,7.699728012084961,0.05456929793924229,1.0
USD/CAD,2025-11-10,1.404379963874817,1.4025399684906006,18.399953842163086,0.131190228125655,1.0
USD/CAD,2025-11-11,1.4025499820709229,1.4015100002288818,10.399818420410156,0.07420438254961972,1.0
USD/CAD,2025-11-12,1.4015799760818481,1.4009300470352173,6.499290466308594,0.04639268377506083,1.0
USD/CAD,2025-11-13,1.4009300470352173,1.40339994430542,24.698972702026367,0.1759938270073863,1.0
USD/CAD,2025-11-17,1.4018199443817139,1.4049500226974487,31.300783157348633,0.22278929963111685,1.0
USD/CAD,2025-11-18,1.4050500392913818,1.3984899520874023,65.60087203979492,0.4690836136639974,1.0
USD/CAD,2025-11-19,1.3985099792480469,1.4043400287628174,58.30049514770508,0.41514514970470584,1.0
USD/CAD,2025-11-20,1.4042500257492065,1.4091500043869019,48.999786376953125,0.34772583631557474,1.0
USD/CAD,2025-11-24,1.4094599485397339,1.4106999635696411,12.400150299072266,0.08790069199190217,1.0
USD/CAD,2025-11-25,1.4108999967575073,1.410290002822876,6.099939346313477,0.043253085068345284,1.0
USD/CAD,2025-11-26,1.4102200269699097,1.4039100408554077,63.09986114501953,0.44945800876652003,1.0
USD/CAD,2025-11-27,1.4039499759674072,1.402609944343567,13.40031623840332,0.09553843741407936,1.0
USD/CAD,2025-12-01,1.396939992904663,1.3997000455856323,27.600526809692383,0.19718886840604744,1.0
USD/CAD,2025-12-02,1.399999976158142,1.3969600200653076,30.399560928344727,0.2176122472490197,1.0
USD/CAD,2025-12-03,1.3969600200653076,1.395300030708313,16.59989356994629,0.11897006525198374,1.0
USD/CAD,2025-12-04,1.3953100442886353,1.3959699869155884,6.59942626953125,0.04727484352376914,1.0
USD/CAD,2025-12-08,1.3834600448608398,1.384850025177002,13.899803161621094,0.10037045823676478,1.0
USD/CAD,2025-12-09,1.3848999738693237,1.3845100402832031,3.8993358612060547,0.028164012883636735,1.0
USD/CAD,2025-12-10,1.3845499753952026,1.378600001335144,59.49974060058594,0.43159539056261237,1.0
USD/CAD,2025-12-11,1.3789399862289429,1.3775099515914917,14.300346374511719,0.10381301679882576,1.0
USD/CAD,2025-12-15,1.3767800331115723,1.3769500255584717,1.6999244689941406,0.012345578542726523,1.0
USD/CAD,2025-12-16,1.3769199848175049,1.375100016593933,18.199682235717773,0.1323516981753636,1.0
USD/CAD,2025-12-17,1.3756099939346313,1.3784500360488892,28.400421142578125,0.20603156008456772,1.0
USD/CAD,2025-12-18,1.3783799409866333,1.3778599500656128,5.199909210205078,0.03773902572578194,1.0
USD/CAD,2025-12-22,1.3790299892425537,1.3749099969863892,41.19992256164551,0.299655414914067,1.0
USD/CAD,2025-12-23,1.3748699426651,1.3684799671173096,63.89975547790527,0.4669396484663894,1.0
USD/CAD,2025-12-24,1.3685499429702759,1.3673499822616577,11.99960708618164,0.08775812514608554,1.0
USD/CAD,2025-12-29,1.3668299913406372,1.3687800168991089,19.500255584716797,0.1424644964418277,1.0
USD/CAD,2025-12-30,1.3687200546264648,1.3694599866867065,7.399320602416992,0.054030936824368464,1.0
USD/CAD,2025-12-31,1.3694700002670288,1.3717199563980103,22.499561309814453,0.16402445123635798,1.0
USD/CAD,2026-01-05,1.3746700286865234,1.3770999908447266,24.29962158203125,0.1764550268214411,1.0
USD/CAD,2026-01-06,1.3772499561309814,1.3815900087356567,43.40052604675293,0.31413462584656593,1.0
USD/CAD,2026-01-07,1.3815499544143677,1.3854999542236328,39.49999809265137,0.2850956289983081,1.0
USD/CAD,2026-01-08,1.3857899904251099,1.386430025100708,6.400346755981445,0.04616422495261912,1.0
USD/CAD,2026-01-12,1.3913899660110474,1.387619972229004,37.69993782043457,0.2716877716877717,1.0
USD/CAD,2026-01-13,1.3875700235366821,1.3886200189590454,10.499954223632812,0.07561430830807062,1.0
USD/CAD,2026-01-14,1.3886499404907227,1.3884199857711792,2.2995471954345703,0.016562331419893224,1.0
USD/CAD,2026-01-15,1.3884600400924683,1.3889100551605225,4.500150680541992,0.03240059112410911,1.0
USD/CAD,2026-01-19,1.3899400234222412,1.3874599933624268,24.80030059814453,0.17874605910648622,1.0
USD/CAD,2026-01-20,1.3874000310897827,1.3833600282669067,40.400028228759766,0.29204276112685934,1.0
USD/CAD,2026-01-21,1.3832999467849731,1.3843300342559814,10.300874710083008,0.07441054123787244,1.0
USD/CAD,2026-01-22,1.3843200206756592,1.3783600330352783,59.599876403808594,0.43239701511486855,1.0
USD/CAD,2026-01-26,1.3701900243759155,1.3712199926376343,10.2996826171875,0.0751132762976666,1.0
USD/CAD,2026-01-27,1.3711999654769897,1.359279990196228,119.19975280761719,0.8769330356316751,1.0
USD/CAD,2026-01-28,1.3591500520706177,1.3539400100708008,52.100419998168945,0.3848059708010585,1.0
USD/CAD,2026-01-29,1.353790044784546,1.3492499589920044,45.40085792541504,0.33648960018744817,1.0
USD/CAD,2026-02-02,1.3635799884796143,1.3674099445343018,38.299560546875,0.28008835755482725,1.0
USD/CAD,2026-02-03,1.3673700094223022,1.3639999628067017,33.70046615600586,0.2470708729834599,1.0
USD/CAD,2026-02-04,1.3639400005340576,1.3671599626541138,32.19962120056152,0.2355219731424208,1.0
USD/CAD,2026-02-05,1.366919994354248,1.3711700439453125,42.50049591064453,0.30995787939150465,1.0
USD/CAD,2026-02-09,1.3658900260925293,1.3560600280761719,98.29998016357422,0.7248940174354329,1.0
USD/CAD,2026-02-10,1.356220006942749,1.3553099632263184,9.10043716430664,0.06714653777533686,1.0
USD/CAD,2026-02-11,1.3552000522613525,1.3575600385665894,23.599863052368164,0.1738402897987968,1.0
USD/CAD,2026-02-12,1.3575400114059448,1.3611700534820557,36.3004207611084,0.26668542015192775,1.0
USD/CAD,2026-02-16,1.3617899417877197,1.3635799884796143,17.900466918945312,0.13127551790272496,1.0
USD/CAD,2026-02-17,1.3636200428009033,1.363759994506836,1.3995170593261719,0.010262194704078164,1.0
USD/CAD,2026-02-18,1.3637700080871582,1.3693000078201294,55.299997329711914,0.40385596300220056,1.0
USD/CAD,2026-02-19,1.3696099519729614,1.368299961090088,13.099908828735352,0.09573857488309073,1.0
USD/CAD,2026-02-23,1.3648500442504883,1.369439959526062,45.899152755737305,0.33516732468959176,1.0
USD/CAD,2026-02-24,1.369379997253418,1.3702199459075928,8.399486541748047,0.06130027932256144,1.0
USD/CAD,2026-02-25,1.3700300455093384,1.367400050163269,26.29995346069336,0.1923354723992669,1.0
USD/CAD,2026-02-26,1.3675800561904907,1.367300033569336,2.8002262115478516,0.02047996886416994,1.0
USD/CAD,2026-03-02,1.3668400049209595,1.3670799732208252,2.3996829986572266,0.017553347614357923,1.0
USD/CAD,2026-03-03,1.3671000003814697,1.3674099445343018,3.0994415283203125,0.022666512999332384,1.0
USD/CAD,2026-03-04,1.3674099445343018,1.3643900156021118,30.199289321899414,0.22133912573797546,1.0
USD/CAD,2026-03-05,1.364400029182434,1.366979956626892,25.799274444580078,0.18873191460861935,1.0
USD/CAD,2026-03-09,1.3602099418640137,1.3587900400161743,14.199018478393555,0.10449751661577189,1.0
USD/CAD,2026-03-10,1.358739972114563,1.3583199977874756,4.199743270874023,0.030918658914798076,1.0
USD/CAD,2026-03-11,1.3582899570465088,1.3601900339126587,19.000768661499023,0.13969201499618628,1.0
USD/CAD,2026-03-12,1.3601700067520142,1.3632999658584595,31.299591064453125,0.2295869716738679,1.0
USD/CAD,2026-03-16,1.3711700439453125,1.368649959564209,25.200843811035156,0.1841292116726423,1.0
USD/CAD,2026-03-17,1.368399977684021,1.3689500093460083,5.500316619873047,0.040179090414709344,1.0
USD/CAD,2026-03-18,1.3689500093460083,1.3728899955749512,39.39986228942871,0.2869848452273737,1.0
USD/CAD,2026-03-19,1.372939944267273,1.3736399412155151,6.999969482421875,0.05095927449683574,1.0
USD/CAD,2026-03-23,1.3709800243377686,1.3729599714279175,19.799470901489258,0.14421011037122403,1.0
USD/CAD,2026-03-24,1.3730700016021729,1.3757400512695312,26.700496673583984,0.19408097226612542,1.0
USD/CAD,2026-03-25,1.3757200241088867,1.3814300298690796,57.10005760192871,0.41334020809827177,1.0
USD/CAD,2026-03-26,1.3814200162887573,1.385349988937378,39.299726486206055,0.2836808517705378,1.0
USD/CAD,2026-03-30,1.3899500370025635,1.39274001121521,27.899742126464844,0.20032268694658548,1.0
USD/CAD,2026-03-31,1.3928300142288208,1.3911099433898926,17.200708389282227,0.123647368570791,1.0
USD/CAD,2026-04-01,1.3902900218963623,1.3874499797821045,28.400421142578125,0.2046950993291905,1.0
USD/CAD,2026-04-02,1.3876399993896484,1.3919399976730347,42.999982833862305,0.3089212387441068,1.0
USD/CAD,2026-04-06,1.394569993019104,1.391070008277893,34.999847412109375,0.2516037812894711,1.0
USD/CAD,2026-04-07,1.391160011291504,1.385740041732788,54.1996955871582,0.39112455406415625,1.0
USD/CAD,2026-04-08,1.3841999769210815,1.3846399784088135,4.400014877319336,0.03177732079046064,1.0
USD/CAD,2026-04-09,1.3850500583648682,1.3816499710083008,34.00087356567383,0.24608891020973037,1.0
USD/CAD,2026-04-13,1.3872699737548828,1.378790020942688,84.79952812194824,0.6150285890811005,1.0
USD/CAD,2026-04-14,1.378499984741211,1.3765499591827393,19.500255584716797,0.14166035496665985,1.0
USD/CAD,2026-04-15,1.3766100406646729,1.3733999729156494,32.100677490234375,0.23373145568138082,1.0
USD/CAD,2026-04-16,1.373129963874817,1.3697799444198608,33.50019454956055,0.24456625084950265,1.0
USD/CAD,2026-04-20,1.3704999685287476,1.3636000156402588,68.9995288848877,0.5060100329530282,1.0
USD/CAD,2026-04-21,1.364400029182434,1.3659000396728516,15.000104904174805,0.1098184674463257,1.0
USD/CAD,2026-04-22,1.3657599687576294,1.3666000366210938,8.400678634643555,0.06147137721007353,1.0
USD/CAD,2026-04-23,1.3669699430465698,1.3696800470352173,27.10103988647461,0.19786401901040312,1.0
USD/CAD,2026-04-27,1.3675999641418457,1.3622100353240967,53.899288177490234,0.39567531276237095,1.0
USD/CAD,2026-04-28,1.362149953842163,1.3680800199508667,59.30066108703613,0.4334590098696555,1.0
USD/CAD,2026-04-29,1.367900013923645,1.3680100440979004,1.100301742553711,0.008043082339203709,1.0
USD/CAD,2026-04-30,1.3671300411224365,1.3579800128936768,91.50028228759766,0.673796973584483,1.0
USD/CAD,2026-05-04,1.3588099479675293,1.3624199628829956,36.100149154663086,0.2649707882896264,1.0
USD/CAD,2026-05-05,1.3621100187301636,1.3611899614334106,9.200572967529297,0.06759213062253683,1.0
USD/CAD,2026-05-06,1.3603500127792358,1.363219976425171,28.699636459350586,0.21052828564477793,1.0
USD/CAD,2026-05-07,1.3636900186538696,1.3662500381469727,25.600194931030273,0.1873756209789497,1.0
USD/CAD,2026-05-11,1.368299961090088,1.3675899505615234,7.100105285644531,0.05191691619793839,1.0
USD/CAD,2026-05-12,1.367840051651001,1.3693000078201294,14.59956169128418,0.10662062081286405,1.0
USD/CAD,2026-05-13,1.369729995727539,1.370419979095459,6.899833679199219,0.05034831500160578,1.0
USD/CAD,2026-05-14,1.3704700469970703,1.371399998664856,9.299516677856445,0.06781038855848118,1.0
USD/CAD,2026-05-18,1.3761299848556519,1.373710036277771,24.199485778808594,0.1761615271034923,1.0
USD/CAD,2026-05-19,1.3738700151443481,1.3743599653244019,4.899501800537109,0.035649334411313696,1.0
USD/CAD,2026-05-20,1.374709963798523,1.374500036239624,2.099275588989258,0.015273012249111937,1.0
USD/CAD,2026-05-21,1.3747700452804565,1.3775099515914917,27.399063110351562,0.1989028324528352,1.0
USD/CAD,2026-05-25,1.380210041999817,1.3803000450134277,0.9000301361083984,0.006520539786692848,1.0
USD/CAD,2026-05-26,1.3804099559783936,1.3805999755859375,1.9001960754394531,0.013763552868621447,1.0
USD/CAD,2026-05-27,1.3807799816131592,1.3838499784469604,30.699968338012695,0.22184462778592548,1.0
USD/CAD,2026-05-28,1.384310007095337,1.378000020980835,63.09986114501953,0.4579089998859812,1.0
USD/CAD,2026-06-01,1.3796299695968628,1.3840500116348267,44.20042037963867,0.3193556591746967,1.0
USD/CAD,2026-06-02,1.3839199542999268,1.3839199542999268,0.0,0.0,1.0
USD/CAD,2026-06-03,1.3844499588012695,1.3891299962997437,46.80037498474121,0.3369042142161238,1.0
USD/CAD,2026-06-04,1.3893200159072876,1.3903000354766846,9.800195693969727,0.07048978956984338,1.0
USD/CAD,2026-06-08,1.3944400548934937,1.3952000141143799,7.599592208862305,0.054469553698264825,1.0
USD/CAD,2026-06-09,1.3956300020217896,1.3952200412750244,4.099607467651367,0.02938323236745462,1.0
USD/CAD,2026-06-10,1.3953800201416016,1.3941999673843384,11.800527572631836,0.08464013662811104,1.0
USD/CAD,2026-06-11,1.3946800231933594,1.3962600231170654,15.799999237060547,0.11315943288119079,1.0
USD/CAD,2026-06-15,1.3963600397109985,1.399209976196289,28.499364852905273,0.20368183001653514,1.0
USD/CAD,2026-06-16,1.3990000486373901,1.399109959602356,1.0991096496582031,0.00785577746848849,1.0
USD/CAD,2026-06-17,1.3995699882507324,1.409600019454956,100.30031204223633,0.7115515795822634,1.0
USD/CAD,2026-06-18,1.409980058670044,1.413409948348999,34.29889678955078,0.2426677188003045,1.0
USD/CAD,2026-06-22,1.41743004322052,1.4149999618530273,24.300813674926758,0.17173720374595194,1.0
USD/CAD,2026-06-23,1.4158400297164917,1.4210599660873413,52.199363708496094,0.3673269598342046,1.0
USD/CAD,2026-06-24,1.4209599494934082,1.4234299659729004,24.700164794921875,0.17352567660776733,1.0
USD/CAD,2026-06-25,1.4235199689865112,1.4189900159835815,45.299530029296875,0.3192378347912281,1.0
USD/CAD,2026-06-29,1.4189800024032593,1.4198999404907227,9.199380874633789,0.06478893767299158,1.0
USD/CAD,2026-06-30,1.4208999872207642,1.4194999933242798,13.99993896484375,0.09862584734542872,1.0
USD/CAD,2026-07-01,1.4205000400543213,1.4213999509811401,8.999109268188477,0.06331159123775629,1.0
USD/CAD,2026-07-02,1.4217300415039062,1.4184399843215942,32.90057182312012,0.23194898752699553,1.0
USD/CAD,2026-07-06,1.4204200506210327,1.420199990272522,2.200603485107422,0.01549502534981111,1.0
USD/CAD,2026-07-07,1.4207799434661865,1.419700026512146,10.799169540405273,0.07606655870068678,1.0
USD/CAD,2026-07-08,1.4203499555587769,1.4169299602508545,34.19995307922363,0.24136657448593185,1.0
USD/CAD,2026-07-09,1.416700005531311,1.4168800115585327,1.8000602722167969,0.012704394567870115,1.0
USD/CAD,2026-07-13,1.4163399934768677,1.4152400493621826,10.999441146850586,0.0777213812724406,1.0
USD/CAD,2026-07-14,1.4149399995803833,1.4055999517440796,93.40047836303711,0.6644883435514141,1.0
USD/CAD,2026-07-15,1.405150055885315,1.403499960899353,16.50094985961914,0.11757000583773045,1.0
USD/CAD,2026-07-16,1.4037100076675415,1.4041999578475952,4.899501800537109,0.03489176718141503,1.0
USD/CAD,2026-07-20,1.4019099473953247,1.4076900482177734,57.801008224487305,0.4106089142113857,1.0
USD/CAD,2026-07-21,1.4071300029754639,1.4108699560165405,37.3995304107666,0.2650813439699338,1.0
USD/CAD,2026-07-22,1.4105099439620972,1.408810019493103,16.999244689941406,0.12066385427935712,1.0
USD/CAD,2026-07-23,1.4085500240325928,1.4081900119781494,3.6001205444335938,0.025565587838365208,1.0
USD/CAD,2026-07-27,1.4086500406265259,1.4122099876403809,35.599470138549805,0.25208340438118476,1.0
USD/CAD,2026-07-28,1.4124200344085693,1.4104599952697754,19.600391387939453,0.13896453251898527,1.0
USD/CAD,2026-07-29,1.4106099605560303,1.4036999940872192,69.09966468811035,0.4922680414559924,1.0
USD/CAD,2026-07-30,1.4035799503326416,1.4005000591278076,30.798912048339844,0.21991367902919295,1.0
USD/CAD,2026-08-03,1.4012999534606934,1.404520034790039,32.20081329345703,0.22926560316578692,1.0
USD/CAD,2026-08-04,1.4046299457550049,1.4063999652862549,17.7001953125,0.12585463416800746,1.0
USD/CAD,2026-08-05,1.4065500497817993,1.4009499549865723,56.00094795227051,0.39973553482720414,1.0
USD/CAD,2026-08-06,1.4010200500488281,1.4011000394821167,0.7998943328857422,0.005709045109879549,1.0
USD/CAD,2026-08-10,1.3950899839401245,1.3937400579452515,13.499259948730469,0.09685636766896129,1.0
USD/CAD,2026-08-11,1.3933600187301636,1.3919199705123901,14.400482177734375,0.10345768781831116,1.0
USD/CAD,2026-08-12,1.3918999433517456,1.3939800262451172,20.80082893371582,0.1492189883792367,1.0
USD/CAD,2026-08-13,1.3940600156784058,1.3929799795150757,10.800361633300781,0.07753422010458903,1.0
USD/CAD,2026-08-17,1.3871899843215942,1.3869999647140503,1.9001960754394531,0.013700044151271521,1.0
USD/CAD,2026-08-18,1.386970043182373,1.3897700309753418,27.9998779296875,0.20147130320573367,1.0
USD/CAD,2026-08-19,1.3897900581359863,1.3806999921798706,90.90065956115723,0.6583664813211294,1.0
USD/CAD,2026-08-20,1.3810399770736694,1.3782000541687012,28.399229049682617,0.20606028104397647,1.0
USD/CAD,2026-08-24,1.3792799711227417,1.3842699527740479,49.89981651306152,0.3604774951089803,1.0
USD/CAD,2026-08-25,1.3840800523757935,1.383389949798584,6.901025772094727,0.04988489162509449,1.0
USD/CAD,2026-08-26,1.383620023727417,1.3875800371170044,39.60013389587402,0.28538990787264285,1.0
USD/CAD,2026-08-27,1.3875000476837158,1.3847999572753906,27.000904083251953,0.1949805381015214,1.0
USD/CAD,2026-08-31,1.3899099826812744,1.3854600191116333,44.49963569641113,0.3211903272744356,1.0
USD/CAD,2026-09-01,1.38510000705719,1.3894599676132202,43.599605560302734,0.313788137669033,1.0
USD/CAD,2026-09-02,1.3894100189208984,1.3844000101089478,50.100088119506836,0.3618902611504902,1.0
USD/CAD,2026-09-03,1.3844900131225586,1.378999948501587,54.9006462097168,0.3981192767220297,1.0
USD/CAD,2026-09-07,1.383370041847229,1.3806999921798706,26.700496673583984,0.19338376783379874,1.0
AUD/USD,2024-09-09,0.6670802235603333,0.6666222214698792,4.580020904541016,0.06870489397191451,1.0
AUD/USD,2024-09-10,0.6657878756523132,0.665490984916687,2.968907356262207,0.04461228511809045,1.0
AUD/USD,2024-09-11,0.6653298139572144,0.6677974462509155,24.67632293701172,0.36951807880588894,1.0
AUD/USD,2024-09-12,0.6676998138427734,0.6727211475372314,50.21333694458008,0.7464212642698443,1.0
AUD/USD,2024-09-16,0.6713797450065613,0.675119161605835,37.394165992736816,0.5538898629953154,1.0
AUD/USD,2024-09-17,0.6751897931098938,0.675890326499939,7.00533390045166,0.10364601512686826,1.0
AUD/USD,2024-09-18,0.6762696504592896,0.6770206093788147,7.509589195251465,0.11092113136912808,1.0
AUD/USD,2024-09-19,0.676369845867157,0.681166410446167,47.9656457901001,0.7041692757381033,1.0
AUD/USD,2024-09-23,0.6809993982315063,0.683578372001648,25.789737701416016,0.3772755072091989,1.0
AUD/USD,2024-09-24,0.6834102272987366,0.6899787783622742,65.68551063537598,0.9519932017516011,1.0
AUD/USD,2024-09-25,0.6905400156974792,0.6823703050613403,81.69710636138916,1.1972547128064894,1.0
AUD/USD,2024-09-26,0.6821599006652832,0.6899406909942627,77.80790328979492,1.1277477079612042,1.0
AUD/USD,2024-09-30,0.6918787360191345,0.6918500065803528,0.2872943878173828,0.0041525530835420455,1.0
AUD/USD,2024-10-01,0.6915801763534546,0.6883592009544373,32.20975399017334,0.46792073012917157,1.0
AUD/USD,2024-10-02,0.6879992485046387,0.6885819435119629,5.8269500732421875,0.08462246400948437,1.0
AUD/USD,2024-10-03,0.6887099742889404,0.6846782565116882,40.31717777252197,0.5888485195649514,1.0
AUD/USD,2024-10-07,0.6800592541694641,0.675369918346405,46.89335823059082,0.6943359032840233,1.0
AUD/USD,2024-10-08,0.6755999326705933,0.674900472164154,6.99460506439209,0.10363906017079824,1.0
AUD/USD,2024-10-09,0.6739597916603088,0.6715916991233826,23.680925369262695,0.3526089646458259,1.0
AUD/USD,2024-10-10,0.6717401146888733,0.6742360591888428,24.959444999694824,0.3701885216540174,1.0
AUD/USD,2024-10-14,0.6731105446815491,0.6726396679878235,4.708766937255859,0.07000430039075692,1.0
AUD/USD,2024-10-15,0.6725999116897583,0.6699270009994507,26.729106903076172,0.3989853650203612,1.0
AUD/USD,2024-10-16,0.6682080030441284,0.6663512587547302,18.567442893981934,0.27864347294369285,1.0
AUD/USD,2024-10-17,0.6664889454841614,0.6698507070541382,33.617615699768066,0.5018672869304153,1.0
AUD/USD,2024-10-21,0.6716818809509277,0.6654289960861206,62.52884864807129,0.9396772460450271,1.0
AUD/USD,2024-10-22,0.6653094291687012,0.6683464646339417,30.370354652404785,0.45441034342927,1.0
AUD/USD,2024-10-23,0.6685997843742371,0.6633895039558411,52.10280418395996,0.7854029024165601,1.0
AUD/USD,2024-10-24,0.663599967956543,0.6634203791618347,1.7958879470825195,0.027070135369544186,1.0
AUD/USD,2024-10-28,0.6603406071662903,0.658288836479187,20.517706871032715,0.3116824368581165,1.0
AUD/USD,2024-10-29,0.6582671999931335,0.6560302376747131,22.3696231842041,0.340984636066362,1.0
AUD/USD,2024-10-30,0.6563001871109009,0.6573282480239868,10.280609130859375,0.15639992898166488,1.0
AUD/USD,2024-10-31,0.6572798490524292,0.6578384637832642,5.586147308349609,0.08491670244125553,1.0
AUD/USD,2024-11-04,0.6591914296150208,0.6584969162940979,6.945133209228516,0.10546948721209622,1.0
AUD/USD,2024-11-05,0.6584101915359497,0.6643988490104675,59.88657474517822,0.9013648177502294,1.0
AUD/USD,2024-11-06,0.6641499996185303,0.6569266319274902,72.23367691040039,1.0995699275954052,1.0
AUD/USD,2024-11-07,0.6567001342773438,0.6677395105361938,110.39376258850098,1.6532459266916069,1.0
AUD/USD,2024-11-11,0.65845787525177,0.6579077243804932,5.501508712768555,0.08362128166148149,1.0
AUD/USD,2024-11-12,0.6577605605125427,0.6529802083969116,47.803521156311035,0.7320822368210866,1.0
AUD/USD,2024-11-13,0.6529401540756226,0.6493970155715942,35.4313850402832,0.5456043712966062,1.0
AUD/USD,2024-11-14,0.6492705345153809,0.6455986499786377,36.71884536743164,0.5687565388906348,1.0
AUD/USD,2024-11-18,0.6463413834571838,0.6506900787353516,43.486952781677246,0.6683205139103442,1.0
AUD/USD,2024-11-19,0.650590181350708,0.6540778279304504,34.876465797424316,0.5332158392797991,1.0
AUD/USD,2024-11-20,0.6541501879692078,0.651338517665863,28.116703033447266,0.43167573037452617,1.0
AUD/USD,2024-11-21,0.6513999700546265,0.6510373950004578,3.6257505416870117,0.05569189373038183,1.0
AUD/USD,2024-11-25,0.6539880037307739,0.6468179821968079,71.70021533966064,1.1085068336557835,1.0
AUD/USD,2024-11-26,0.646379828453064,0.6475677490234375,11.879205703735352,0.18344344235255308,1.0
AUD/USD,2024-11-27,0.6475173830986023,0.6497894525527954,22.720694541931152,0.34966240914914043,1.0
AUD/USD,2024-11-28,0.6497219204902649,0.6507874727249146,10.655522346496582,0.1637327513678284,1.0
AUD/USD,2024-12-02,0.6502415537834167,0.6477103233337402,25.312304496765137,0.3907966815548604,1.0
AUD/USD,2024-12-03,0.6475300192832947,0.6487187743186951,11.887550354003906,0.18324659042724,1.0
AUD/USD,2024-12-04,0.6485504508018494,0.6432523131370544,52.98137664794922,0.8236484434788305,1.0
AUD/USD,2024-12-05,0.6432936787605286,0.6450905799865723,17.96901226043701,0.2785502194251704,1.0
AUD/USD,2024-12-09,0.639991819858551,0.6438196301460266,38.27810287475586,0.5945469986069529,1.0
AUD/USD,2024-12-10,0.643790602684021,0.637690007686615,61.00594997406006,0.9566709410325385,1.0
AUD/USD,2024-12-11,0.6376001834869385,0.6384391784667969,8.389949798583984,0.13141345458673662,1.0
AUD/USD,2024-12-12,0.6383902430534363,0.6372105479240417,11.796951293945312,0.18513427519959322,1.0
AUD/USD,2024-12-16,0.6367115378379822,0.637738823890686,10.272860527038574,0.1610825645577982,1.0
AUD/USD,2024-12-17,0.6376400589942932,0.6339988112449646,36.41247749328613,0.5743303748753729,1.0
AUD/USD,2024-12-18,0.6341153979301453,0.6206477284431458,134.67669486999512,2.1699377714282915,1.0
AUD/USD,2024-12-19,0.6206199526786804,0.6232470870018005,26.271343231201172,0.421523722759498,1.0
AUD/USD,2024-12-23,0.6252892017364502,0.6244965195655823,7.926821708679199,0.12693139930056496,1.0
AUD/USD,2024-12-24,0.6244925856590271,0.6243366599082947,1.5592575073242188,0.024974626791149014,1.0
AUD/USD,2024-12-25,0.6239081621170044,0.6244925856590271,5.844235420227051,0.09358374389760975,1.0
AUD/USD,2024-12-26,0.6244574785232544,0.6223976016044617,20.598769187927246,0.33095836383087346,1.0
AUD/USD,2024-12-30,0.6225099563598633,0.6219369769096375,5.729794502258301,0.09212821740764249,1.0
AUD/USD,2024-12-31,0.621999979019165,0.6195287704467773,24.712085723876953,0.39888519956959645,1.0
AUD/USD,2025-01-02,0.6194201707839966,0.6201781034469604,7.579326629638672,0.12221209661406371,1.0
AUD/USD,2025-01-06,0.6220104694366455,0.623927652835846,19.171833992004395,0.3072765553003701,1.0
AUD/USD,2025-01-07,0.623910129070282,0.6235969066619873,3.1322240829467773,0.05022834541808526,1.0
AUD/USD,2025-01-08,0.6234919428825378,0.6211951971054077,22.96745777130127,0.3697301247389398,1.0
AUD/USD,2025-01-09,0.6211604475975037,0.619037926197052,21.2252140045166,0.3428742102266638,1.0
AUD/USD,2025-01-13,0.6154982447624207,0.6192486882209778,37.50443458557129,0.6056441507097371,1.0
AUD/USD,2025-01-14,0.6192100048065186,0.6193100810050964,1.0007619857788086,0.016159303981531235,1.0
AUD/USD,2025-01-15,0.619160532951355,0.6236474514007568,44.869184494018555,0.7194639277886754,1.0
AUD/USD,2025-01-16,0.6235401034355164,0.621056318283081,24.837851524353027,0.3999291335287856,1.0
AUD/USD,2025-01-20,0.6195403337478638,0.6282985806465149,87.58246898651123,1.3939625471760493,1.0
AUD/USD,2025-01-21,0.6281000375747681,0.6263779997825623,17.220377922058105,0.2749199034454579,1.0
AUD/USD,2025-01-22,0.6262015104293823,0.6273880004882812,11.864900588989258,0.1891158354918342,1.0
AUD/USD,2025-01-23,0.6275002360343933,0.6283380389213562,8.378028869628906,0.13333633093439876,1.0
AUD/USD,2025-01-27,0.6292909979820251,0.6264054775238037,28.855204582214355,0.4606473860394658,1.0
AUD/USD,2025-01-28,0.6263799667358398,0.6254573464393616,9.226202964782715,0.14751130540405605,1.0
AUD/USD,2025-01-29,0.6254573464393616,0.6240483522415161,14.08994197845459,0.2257828568546812,1.0
AUD/USD,2025-01-30,0.6239782571792603,0.621627688407898,23.505687713623047,0.3781312858477299,1.0
AUD/USD,2025-02-03,0.614420473575592,0.6217899918556213,73.69518280029297,1.1852101797322732,1.0
AUD/USD,2025-02-04,0.6217397451400757,0.6251367330551147,33.969879150390625,0.5433991853970241,1.0
AUD/USD,2025-02-05,0.6251093745231628,0.6284881234169006,33.78748893737793,0.5375994816526608,1.0
AUD/USD,2025-02-06,0.6285473704338074,0.6281880736351013,3.592967987060547,0.05719573703889851,1.0
AUD/USD,2025-02-10,0.6258898973464966,0.6271873116493225,12.974143028259277,0.2068623326282065,1.0
AUD/USD,2025-02-11,0.6271283030509949,0.62989741563797,27.691125869750977,0.4396132637201722,1.0
AUD/USD,2025-02-12,0.629830002784729,0.6282867193222046,15.43283462524414,0.24563362793810242,1.0
AUD/USD,2025-02-13,0.6282985806465149,0.6318077445030212,35.09163856506348,0.5554164042839723,1.0
AUD/USD,2025-02-17,0.6356511116027832,0.6356188058853149,0.3230571746826172,0.005082561618557689,1.0
AUD/USD,2025-02-18,0.6356107592582703,0.6353482007980347,2.625584602355957,0.04132512847377341,1.0
AUD/USD,2025-02-19,0.6353119015693665,0.6342360973358154,10.758042335510254,0.16962204423085814,1.0
AUD/USD,2025-02-20,0.6341274976730347,0.6403688788414001,62.413811683654785,0.974654043097444,1.0
AUD/USD,2025-02-24,0.6370319724082947,0.6338983178138733,31.336545944213867,0.4943465704765442,1.0
AUD/USD,2025-02-25,0.6338099837303162,0.6352877020835876,14.777183532714844,0.23260616385693145,1.0
AUD/USD,2025-02-26,0.6352877020835876,0.6311497688293457,41.379332542419434,0.6556182793058718,1.0
AUD/USD,2025-02-27,0.6310780644416809,0.6231772303581238,79.00834083557129,1.2678309955286273,1.0
AUD/USD,2025-03-03,0.6220685243606567,0.6215890049934387,4.795193672180176,0.0771441198872363,1.0
AUD/USD,2025-03-04,0.6215812563896179,0.626837432384491,52.56175994873047,0.8385229922977864,1.0
AUD/USD,2025-03-05,0.6269985437393188,0.6338501572608948,68.51613521575928,1.0809516165751745,1.0
AUD/USD,2025-03-06,0.6338099837303162,0.6333082318305969,5.017518997192383,0.07922712425021051,1.0
AUD/USD,2025-03-10,0.6303898096084595,0.6280972957611084,22.925138473510742,0.3649934274232272,1.0
AUD/USD,2025-03-11,0.6279513835906982,0.6297705173492432,18.19133758544922,0.28885660862655305,1.0
AUD/USD,2025-03-12,0.6295286417007446,0.633015513420105,34.868717193603516,0.5508351131114011,1.0
AUD/USD,2025-03-13,0.6327592134475708,0.6287963390350342,39.62874412536621,0.6302317883431291,1.0
AUD/USD,2025-03-17,0.6326191425323486,0.6382883787155151,56.69236183166504,0.8881935457724008,1.0
AUD/USD,2025-03-18,0.638198733329773,0.6362172961235046,19.814372062683105,0.31144032366634483,1.0
AUD/USD,2025-03-19,0.6361202001571655,0.6364561915397644,3.3599138259887695,0.05279096771547158,1.0
AUD/USD,2025-03-20,0.6364116668701172,0.6303779482841492,60.337185859680176,0.9571588921204234,1.0
AUD/USD,2025-03-24,0.6288319230079651,0.6286777853965759,1.5413761138916016,0.02451774421962893,1.0
AUD/USD,2025-03-25,0.6285908222198486,0.6307198405265808,21.290183067321777,0.3375537235287675,1.0
AUD/USD,2025-03-26,0.6309000849723816,0.628867506980896,20.325779914855957,0.3232124364707147,1.0
AUD/USD,2025-03-27,0.6287015080451965,0.6302071213722229,15.056133270263672,0.23890769811487073,1.0
AUD/USD,2025-03-31,0.6282907128334045,0.6245003938674927,37.90318965911865,0.6069362010228132,1.0
AUD/USD,2025-04-01,0.6241885423660278,0.6289189457893372,47.30403423309326,0.7521483420049208,1.0
AUD/USD,2025-04-02,0.6289584636688232,0.6255160570144653,34.4240665435791,0.5503306615002376,1.0
AUD/USD,2025-04-03,0.6264698505401611,0.6331799030303955,67.10052490234375,1.0597387027162584,1.0
AUD/USD,2025-04-07,0.5987701416015625,0.5994665026664734,6.963610649108887,0.11616346565044432,1.0
AUD/USD,2025-04-08,0.5997613072395325,0.5956990718841553,40.62235355377197,0.6819274273046332,1.0
AUD/USD,2025-04-09,0.595528781414032,0.6150439381599426,195.15156745910645,3.172969528696617,1.0
AUD/USD,2025-04-10,0.6133614778518677,0.6225875020027161,92.26024150848389,1.4818839313623324,1.0
AUD/USD,2025-04-14,0.6301316618919373,0.6324710845947266,23.394227027893066,0.3698861117561377,1.0
AUD/USD,2025-04-15,0.631991446018219,0.6342763304710388,22.848844528198242,0.3602348602734361,1.0
AUD/USD,2025-04-16,0.6337898373603821,0.6378974914550781,41.07654094696045,0.6439363925583509,1.0
AUD/USD,2025-04-17,0.6372998952865601,0.6419473886489868,46.47493362426758,0.7239679519855452,1.0
AUD/USD,2025-04-22,0.6421988606452942,0.6363347172737122,58.64143371582031,0.9215501232914245,1.0
AUD/USD,2025-04-23,0.6376200914382935,0.636658787727356,9.613037109375,0.15099198023622828,1.0
AUD/USD,2025-04-24,0.6365291476249695,0.6410256624221802,44.965147972106934,0.7014562849512387,1.0
AUD/USD,2025-04-28,0.63840651512146,0.6433971524238586,49.906373023986816,0.7756697839891804,1.0
AUD/USD,2025-04-29,0.6428800821304321,0.638806164264679,40.73917865753174,0.6377392851934366,1.0
AUD/USD,2025-04-30,0.6386919617652893,0.6410667300224304,23.747682571411133,0.3704401033349558,1.0
AUD/USD,2025-05-01,0.6413093209266663,0.6387694478034973,25.398731231689453,0.397619693913457,1.0
AUD/USD,2025-05-05,0.644558310508728,0.6470188498497009,24.605393409729004,0.3802886641624847,1.0
AUD/USD,2025-05-06,0.6461409330368042,0.6513809561729431,52.40023136138916,0.8044483165313292,1.0
AUD/USD,2025-05-07,0.6506688594818115,0.6430371999740601,76.31659507751465,1.1868146209984933,1.0
AUD/USD,2025-05-08,0.6434799432754517,0.6403278708457947,31.520724296569824,0.4922591336674883,1.0
AUD/USD,2025-05-12,0.642091691493988,0.6376087069511414,44.8298454284668,0.7030933696440569,1.0
AUD/USD,2025-05-13,0.6371780633926392,0.6478362679481506,106.58204555511475,1.6452003512042492,1.0
AUD/USD,2025-05-14,0.6472617387771606,0.6429214477539062,43.402910232543945,0.6750888523656386,1.0
AUD/USD,2025-05-15,0.6428800821304321,0.6407381296157837,21.419525146484375,0.33429452933179604,1.0
AUD/USD,2025-05-19,0.6410001516342163,0.6457445621490479,47.44410514831543,0.7347193910610833,1.0
AUD/USD,2025-05-20,0.6455819606781006,0.642260730266571,33.21230411529541,0.5171155972981659,1.0
AUD/USD,2025-05-21,0.6425999999046326,0.6433350443840027,7.350444793701172,0.11425531467416435,1.0
AUD/USD,2025-05-22,0.6433101892471313,0.641354501247406,19.556879997253418,0.30493089171770305,1.0
AUD/USD,2025-05-26,0.6501189470291138,0.6486977338790894,14.21213150024414,0.21908711496891306,1.0
AUD/USD,2025-05-27,0.6481007933616638,0.6452070474624634,28.937458992004395,0.4484988052410867,1.0
AUD/USD,2025-05-28,0.6447120904922485,0.6434799432754517,12.32147216796875,0.19148183710668276,1.0
AUD/USD,2025-05-29,0.6425207257270813,0.6448701024055481,23.49376678466797,0.36431781682899494,1.0
AUD/USD,2025-06-02,0.644321620464325,0.649819016456604,54.97395992279053,0.8459887835009484,1.0
AUD/USD,2025-06-03,0.6498401165008545,0.6468473076820374,29.928088188171387,0.46267624264245627,1.0
AUD/USD,2025-06-04,0.646608829498291,0.649726152420044,31.173229217529297,0.47979027935720214,1.0
AUD/USD,2025-06-05,0.6490682363510132,0.6512281894683838,21.599531173706055,0.33167377461559777,1.0
AUD/USD,2025-06-09,0.6500217914581299,0.6520690321922302,20.472407341003418,0.31396073621493714,1.0
AUD/USD,2025-06-10,0.6518101692199707,0.652826726436615,10.165572166442871,0.1557162376290959,1.0
AUD/USD,2025-06-11,0.6527202129364014,0.6510416865348816,16.785264015197754,0.25782164740534524,1.0
AUD/USD,2025-06-12,0.6509501338005066,0.6533812284469604,24.310946464538574,0.37207904675076026,1.0
AUD/USD,2025-06-16,0.6499997973442078,0.6522986888885498,22.98891544342041,0.3524292756527101,1.0
AUD/USD,2025-06-17,0.6511001586914062,0.6471654176712036,39.34741020202637,0.6079961803833137,1.0
AUD/USD,2025-06-18,0.6479797959327698,0.6512197256088257,32.39929676055908,0.49751712803645437,1.0
AUD/USD,2025-06-19,0.6507408618927002,0.648382306098938,23.58555793762207,0.36376004890582414,1.0
AUD/USD,2025-06-23,0.6446704864501953,0.6475006341934204,28.301477432250977,0.43708802644657796,1.0
AUD/USD,2025-06-24,0.6477800011634827,0.6493759751319885,15.959739685058594,0.24577040568546912,1.0
AUD/USD,2025-06-25,0.6495999097824097,0.6517673134803772,21.674036979675293,0.3325425582319853,1.0
AUD/USD,2025-06-26,0.6523114442825317,0.6549775004386902,26.660561561584473,0.40704545642755346,1.0
AUD/USD,2025-06-30,0.6533215045928955,0.6586877703666687,53.662657737731934,0.8146903609256293,1.0
AUD/USD,2025-07-01,0.6578081846237183,0.6584275364875793,6.19351863861084,0.09406530400673294,1.0
AUD/USD,2025-07-02,0.6583105325698853,0.6590567231178284,7.461905479431152,0.11322099020750127,1.0
AUD/USD,2025-07-03,0.6582901477813721,0.6576567888259888,6.333589553833008,0.09630539304763157,1.0
AUD/USD,2025-07-07,0.6551792025566101,0.6501950621604919,49.84140396118164,0.7665607886280588,1.0
AUD/USD,2025-07-08,0.6506096124649048,0.6535093188285828,28.997063636779785,0.4437130856642886,1.0
AUD/USD,2025-07-09,0.6524518728256226,0.6541377305984497,16.858577728271484,0.25772214229025,1.0
AUD/USD,2025-07-10,0.6535905003547668,0.6595001220703125,59.09621715545654,0.896075909280211,1.0
AUD/USD,2025-07-14,0.6578081846237183,0.6549603343009949,28.478503227233887,0.4348126403353496,1.0
AUD/USD,2025-07-15,0.6544716358184814,0.6518182158470154,26.534199714660645,0.40707975121837253,1.0
AUD/USD,2025-07-16,0.651898980140686,0.6528778672218323,9.788870811462402,0.149934180693192,1.0
AUD/USD,2025-07-17,0.6525000333786011,0.6498570442199707,26.42989158630371,0.40670316374007687,1.0
AUD/USD,2025-07-21,0.6512112617492676,0.6526392698287964,14.280080795288086,0.21880511111496723,1.0
AUD/USD,2025-07-22,0.6528096795082092,0.6553896069526672,25.799274444580078,0.3936479030318728,1.0
AUD/USD,2025-07-23,0.6554712057113647,0.6604801416397095,50.089359283447266,0.75837797574194,1.0
AUD/USD,2025-07-24,0.6603999137878418,0.6596784591674805,7.214546203613281,0.10936458669149356,1.0
AUD/USD,2025-07-28,0.6572980284690857,0.6528096795082092,44.88348960876465,0.6875432613465137,1.0
AUD/USD,2025-07-29,0.6524008512496948,0.6515973806381226,8.034706115722656,0.1233078332490242,1.0
AUD/USD,2025-07-30,0.651321530342102,0.6450281143188477,62.934160232543945,0.9756808863905517,1.0
AUD/USD,2025-07-31,0.6447120904922485,0.6430578231811523,16.542673110961914,0.2572501649871347,1.0
AUD/USD,2025-08-04,0.6469100117683411,0.6474084258079529,4.984140396118164,0.07698602918085373,1.0
AUD/USD,2025-08-05,0.6474796533584595,0.6474084258079529,0.712275505065918,0.011001949876957691,1.0
AUD/USD,2025-08-06,0.6472994685173035,0.6508170962333679,35.17627716064453,0.5404940553072246,1.0
AUD/USD,2025-08-07,0.6500217914581299,0.6528778672218323,28.560757637023926,0.43745942496959644,1.0
AUD/USD,2025-08-11,0.6517715454101562,0.6515506505966187,2.2089481353759766,0.033902938065571174,1.0
AUD/USD,2025-08-12,0.6514403223991394,0.653082549571991,16.422271728515625,0.25145782473101214,1.0
AUD/USD,2025-08-13,0.6529802083969116,0.6548359990119934,18.55790615081787,0.28339776949981,1.0
AUD/USD,2025-08-14,0.6551706194877625,0.6500259637832642,51.44655704498291,0.7914538789428502,1.0
AUD/USD,2025-08-18,0.651296079158783,0.649645984172821,16.50094985961914,0.25399910507611945,1.0
AUD/USD,2025-08-19,0.6494801044464111,0.6457028388977051,37.77265548706055,0.584985123366395,1.0
AUD/USD,2025-08-20,0.6454598307609558,0.6436249017715454,18.349289894104004,0.2850929142672774,1.0
AUD/USD,2025-08-21,0.6436100006103516,0.642632246017456,9.777545928955078,0.15214838641460715,1.0
AUD/USD,2025-08-25,0.6484898924827576,0.6485504508018494,0.6055831909179688,0.009337487780160246,1.0
AUD/USD,2025-08-26,0.6481099724769592,0.6498570442199707,17.470717430114746,0.2688393945330701,1.0
AUD/USD,2025-08-27,0.6495801210403442,0.6510416865348816,14.615654945373535,0.22449645310984945,1.0
AUD/USD,2025-08-28,0.6511399745941162,0.653082549571991,19.42574977874756,0.29744708064054937,1.0
AUD/USD,2025-09-01,0.6543598771095276,0.6556516885757446,12.91811466217041,0.1970270936117331,1.0
AUD/USD,2025-09-02,0.6556801199913025,0.6520605087280273,36.196112632751465,0.5551035854534285,1.0
AUD/USD,2025-09-03,0.6518301367759705,0.6543217897415161,24.916529655456543,0.3807993260517824,1.0
AUD/USD,2025-09-04,0.6544399857521057,0.6519755125045776,24.64473247528076,0.3780008911777607,1.0
AUD/USD,2025-09-08,0.655450165271759,0.6596741080284119,42.23942756652832,0.6403074950564694,1.0
AUD/USD,2025-09-09,0.6598090529441833,0.6588483452796936,9.607076644897461,0.14581620662368172,1.0
AUD/USD,2025-09-10,0.6584700345993042,0.6620762348175049,36.062002182006836,0.5446805108772254,1.0
AUD/USD,2025-09-11,0.6619316339492798,0.6664889454841614,45.57311534881592,0.6837790132544506,1.0
AUD/USD,2025-09-15,0.6648998260498047,0.6672894954681396,23.89669418334961,0.3581158454560234,1.0
AUD/USD,2025-09-16,0.6673001646995544,0.6685832738876343,12.83109188079834,0.19191464073261877,1.0
AUD/USD,2025-09-17,0.6688998937606812,0.6658676266670227,30.322670936584473,0.4553858713384753,1.0
AUD/USD,2025-09-18,0.6652501225471497,0.6616820096969604,35.68112850189209,0.5392488835873513,1.0
AUD/USD,2025-09-22,0.6589308381080627,0.6600660085678101,11.351704597473145,0.1719783241391828,1.0
AUD/USD,2025-09-23,0.660199761390686,0.6602402925491333,0.40531158447265625,0.0061388495831991964,1.0
AUD/USD,2025-09-24,0.6597799062728882,0.6588049530982971,9.749531745910645,0.14798813670206215,1.0
AUD/USD,2025-09-25,0.6586921215057373,0.6541078090667725,45.84312438964844,0.700849672702328,1.0
AUD/USD,2025-09-29,0.6553998589515686,0.6580246090888977,26.247501373291016,0.3988832789951938,1.0
AUD/USD,2025-09-30,0.6581978797912598,0.6614631414413452,32.65261650085449,0.49364226749964635,1.0
AUD/USD,2025-10-01,0.6610700488090515,0.6614631414413452,3.9309263229370117,0.059427745503270554,1.0
AUD/USD,2025-10-02,0.6615498065948486,0.6598047018051147,17.451047897338867,0.2644880803303725,1.0
AUD/USD,2025-10-06,0.6593101024627686,0.6620324850082397,27.223825454711914,0.4112158552819819,1.0
AUD/USD,2025-10-07,0.6616500020027161,0.6586747169494629,29.75285053253174,0.4517077969885785,1.0
AUD/USD,2025-10-08,0.6580505967140198,0.6594130992889404,13.625025749206543,0.20662352270373013,1.0
AUD/USD,2025-10-09,0.6584500670433044,0.6559097170829773,25.403499603271484,0.3873017725099163,1.0
AUD/USD,2025-10-13,0.6498401165008545,0.6520605087280273,22.203922271728516,0.34051935325820676,1.0
AUD/USD,2025-10-14,0.651159942150116,0.64939284324646,17.67098903656006,0.27211554947570465,1.0
AUD/USD,2025-10-15,0.6491301655769348,0.6515506505966187,24.20485019683838,0.3714960636548245,1.0
AUD/USD,2025-10-16,0.6508001685142517,0.6488029360771179,19.97232437133789,0.30783344619396025,1.0
AUD/USD,2025-10-20,0.6501701474189758,0.6518055200576782,16.353726387023926,0.2508988629856462,1.0
AUD/USD,2025-10-21,0.6516313552856445,0.6493085026741028,23.22852611541748,0.35774252177129134,1.0
AUD/USD,2025-10-22,0.6491904854774475,0.6492663025856018,0.7581710815429688,0.01167735147386628,1.0
AUD/USD,2025-10-23,0.6489999890327454,0.6517630219459534,27.630329132080078,0.42393213793542417,1.0
AUD/USD,2025-10-27,0.653398334980011,0.655995786190033,25.974512100219727,0.3959554717733395,1.0
AUD/USD,2025-10-28,0.6558598279953003,0.6586747169494629,28.148889541625977,0.427356460135477,1.0
AUD/USD,2025-10-29,0.6585099697113037,0.6578947305679321,6.15239143371582,0.09351635068432189,1.0
AUD/USD,2025-10-30,0.657680094242096,0.6561249494552612,15.551447868347168,0.23701960855563478,1.0
AUD/USD,2025-11-03,0.6545702219009399,0.654022216796875,5.480051040649414,0.0837899829685969,1.0
AUD/USD,2025-11-04,0.6541078090667725,0.6487609148025513,53.468942642211914,0.8241702208352834,1.0
AUD/USD,2025-11-05,0.6485601663589478,0.6511688828468323,26.087164878845215,0.40062056965614296,1.0
AUD/USD,2025-11-06,0.6509907841682434,0.6486346125602722,23.561716079711914,0.36325098327253574,1.0
AUD/USD,2025-11-10,0.650239884853363,0.6537229418754578,34.830570220947266,0.5328032410951078,1.0
AUD/USD,2025-11-11,0.653488039970398,0.6532531976699829,2.3484230041503906,0.03594965952752658,1.0
AUD/USD,2025-11-12,0.6529499292373657,0.6538084149360657,8.584856986999512,0.13130539147066506,1.0
AUD/USD,2025-11-13,0.6536400318145752,0.6529972553253174,6.427764892578125,0.09843479187942175,1.0
AUD/USD,2025-11-17,0.6533001661300659,0.6494771838188171,38.22982311248779,0.5886245747341398,1.0
AUD/USD,2025-11-18,0.6492701172828674,0.6510840654373169,18.13948154449463,0.27860429255492214,1.0
AUD/USD,2025-11-19,0.6509018540382385,0.6491820216178894,17.19832420349121,0.264922989712956,1.0
AUD/USD,2025-11-20,0.649000883102417,0.6450780630111694,39.228200912475586,0.6081155624694736,1.0
AUD/USD,2025-11-24,0.6462398767471313,0.6468304991722107,5.906224250793457,0.09131023132570311,1.0
AUD/USD,2025-11-25,0.6465799808502197,0.6472492218017578,6.692409515380859,0.10339772208224668,1.0
AUD/USD,2025-11-26,0.6470301151275635,0.6526136994361877,55.835843086242676,0.855572647869343,1.0
AUD/USD,2025-11-27,0.6524859666824341,0.6537656784057617,12.797117233276367,0.195744708784388,1.0
AUD/USD,2025-12-01,0.6551298499107361,0.6544502377510071,6.796121597290039,0.10384474181940322,1.0
AUD/USD,2025-12-02,0.6544001698493958,0.6575918793678284,31.917095184326172,0.48536328056559125,1.0
AUD/USD,2025-12-03,0.6573700904846191,0.6606329083442688,32.62817859649658,0.49389272293855213,1.0
AUD/USD,2025-12-04,0.6605019569396973,0.6608075499534607,3.0559301376342773,0.046245387750934445,1.0
AUD/USD,2025-12-08,0.6635400652885437,0.6629541516304016,5.859136581420898,0.08837921245400662,1.0
AUD/USD,2025-12-09,0.6627300977706909,0.6641870737075806,14.569759368896484,0.2193622842968947,1.0
AUD/USD,2025-12-10,0.6640987992286682,0.6676458716392517,35.47072410583496,0.5312805128075564,1.0
AUD/USD,2025-12-11,0.6674498319625854,0.6664445400238037,10.052919387817383,0.15084405054107455,1.0
AUD/USD,2025-12-15,0.6647300720214844,0.6643635034561157,3.6656856536865234,0.05517590347177551,1.0
AUD/USD,2025-12-16,0.6641799807548523,0.6634379029273987,7.420778274536133,0.11185339640367523,1.0
AUD/USD,2025-12-17,0.6634001135826111,0.6603274941444397,30.726194381713867,0.46531750766374774,1.0
AUD/USD,2025-12-18,0.6601501107215881,0.6615506410598755,14.005303382873535,0.21170417672690223,1.0
AUD/USD,2025-12-22,0.6610198020935059,0.6660006642341614,49.808621406555176,0.7478764524030985,1.0
AUD/USD,2025-12-23,0.6658400893211365,0.6704210042953491,45.809149742126465,0.6832892980474934,1.0
AUD/USD,2025-12-24,0.6701900959014893,0.6707807779312134,5.906820297241211,0.0880588784231223,1.0
AUD/USD,2025-12-29,0.6714099645614624,0.6697026491165161,17.07315444946289,0.2549363433456043,1.0
AUD/USD,2025-12-30,0.6695501804351807,0.6698821187019348,3.319382667541504,0.04955174313315965,1.0
AUD/USD,2025-12-31,0.6697999835014343,0.6680026650428772,17.97318458557129,0.26905857605250183,1.0
AUD/USD,2026-01-05,0.6683902144432068,0.6715465784072876,31.563639640808105,0.47001415323517604,1.0
AUD/USD,2026-01-06,0.6713401079177856,0.673763632774353,24.235248565673828,0.35969956505192285,1.0
AUD/USD,2026-01-07,0.6737000942230225,0.6724045276641846,12.955665588378906,0.19267665602111006,1.0
AUD/USD,2026-01-08,0.672210156917572,0.6701514720916748,20.586848258972168,0.3071969415319876,1.0
AUD/USD,2026-01-12,0.6685801148414612,0.6709608435630798,23.807287216186523,0.35482379403483477,1.0
AUD/USD,2026-01-13,0.6707807779312134,0.6685385704040527,22.422075271606445,0.33538940405569934,1.0
AUD/USD,2026-01-14,0.6683598756790161,0.6684491634368896,0.8928775787353516,0.0133574492657683,1.0
AUD/USD,2026-01-15,0.6682798862457275,0.6703760623931885,20.961761474609375,0.31268660458694747,1.0
AUD/USD,2026-01-19,0.6687598824501038,0.6711409091949463,23.810267448425293,0.3547730010525871,1.0
AUD/USD,2026-01-20,0.6709878444671631,0.6733553409576416,23.674964904785156,0.351596897874379,1.0
AUD/USD,2026-01-21,0.6731699109077454,0.6756756901741028,25.05779266357422,0.3708553234632065,1.0
AUD/USD,2026-01-22,0.6754794120788574,0.6842284798622131,87.49067783355713,1.278676354588099,1.0
AUD/USD,2026-01-26,0.691399872303009,0.6917064189910889,3.06546688079834,0.044317456028087426,1.0
AUD/USD,2026-01-27,0.691472053527832,0.6997410655021667,82.69011974334717,1.1817245524100388,1.0
AUD/USD,2026-01-28,0.6995800137519836,0.7042253613471985,46.45347595214844,0.6596393498706425,1.0
AUD/USD,2026-01-29,0.7039799094200134,0.7049700617790222,9.90152359008789,0.1404531075419142,1.0
AUD/USD,2026-02-02,0.6946277618408203,0.6957489848136902,11.21222972869873,0.16115337533264495,1.0
AUD/USD,2026-02-03,0.6955500841140747,0.7024445533752441,68.94469261169434,0.9814965790597319,1.0
AUD/USD,2026-02-04,0.7022520899772644,0.6996431946754456,26.088953018188477,0.3728893987211691,1.0
AUD/USD,2026-02-05,0.699440062046051,0.6918021440505981,76.37917995452881,1.104061047098207,1.0
AUD/USD,2026-02-09,0.7033699154853821,0.708666980266571,52.97064781188965,0.7474688293218388,1.0
AUD/USD,2026-02-10,0.7083597779273987,0.7076139450073242,7.458329200744629,0.10540110541020262,1.0
AUD/USD,2026-02-11,0.7074797749519348,0.7127583622932434,52.78587341308594,0.740585817095875,1.0
AUD/USD,2026-02-12,0.7125298380851746,0.7090187072753906,35.111308097839355,0.49520989696822965,1.0
AUD/USD,2026-02-16,0.7070400714874268,0.7074637413024902,4.236698150634766,0.0598857284591675,1.0
AUD/USD,2026-02-17,0.7072985768318176,0.7085666060447693,12.680292129516602,0.178956953677202,1.0
AUD/USD,2026-02-18,0.708320140838623,0.7046223282814026,36.97812557220459,0.5247935537665329,1.0
AUD/USD,2026-02-19,0.704379141330719,0.7058159112930298,14.36769962310791,0.20356157169631942,1.0
AUD/USD,2026-02-23,0.7111399173736572,0.7063144445419312,48.25472831726074,0.6831904499497469,1.0
AUD/USD,2026-02-24,0.706070065498352,0.7062146663665771,1.4460086822509766,0.020475483604589884,1.0
AUD/USD,2026-02-25,0.7060999870300293,0.7123014330863953,62.01446056365967,0.8706210276027609,1.0
AUD/USD,2026-02-26,0.7120498418807983,0.7103786468505859,16.711950302124023,0.23525411942230084,1.0
AUD/USD,2026-03-02,0.7058109045028687,0.7106815576553345,48.7065315246582,0.6853495915294293,1.0
AUD/USD,2026-03-03,0.710580050945282,0.7044237852096558,61.56265735626221,0.8739434790371179,1.0
AUD/USD,2026-03-04,0.7040701508522034,0.7078142762184143,37.441253662109375,0.5289700267440764,1.0
AUD/USD,2026-03-05,0.7075998783111572,0.7014098763465881,61.90001964569092,0.8825085265138785,1.0
AUD/USD,2026-03-09,0.6966199278831482,0.7070635557174683,104.43627834320068,1.4770423040291984,1.0
AUD/USD,2026-03-10,0.7068586349487305,0.7121492624282837,52.90627479553223,0.7429099149121158,1.0
AUD/USD,2026-03-11,0.712100088596344,0.7131141424179077,10.140538215637207,0.1422007728139337,1.0
AUD/USD,2026-03-12,0.7129209637641907,0.7079144716262817,50.064921379089355,0.7072170916929545,1.0
AUD/USD,2026-03-16,0.7005700469017029,0.7069035768508911,63.335299491882324,0.8959538693244127,1.0
AUD/USD,2026-03-17,0.706848680973053,0.710913896560669,40.65215587615967,0.5718295291853314,1.0
AUD/USD,2026-03-18,0.710909903049469,0.7028443813323975,80.65521717071533,1.147554413365523,1.0
AUD/USD,2026-03-19,0.7029501795768738,0.7081851959228516,52.35016345977783,0.7392157272019672,1.0
AUD/USD,2026-03-23,0.7007802128791809,0.700535237789154,2.4497509002685547,0.03496970270902885,1.0
AUD/USD,2026-03-24,0.7006098031997681,0.6997410655021667,8.687376976013184,0.12415130973882056,1.0
AUD/USD,2026-03-25,0.6996901631355286,0.694333553314209,53.5660982131958,0.7714750058889256,1.0
AUD/USD,2026-03-26,0.6942901611328125,0.6886577606201172,56.324005126953125,0.817880932267937,1.0
AUD/USD,2026-03-30,0.6850901246070862,0.6854619979858398,3.718733787536621,0.054251494589980784,1.0
AUD/USD,2026-03-31,0.6845901012420654,0.6902978420257568,57.07740783691406,0.8268518943853855,1.0
AUD/USD,2026-04-01,0.692051112651825,0.6922571063041687,2.0599365234375,0.029756812962673882,1.0
AUD/USD,2026-04-02,0.6923999190330505,0.6910849809646606,13.149380683898926,0.19027154468824048,1.0
AUD/USD,2026-04-06,0.6885501742362976,0.6915103197097778,29.601454734802246,0.4280696020158567,1.0
AUD/USD,2026-04-07,0.6916901469230652,0.7046769261360168,129.8677921295166,1.8429408898291286,1.0
AUD/USD,2026-04-08,0.707679033279419,0.7046769261360168,30.021071434020996,0.42602603151257895,1.0
AUD/USD,2026-04-09,0.703937828540802,0.7079395651817322,40.01736640930176,0.5652652906753286,1.0
AUD/USD,2026-04-13,0.7019898295402527,0.7100809812545776,80.91151714324951,1.139468867343754,1.0
AUD/USD,2026-04-14,0.7099298238754272,0.7128651142120361,29.352903366088867,0.4117595710730498,1.0
AUD/USD,2026-04-15,0.7129300832748413,0.7173189520835876,43.88868808746338,0.6118434200013877,1.0
AUD/USD,2026-04-16,0.7175799012184143,0.7163272500038147,12.526512145996094,0.17487136146125093,1.0
AUD/USD,2026-04-20,0.7134998440742493,0.7181483507156372,46.485066413879395,0.6472905823366004,1.0
AUD/USD,2026-04-21,0.7174198627471924,0.7151796817779541,22.401809692382812,0.3132333071416594,1.0
AUD/USD,2026-04-22,0.7156198024749756,0.7158503532409668,2.3055076599121094,0.032206558947328455,1.0
AUD/USD,2026-04-23,0.7158001661300659,0.7132973074913025,25.028586387634277,0.35088575443612563,1.0
AUD/USD,2026-04-27,0.7143500447273254,0.7189589142799377,46.08869552612305,0.6410476956431157,1.0
AUD/USD,2026-04-28,0.7190897464752197,0.718442440032959,6.473064422607422,0.09009858078972152,1.0
AUD/USD,2026-04-29,0.7187212109565735,0.7121999859809875,65.21224975585938,0.9156451985327649,1.0
AUD/USD,2026-04-30,0.7131141424179077,0.7202016711235046,70.87528705596924,0.984103340740723,1.0
AUD/USD,2026-05-04,0.7212925553321838,0.7170000672340393,42.92488098144531,0.5986733187771656,1.0
AUD/USD,2026-05-05,0.7167482376098633,0.7198905944824219,31.423568725585938,0.43650478234374585,1.0
AUD/USD,2026-05-06,0.7203900218009949,0.7240081429481506,36.18121147155762,0.4997348693376327,1.0
AUD/USD,2026-05-07,0.7235099673271179,0.7207207083702087,27.892589569091797,0.38700968690307647,1.0
AUD/USD,2026-05-11,0.7236999869346619,0.7252683043479919,15.683174133300781,0.21623961834923666,1.0
AUD/USD,2026-05-12,0.7246218919754028,0.7243227958679199,2.9909610748291016,0.041293206452865834,1.0
AUD/USD,2026-05-13,0.7237801551818848,0.7262164354324341,24.362802505493164,0.3354757799028061,1.0
AUD/USD,2026-05-14,0.7254998683929443,0.7224911451339722,30.08723258972168,0.4164373887813196,1.0
AUD/USD,2026-05-18,0.7130200862884521,0.7175145149230957,44.94428634643555,0.6263885316836099,1.0
AUD/USD,2026-05-19,0.7172901630401611,0.7109847068786621,63.054561614990234,0.8868624177840613,1.0
AUD/USD,2026-05-20,0.7106598019599915,0.7154611349105835,48.01332950592041,0.6710822875364292,1.0
AUD/USD,2026-05-21,0.7150007486343384,0.7154099345207214,4.091858863830566,0.05719600282839025,1.0
AUD/USD,2026-05-25,0.7157202363014221,0.7176690101623535,19.487738609313965,0.27154215011883237,1.0
AUD/USD,2026-05-26,0.717029869556427,0.7170000672340393,0.2980232238769531,0.004156529929301583,1.0
AUD/USD,2026-05-27,0.717079758644104,0.714438796043396,26.409626007080078,0.3696555415710644,1.0
AUD/USD,2026-05-28,0.7133201360702515,0.7164863348007202,31.6619873046875,0.4419063667626515,1.0
AUD/USD,2026-06-01,0.7180498242378235,0.716383695602417,16.66128635406494,0.232574896055587,1.0
AUD/USD,2026-06-02,0.7164298892021179,0.7180812358856201,16.513466835021973,0.22996655545045225,1.0
AUD/USD,2026-06-03,0.7174115777015686,0.71387779712677,35.33780574798584,0.4950119739010537,1.0
AUD/USD,2026-06-04,0.7134499549865723,0.7136231064796448,1.7315149307250977,0.024263717290024255,1.0
AUD/USD,2026-06-08,0.7043498158454895,0.7047216296195984,3.718137741088867,0.05276037494543598,1.0
AUD/USD,2026-06-09,0.704049825668335,0.7022472023963928,18.026232719421387,0.2566935497629258,1.0
AUD/USD,2026-06-10,0.7023113369941711,0.6995453238487244,27.660131454467773,0.39540156315088504,1.0
AUD/USD,2026-06-11,0.6994200348854065,0.7054175734519958,59.975385665893555,0.8502111079030967,1.0
AUD/USD,2026-06-15,0.7075197696685791,0.7072135806083679,3.0618906021118164,0.043295132984831536,1.0
AUD/USD,2026-06-16,0.7073001265525818,0.7072135806083679,0.8654594421386719,0.012237596475369941,1.0
AUD/USD,2026-06-17,0.7065500020980835,0.7017051577568054,48.44844341278076,0.6904387530463594,1.0
AUD/USD,2026-06-18,0.7018499374389648,0.7019514441490173,1.0150671005249023,0.014460645518800493,1.0
AUD/USD,2026-06-22,0.7002899646759033,0.7000839710235596,2.0599365234375,0.029424134942352194,1.0
AUD/USD,2026-06-23,0.6994621157646179,0.6917064189910889,77.55696773529053,1.1212411162587417,1.0
AUD/USD,2026-06-24,0.6915600895881653,0.6898455023765564,17.145872116088867,0.2485465521920543,1.0
AUD/USD,2026-06-25,0.6900001764297485,0.6910849809646606,10.848045349121094,0.15697122131027502,1.0
AUD/USD,2026-06-29,0.6896218657493591,0.6890373826026917,5.844831466674805,0.08482604303118071,1.0
AUD/USD,2026-06-30,0.6882398128509521,0.6919457912445068,37.059783935546875,0.5355879666367012,1.0
AUD/USD,2026-07-01,0.6912999749183655,0.6895125508308411,17.87424087524414,0.2592301018118704,1.0
AUD/USD,2026-07-02,0.6892097592353821,0.6921373009681702,29.27541732788086,0.4229712412108125,1.0
AUD/USD,2026-07-06,0.6937001347541809,0.6959910988807678,22.90964126586914,0.3291657221293552,1.0
AUD/USD,2026-07-07,0.6955297589302063,0.6929046511650085,26.25107765197754,0.3788555554915174,1.0
AUD/USD,2026-07-08,0.6922600269317627,0.6932408809661865,9.808540344238281,0.1414881985979806,1.0
AUD/USD,2026-07-09,0.6936299204826355,0.6943480372428894,7.1811676025390625,0.10342317134003827,1.0
AUD/USD,2026-07-13,0.6942197680473328,0.6919457912445068,22.739768028259277,0.32863510864572804,1.0
AUD/USD,2026-07-14,0.6918213367462158,0.6975446939468384,57.233572006225586,0.8205004281860038,1.0
AUD/USD,2026-07-15,0.6976497769355774,0.7008199691772461,31.70192241668701,0.45235472462214044,1.0
AUD/USD,2026-07-16,0.7008101344108582,0.6998390555381775,9.71078872680664,0.13875745644602566,1.0
AUD/USD,2026-07-20,0.6979097723960876,0.6996921300888062,17.82357692718506,0.254734563398946,1.0
AUD/USD,2026-07-21,0.700079083442688,0.7000349760055542,0.4410743713378906,0.006300747626278478,1.0
AUD/USD,2026-07-22,0.7000800967216492,0.6990562677383423,10.238289833068848,0.14645873738022264,1.0
AUD/USD,2026-07-23,0.6989697813987732,0.6971070170402527,18.627643585205078,0.2672135429692493,1.0
AUD/USD,2026-07-27,0.699440062046051,0.6990073919296265,4.3267011642456055,0.06189778840967109,1.0
AUD/USD,2026-07-28,0.6987192630767822,0.6975446939468384,11.745691299438477,0.16838621813577503,1.0
AUD/USD,2026-07-29,0.6974599957466125,0.6960395574569702,14.20438289642334,0.20407436250204025,1.0
AUD/USD,2026-07-30,0.695928156375885,0.7031360268592834,72.07870483398438,1.0251032813087428,1.0
AUD/USD,2026-08-03,0.7045875787734985,0.7001820206642151,44.05558109283447,0.6292018331325037,1.0
AUD/USD,2026-08-04,0.6997601389884949,0.7050694227218628,53.0928373336792,0.7530157403326135,1.0
AUD/USD,2026-08-05,0.7046700119972229,0.7059653997421265,12.953877449035645,0.1834916761326746,1.0
AUD/USD,2026-08-06,0.7057301998138428,0.703234851360321,24.953484535217285,0.3548385647689083,1.0
AUD/USD,2026-08-10,0.7063493728637695,0.705865740776062,4.836320877075195,0.06851615821102065,1.0
AUD/USD,2026-08-11,0.7055301070213318,0.7066138982772827,10.837912559509277,0.15337814025356697,1.0
AUD/USD,2026-08-12,0.7063997387886047,0.7065140604972839,1.1432170867919922,0.01618109462658581,1.0
AUD/USD,2026-08-13,0.7063897848129272,0.7064641118049622,0.7432699203491211,0.010520986245856465,1.0
AUD/USD,2026-08-17,0.7085198760032654,0.7108330726623535,23.131966590881348,0.32542051686260043,1.0
AUD/USD,2026-08-18,0.7108199596405029,0.708666980266571,21.529793739318848,0.3038069267912022,1.0
AUD/USD,2026-08-19,0.7081500887870789,0.7127583622932434,46.08273506164551,0.6465407843603261,1.0
AUD/USD,2026-08-20,0.7125044465065002,0.7117944359779358,7.100105285644531,0.0997493788482581,1.0
AUD/USD,2026-08-24,0.7171398997306824,0.71525639295578,18.835067749023438,0.2633330919446657,1.0
AUD/USD,2026-08-25,0.7154815793037415,0.7167431116104126,12.615323066711426,0.17600898930673664,1.0
AUD/USD,2026-08-26,0.7165325880050659,0.7181844115257263,16.518235206604004,0.22999991285681506,1.0
AUD/USD,2026-08-27,0.7181498408317566,0.7197869420051575,16.37101173400879,0.2274424663554328,1.0
AUD/USD,2026-08-31,0.7163000702857971,0.7168458700180054,5.4579973220825195,0.0761390635053171,1.0
AUD/USD,2026-09-01,0.7172999382019043,0.7150007486343384,22.99189567565918,0.32156463779337335,1.0
AUD/USD,2026-09-02,0.7147099375724792,0.7170000672340393,22.901296615600586,0.3194043858872508,1.0
AUD/USD,2026-09-03,0.7163600921630859,0.7202016711235046,38.41578960418701,0.5334032277967213,1.0
AUD/USD,2026-09-07,0.7206376194953918,0.7221259474754333,14.883279800415039,0.20610365618971707,1.0
NZD/USD,2024-09-09,0.6171315908432007,0.615006148815155,21.254420280456543,0.3455968744605955,1.0
NZD/USD,2024-09-10,0.6142317652702332,0.6152710318565369,10.39266586303711,0.16891199690773634,1.0
NZD/USD,2024-09-11,0.6150099039077759,0.6139488816261292,10.610222816467285,0.17281931988156132,1.0
NZD/USD,2024-09-12,0.6132185459136963,0.6186204552650452,54.01909351348877,0.8732186763909145,1.0
NZD/USD,2024-09-16,0.6164087653160095,0.6197322607040405,33.23495388031006,0.5362792287520071,1.0
NZD/USD,2024-09-17,0.6196094155311584,0.619118332862854,4.910826683044434,0.07931967803854827,1.0
NZD/USD,2024-09-18,0.619398295879364,0.6221613883972168,27.630925178527832,0.44411186058506996,1.0
NZD/USD,2024-09-19,0.6208904981613159,0.6241418123245239,32.51314163208008,0.520925549131049,1.0
NZD/USD,2024-09-23,0.6236202716827393,0.6268020868301392,31.818151473999023,0.5076267635755592,1.0
NZD/USD,2024-09-24,0.6267195343971252,0.6347594261169434,80.39891719818115,1.2666045416609386,1.0
NZD/USD,2024-09-25,0.6352190971374512,0.6264879107475281,87.31186389923096,1.3936719671900781,1.0
NZD/USD,2024-09-26,0.6257195472717285,0.6330316066741943,73.1205940246582,1.1550859902370019,1.0
NZD/USD,2024-09-30,0.634981095790863,0.6345580220222473,4.230737686157227,0.0666721960692335,1.0
NZD/USD,2024-10-01,0.6345298290252686,0.6284170150756836,61.12813949584961,0.9727320876009002,1.0
NZD/USD,2024-10-02,0.6282985806465149,0.6263701915740967,19.28389072418213,0.3078673120718091,1.0
NZD/USD,2024-10-03,0.6261191964149475,0.6218518614768982,42.673349380493164,0.6862301461821463,1.0
NZD/USD,2024-10-07,0.6160784363746643,0.6127826571464539,32.95779228210449,0.5378382024644611,1.0
NZD/USD,2024-10-08,0.6128502488136292,0.6142506003379822,14.003515243530273,0.2279772333283036,1.0
NZD/USD,2024-10-09,0.6131395697593689,0.6063913702964783,67.48199462890625,1.1128455636813037,1.0
NZD/USD,2024-10-10,0.6070908308029175,0.6096445918083191,25.537610054016113,0.41889340768638367,1.0
NZD/USD,2024-10-14,0.6091692447662354,0.609718918800354,5.496740341186523,0.09015203845079266,1.0
NZD/USD,2024-10-15,0.6089614629745483,0.6063178181648254,26.436448097229004,0.43601634827829433,1.0
NZD/USD,2024-10-16,0.6056311726570129,0.6059136986732483,2.8252601623535156,0.04662809519804398,1.0
NZD/USD,2024-10-17,0.6058696508407593,0.6059504151344299,0.807642936706543,0.01332853178303983,1.0
NZD/USD,2024-10-21,0.6076700091362,0.6029545068740845,47.155022621154785,0.7820660113417514,1.0
NZD/USD,2024-10-22,0.6023297905921936,0.6043756604194641,20.458698272705078,0.3385096325438687,1.0
NZD/USD,2024-10-23,0.604580283164978,0.6001319885253906,44.48294639587402,0.7412193858416867,1.0
NZD/USD,2024-10-24,0.6006186604499817,0.601142168045044,5.235075950622559,0.08708548873966684,1.0
NZD/USD,2024-10-28,0.5979001522064209,0.598802387714386,9.022355079650879,0.15067333171614405,1.0
NZD/USD,2024-10-29,0.5986300110816956,0.5972288846969604,14.011263847351074,0.23460459141155776,1.0
NZD/USD,2024-10-30,0.5971183180809021,0.5972288846969604,1.105666160583496,0.018513273368291984,1.0
NZD/USD,2024-10-31,0.5971112251281738,0.5972288846969604,1.176595687866211,0.019700917320220147,1.0
NZD/USD,2024-11-04,0.5987414717674255,0.5975143313407898,12.271404266357422,0.20537422489634777,1.0
NZD/USD,2024-11-05,0.5973715782165527,0.6020832061767578,47.11627960205078,0.7825542901493673,1.0
NZD/USD,2024-11-06,0.60165935754776,0.5940711498260498,75.88207721710205,1.277323048583004,1.0
NZD/USD,2024-11-07,0.5938806533813477,0.602300763130188,84.20109748840332,1.397990881678547,1.0
NZD/USD,2024-11-11,0.5966302156448364,0.5971218943595886,4.916787147521973,0.08234143135540545,1.0
NZD/USD,2024-11-12,0.596911609172821,0.5924170613288879,44.945478439331055,0.7586796764176749,1.0
NZD/USD,2024-11-13,0.5923293828964233,0.5884429812431335,38.86401653289795,0.6604550954247863,1.0
NZD/USD,2024-11-14,0.5882906913757324,0.5849321484565735,33.585429191589355,0.5741764968844554,1.0
NZD/USD,2024-11-18,0.5863211154937744,0.5893446803092957,30.235648155212402,0.513038450425044,1.0
NZD/USD,2024-11-19,0.5890703797340393,0.5919612050056458,28.908252716064453,0.4883470820657706,1.0
NZD/USD,2024-11-20,0.5919612050056458,0.5881314873695374,38.297176361083984,0.6511669105215061,1.0
NZD/USD,2024-11-21,0.5884000062942505,0.5859947204589844,24.052858352661133,0.4104620317026332,1.0
NZD/USD,2024-11-25,0.5862111449241638,0.5817335844039917,44.77560520172119,0.7696926291026417,1.0
NZD/USD,2024-11-26,0.5811284184455872,0.5838052034378052,26.767849922180176,0.45850653205135145,1.0
NZD/USD,2024-11-27,0.5837098360061646,0.5895878672599792,58.78031253814697,0.996972899244342,1.0
NZD/USD,2024-11-28,0.5893411636352539,0.5897269248962402,3.8576126098632812,0.06541354052203077,1.0
NZD/USD,2024-12-02,0.5906500220298767,0.5885815024375916,20.685195922851562,0.3514414883441712,1.0
NZD/USD,2024-12-03,0.5884602665901184,0.58833909034729,1.2117624282836914,0.020596326984977344,1.0
NZD/USD,2024-12-04,0.5882110595703125,0.5858573913574219,23.53668212890625,0.40174763476777425,1.0
NZD/USD,2024-12-05,0.5857201814651489,0.58833909034729,26.189088821411133,0.44513596412490636,1.0
NZD/USD,2024-12-09,0.5838802456855774,0.5860633850097656,21.831393241882324,0.37250908008045147,1.0
NZD/USD,2024-12-10,0.5858985781669617,0.5803157091140747,55.82869052886963,0.9620399663848354,1.0
NZD/USD,2024-12-11,0.58022141456604,0.5794749855995178,7.464289665222168,0.1288112489877316,1.0
NZD/USD,2024-12-12,0.5794212818145752,0.5771339535713196,22.873282432556152,0.3963253641726621,1.0
NZD/USD,2024-12-16,0.5770706534385681,0.5793071389198303,22.36485481262207,0.3860621302600091,1.0
NZD/USD,2024-12-17,0.5791997909545898,0.5759041905403137,32.95600414276123,0.5722480350740612,1.0
NZD/USD,2024-12-18,0.5758113265037537,0.5617662072181702,140.45119285583496,2.5001716203496853,1.0
NZD/USD,2024-12-19,0.5617314577102661,0.5628095269203186,10.780692100524902,0.19155134348056638,1.0
NZD/USD,2024-12-23,0.5651601552963257,0.5647802948951721,3.7986040115356445,0.06725808329132121,1.0
NZD/USD,2024-12-24,0.5646591186523438,0.5658028721809387,11.437535285949707,0.20214699939331673,1.0
NZD/USD,2024-12-25,0.5648000836372375,0.5651952624320984,3.9517879486083984,0.06991898572545377,1.0
NZD/USD,2024-12-26,0.5650898814201355,0.5626828670501709,24.070143699645996,0.4277745975425232,1.0
NZD/USD,2024-12-30,0.5639394521713257,0.5640794038772583,1.3995170593261719,0.024810639241682045,1.0
NZD/USD,2024-12-31,0.5639712810516357,0.5599731206893921,39.98160362243652,0.7139914782555012,1.0
NZD/USD,2025-01-02,0.5598414540290833,0.5593466758728027,4.947781562805176,0.0884564399186725,1.0
NZD/USD,2025-01-06,0.5616084337234497,0.564015805721283,24.07371997833252,0.4268270451666902,1.0
NZD/USD,2025-01-07,0.5639108419418335,0.5636343359947205,2.765059471130371,0.04905768322738009,1.0
NZD/USD,2025-01-08,0.5635485649108887,0.5606638193130493,28.847455978393555,0.5145232309396879,1.0
NZD/USD,2025-01-09,0.5605400204658508,0.5595657825469971,9.742379188537598,0.17410605673908144,1.0
NZD/USD,2025-01-13,0.5564799308776855,0.5603182315826416,38.38300704956055,0.6850215624993351,1.0
NZD/USD,2025-01-14,0.5604187846183777,0.5604124665260315,0.06318092346191406,0.0011274003923140649,1.0
NZD/USD,2025-01-15,0.5602993965148926,0.5629363059997559,26.369094848632812,0.46842057560672323,1.0
NZD/USD,2025-01-16,0.562828540802002,0.5608839392662048,19.44601535797119,0.3467030163746905,1.0
NZD/USD,2025-01-20,0.5587310194969177,0.5682787299156189,95.47710418701172,1.6801104662352695,1.0
NZD/USD,2025-01-21,0.5681785941123962,0.56618732213974,19.9127197265625,0.3516984388012818,1.0
NZD/USD,2025-01-22,0.5660911202430725,0.5664759278297424,3.8480758666992188,0.0679300863046696,1.0
NZD/USD,2025-01-23,0.5663604140281677,0.5676657557487488,13.053417205810547,0.2299489985721112,1.0
NZD/USD,2025-01-27,0.5692297220230103,0.5669898390769958,22.398829460144043,0.39504816341342475,1.0
NZD/USD,2025-01-28,0.5668194890022278,0.5667006373405457,1.188516616821289,0.02097256538123633,1.0
NZD/USD,2025-01-29,0.566559374332428,0.5666364431381226,0.7706880569458008,0.013601102899023014,1.0
NZD/USD,2025-01-30,0.5665208697319031,0.5636343359947205,28.865337371826172,0.5121287957179484,1.0
NZD/USD,2025-02-03,0.5569603443145752,0.5627462267875671,57.858824729919434,1.0281512691823118,1.0
NZD/USD,2025-02-04,0.5626797080039978,0.5649079084396362,22.282004356384277,0.3944360491948263,1.0
NZD/USD,2025-02-05,0.5648409128189087,0.5689900517463684,41.49138927459717,0.7292111548743258,1.0
NZD/USD,2025-02-06,0.5689285397529602,0.5675368905067444,13.916492462158203,0.24520859692014726,1.0
NZD/USD,2025-02-10,0.5647388100624084,0.5635390281677246,11.997818946838379,0.21290129604417565,1.0
NZD/USD,2025-02-11,0.5635008811950684,0.5659949779510498,24.940967559814453,0.4406570469954148,1.0
NZD/USD,2025-02-12,0.565930962562561,0.5642385482788086,16.924142837524414,0.29994658977397,1.0
NZD/USD,2025-02-13,0.5641399025917053,0.5680527091026306,39.12806510925293,0.6888104656883808,1.0
NZD/USD,2025-02-17,0.5732991695404053,0.5733287334442139,0.2956390380859375,0.0051565362215480835,1.0
NZD/USD,2025-02-18,0.5732301473617554,0.5705808401107788,26.493072509765625,0.4643175979169222,1.0
NZD/USD,2025-02-19,0.5705190300941467,0.5702229738235474,2.9605627059936523,0.051919386659257674,1.0
NZD/USD,2025-02-20,0.5701189637184143,0.5764685869216919,63.49623203277588,1.1014690734813843,1.0
NZD/USD,2025-02-24,0.5751191973686218,0.5727704763412476,23.487210273742676,0.4100632145667607,1.0
NZD/USD,2025-02-25,0.5726589560508728,0.5731973052024841,5.383491516113281,0.09392039123790964,1.0
NZD/USD,2025-02-26,0.5731086134910583,0.5700604319572449,30.481815338134766,0.5347119994537866,1.0
NZD/USD,2025-02-27,0.5699889063835144,0.5627778768539429,72.11029529571533,1.2813278250884412,1.0
NZD/USD,2025-03-03,0.560519278049469,0.5612617135047913,7.424354553222656,0.13227972574258404,1.0
NZD/USD,2025-03-04,0.5613404512405396,0.5662193298339844,48.78878593444824,0.8616587842162352,1.0
NZD/USD,2025-03-05,0.5661584734916687,0.5730330348014832,68.74561309814453,1.199679755320916,1.0
NZD/USD,2025-03-06,0.5729608535766602,0.5737563967704773,7.955431938171387,0.1386552199321943,1.0
NZD/USD,2025-03-10,0.5710598230361938,0.5695084929466248,15.513300895690918,0.2723980605701845,1.0
NZD/USD,2025-03-11,0.5695084929466248,0.5713306069374084,18.221139907836914,0.31892462414206196,1.0
NZD/USD,2025-03-12,0.5712099075317383,0.5737234354019165,25.135278701782227,0.43810793059506004,1.0
NZD/USD,2025-03-13,0.5737004280090332,0.5703855752944946,33.14852714538574,0.5811599833721408,1.0
NZD/USD,2025-03-17,0.5752515196800232,0.5825129747390747,72.61455059051514,1.246573960400477,1.0
NZD/USD,2025-03-18,0.5824688673019409,0.5819705724716187,4.982948303222656,0.08562199772507678,1.0
NZD/USD,2025-03-19,0.5818588137626648,0.5822755694389343,4.1675567626953125,0.07157361533665345,1.0
NZD/USD,2025-03-20,0.582160234451294,0.5762360095977783,59.24224853515625,1.0280900108361548,1.0
NZD/USD,2025-03-24,0.574540913105011,0.5727376937866211,18.032193183898926,0.3148420887872799,1.0
NZD/USD,2025-03-25,0.5726786255836487,0.5733945369720459,7.159113883972168,0.12485493708708265,1.0
NZD/USD,2025-03-26,0.573309063911438,0.5719842314720154,13.248324394226074,0.23162044799960985,1.0
NZD/USD,2025-03-27,0.5718991756439209,0.5736905336380005,17.9135799407959,0.3122516215702348,1.0
NZD/USD,2025-03-31,0.570711076259613,0.5674080848693848,33.029913902282715,0.5821191975064309,1.0
NZD/USD,2025-04-01,0.5670509338378906,0.5708739757537842,38.23041915893555,0.6696822903593732,1.0
NZD/USD,2025-04-02,0.571389377117157,0.5705808401107788,8.085370063781738,0.14170419851833715,1.0
NZD/USD,2025-04-03,0.5727606415748596,0.579407811164856,66.47169589996338,1.1472350668922986,1.0
NZD/USD,2025-04-07,0.5541394352912903,0.553924560546875,2.148747444152832,0.038791337254145776,1.0
NZD/USD,2025-04-08,0.553709864616394,0.5526999831199646,10.098814964294434,0.18271784463041074,1.0
NZD/USD,2025-04-09,0.5518489480018616,0.5646527409553528,128.0379295349121,2.2675517224671737,1.0
NZD/USD,2025-04-10,0.5637201070785522,0.5749769806861877,112.56873607635498,1.9577955267359302,1.0
NZD/USD,2025-04-14,0.5836314558982849,0.5876131057739258,39.81649875640869,0.6775971870805655,1.0
NZD/USD,2025-04-15,0.5866995453834534,0.5902839303016663,35.843849182128906,0.6072306451542872,1.0
NZD/USD,2025-04-16,0.5895496606826782,0.5938242077827454,42.74547100067139,0.7198337561932152,1.0
NZD/USD,2025-04-17,0.5935387015342712,0.599951982498169,64.13280963897705,1.0689657090877733,1.0
NZD/USD,2025-04-22,0.600009560585022,0.595273494720459,47.36065864562988,0.7956117493165136,1.0
NZD/USD,2025-04-23,0.5960683226585388,0.5950964093208313,9.719133377075195,0.1633203162520742,1.0
NZD/USD,2025-04-24,0.5952416062355042,0.5995922684669495,43.506622314453125,0.7256034575911361,1.0
NZD/USD,2025-04-28,0.5949406027793884,0.597550094127655,26.094913482666016,0.4366983410949199,1.0
NZD/USD,2025-04-29,0.597200334072113,0.5935422778129578,36.580562591552734,0.6163093002631957,1.0
NZD/USD,2025-04-30,0.5936691164970398,0.5939653515815735,2.962350845336914,0.049874135544252754,1.0
NZD/USD,2025-05-01,0.5938313007354736,0.5907372236251831,30.940771102905273,0.5237653878154271,1.0
NZD/USD,2025-05-05,0.5952097177505493,0.5962318181991577,10.221004486083984,0.17142668630056052,1.0
NZD/USD,2025-05-06,0.5961394309997559,0.6017571091651917,56.17678165435791,0.9335457911297649,1.0
NZD/USD,2025-05-07,0.6015110015869141,0.5940358638763428,74.75137710571289,1.2583647158595375,1.0
NZD/USD,2025-05-08,0.5940182209014893,0.5909467339515686,30.714869499206543,0.5197569888206506,1.0
NZD/USD,2025-05-12,0.5920698046684265,0.5857544541358948,63.15350532531738,1.078156638492514,1.0
NZD/USD,2025-05-13,0.5861286520957947,0.5941417813301086,80.13129234313965,1.348689738057964,1.0
NZD/USD,2025-05-14,0.593591570854187,0.5899704694747925,36.21101379394531,0.6137767170987614,1.0
NZD/USD,2025-05-15,0.5896400213241577,0.5877857804298401,18.54240894317627,0.3154620196769042,1.0
NZD/USD,2025-05-19,0.5886993408203125,0.5929439663887024,42.446255683898926,0.7158561025996414,1.0
NZD/USD,2025-05-20,0.5930987000465393,0.5926979780197144,4.007220268249512,0.06760981843802112,1.0
NZD/USD,2025-05-21,0.5927401185035706,0.5933661460876465,6.260275840759277,0.10550443233130742,1.0
NZD/USD,2025-05-22,0.5933485627174377,0.5901097655296326,32.38797187805176,0.5488465666888779,1.0
NZD/USD,2025-05-26,0.5991683602333069,0.6000239849090576,8.556246757507324,0.14259841227520512,1.0
NZD/USD,2025-05-27,0.5994700789451599,0.5950610041618347,44.09074783325195,0.7409450043757344,1.0
NZD/USD,2025-05-28,0.5948100686073303,0.5973001718521118,24.90103244781494,0.4168931070386549,1.0
NZD/USD,2025-05-29,0.5959084630012512,0.5978358387947083,19.273757934570312,0.32239214653688164,1.0
NZD/USD,2025-06-02,0.5973109006881714,0.6037189364433289,64.0803575515747,1.0614269933139646,1.0
NZD/USD,2025-06-03,0.6047887206077576,0.6004924178123474,42.96302795410156,0.7154632877900453,1.0
NZD/USD,2025-06-04,0.6006113886833191,0.6032818555831909,26.70466899871826,0.442656591634153,1.0
NZD/USD,2025-06-05,0.6027400493621826,0.6040106415748596,12.70592212677002,0.21035924290408844,1.0
NZD/USD,2025-06-09,0.6024205088615417,0.6048874855041504,24.669766426086426,0.4078405822121634,1.0
NZD/USD,2025-06-10,0.6050887703895569,0.605693519115448,6.047487258911133,0.09984401463867162,1.0
NZD/USD,2025-06-11,0.6059100031852722,0.6037553548812866,21.546483039855957,0.3568744006269316,1.0
NZD/USD,2025-06-12,0.6036598682403564,0.6068697571754456,32.09888935089111,0.5289255061957445,1.0
NZD/USD,2025-06-16,0.603900134563446,0.6058036088943481,19.034743309020996,0.31420650239706055,1.0
NZD/USD,2025-06-17,0.6049203872680664,0.6012505888938904,36.697983741760254,0.610360878136899,1.0
NZD/USD,2025-06-18,0.6019382476806641,0.6030635833740234,11.25335693359375,0.186603158337524,1.0
NZD/USD,2025-06-19,0.6029508709907532,0.5995922684669495,33.58602523803711,0.5601477371266075,1.0
NZD/USD,2025-06-23,0.5962104797363281,0.598802387714386,25.919079780578613,0.4328486377536186,1.0
NZD/USD,2025-06-24,0.5995383262634277,0.6008532047271729,13.148784637451172,0.21883522520981794,1.0
NZD/USD,2025-06-25,0.6011313199996948,0.6043391227722168,32.07802772521973,0.5307951531926611,1.0
NZD/USD,2025-06-26,0.6055908203125,0.6058036088943481,2.1278858184814453,0.03512501060145628,1.0
NZD/USD,2025-06-30,0.6063987016677856,0.609718918800354,33.202171325683594,0.5445488126071301,1.0
NZD/USD,2025-07-01,0.6092397570610046,0.6102025508880615,9.627938270568848,0.1577826617826618,1.0
NZD/USD,2025-07-02,0.6100797653198242,0.6093473434448242,7.32421875,0.12019776288174136,1.0
NZD/USD,2025-07-03,0.6089392304420471,0.607275128364563,16.64102077484131,0.2740277017380378,1.0
NZD/USD,2025-07-07,0.6051217317581177,0.6005284786224365,45.93253135681152,0.7648684948660056,1.0
NZD/USD,2025-07-08,0.6007810235023499,0.6000239849090576,7.570385932922363,0.1261680553331508,1.0
NZD/USD,2025-07-09,0.5993586778640747,0.6001319885253906,7.73310661315918,0.12885676419549838,1.0
NZD/USD,2025-07-10,0.5998404622077942,0.6041930913925171,43.526291847229004,0.720403666763411,1.0
NZD/USD,2025-07-14,0.6006907820701599,0.5974429249763489,32.47857093811035,0.543626337853044,1.0
NZD/USD,2025-07-15,0.5971896052360535,0.5948486328125,23.409724235534668,0.3935408597116766,1.0
NZD/USD,2025-07-16,0.5954294800758362,0.5946363806724548,7.930994033813477,0.13337552648300086,1.0
NZD/USD,2025-07-17,0.594590425491333,0.5943536162376404,2.3680925369262695,0.03984315855461095,1.0
NZD/USD,2025-07-21,0.5952805876731873,0.5969080328941345,16.274452209472656,0.2726458903654767,1.0
NZD/USD,2025-07-22,0.5969614386558533,0.6000960469245911,31.34608268737793,0.5223510944293377,1.0
NZD/USD,2025-07-23,0.600009560585022,0.6047411561012268,47.31595516204834,0.7824166535496748,1.0
NZD/USD,2025-07-24,0.604781448841095,0.6033182144165039,14.632344245910645,0.2425311203319502,1.0
NZD/USD,2025-07-28,0.6019309759140015,0.5975143313407898,44.1664457321167,0.7391696469105533,1.0
NZD/USD,2025-07-29,0.5971896052360535,0.5955571532249451,16.324520111083984,0.2741050128050116,1.0
NZD/USD,2025-07-30,0.595461368560791,0.5907372236251831,47.2414493560791,0.7997032769692762,1.0
NZD/USD,2025-07-31,0.5907686352729797,0.5891710519790649,15.97583293914795,0.2711578052839504,1.0
NZD/USD,2025-08-04,0.5914185047149658,0.5912961363792419,1.2236833572387695,0.020694932402770358,1.0
NZD/USD,2025-08-05,0.5916984677314758,0.5903536081314087,13.448596000671387,0.22780577293732437,1.0
NZD/USD,2025-08-06,0.5909292101860046,0.5935069918632507,25.777816772460938,0.43433046494590205,1.0
NZD/USD,2025-08-07,0.59284907579422,0.5966231226921082,37.740468978881836,0.632567990469221,1.0
NZD/USD,2025-08-11,0.5949299931526184,0.5939653515815735,9.646415710449219,0.16240704419480617,1.0
NZD/USD,2025-08-12,0.5940499901771545,0.5956990718841553,16.490817070007324,0.2768313373033804,1.0
NZD/USD,2025-08-13,0.5957806706428528,0.5977286100387573,19.47939395904541,0.32589027247302665,1.0
NZD/USD,2025-08-14,0.5981004238128662,0.5921013951301575,59.9902868270874,1.0131759073781639,1.0
NZD/USD,2025-08-18,0.5928595662117004,0.5924521684646606,4.073977470397949,0.06876466468095913,1.0
NZD/USD,2025-08-19,0.5923784375190735,0.5897617340087891,26.16703510284424,0.4436882488963632,1.0
NZD/USD,2025-08-20,0.5897687077522278,0.5826147794723511,71.53928279876709,1.2279002407655555,1.0
NZD/USD,2025-08-21,0.5828185081481934,0.5822077393531799,6.107687950134277,0.1049056468558763,1.0
NZD/USD,2025-08-25,0.5865412354469299,0.5852744579315186,12.66777515411377,0.21644161952469815,1.0
NZD/USD,2025-08-26,0.5849184393882751,0.5863383412361145,14.199018478393555,0.24216425022554863,1.0
NZD/USD,2025-08-27,0.5858402848243713,0.586029052734375,1.887679100036621,0.032211356949434986,1.0
NZD/USD,2025-08-28,0.5861183404922485,0.5882698893547058,21.515488624572754,0.36574179664666945,1.0
NZD/USD,2025-09-01,0.5896887183189392,0.5905279517173767,8.392333984375,0.1421157789393096,1.0
NZD/USD,2025-09-02,0.5906291007995605,0.5865102410316467,41.188597679138184,0.7022656178464878,1.0
NZD/USD,2025-09-03,0.5861698985099792,0.5878894925117493,17.195940017700195,0.2925029318729748,1.0
NZD/USD,2025-09-04,0.5881107449531555,0.5848979353904724,32.128095626831055,0.5492940508566274,1.0
NZD/USD,2025-09-08,0.5888698697090149,0.5942476391792297,53.77769470214844,0.9049711123198702,1.0
NZD/USD,2025-09-09,0.5945091247558594,0.5929087996482849,16.00325107574463,0.26991083764042295,1.0
NZD/USD,2025-09-10,0.5925999879837036,0.5946717262268066,20.717382431030273,0.34838351173145743,1.0
NZD/USD,2025-09-11,0.5943783521652222,0.5976572036743164,32.78851509094238,0.5486174162942065,1.0
NZD/USD,2025-09-15,0.5953408479690552,0.5970505475997925,17.096996307373047,0.2863576019836983,1.0
NZD/USD,2025-09-16,0.596911609172821,0.5989458560943604,20.342469215393066,0.3396378655667372,1.0
NZD/USD,2025-09-17,0.5989401340484619,0.5949901938438416,39.49940204620361,0.6638664377142734,1.0
NZD/USD,2025-09-18,0.5934189558029175,0.5885815024375916,48.37453365325928,0.8218833492543969,1.0
NZD/USD,2025-09-22,0.5851306319236755,0.5869578123092651,18.271803855895996,0.31129671456299957,1.0
NZD/USD,2025-09-23,0.5868799686431885,0.586029052734375,8.509159088134766,0.1452002942248607,1.0
NZD/USD,2025-09-24,0.5856995582580566,0.5817335844039917,39.659738540649414,0.6817508839769383,1.0
NZD/USD,2025-09-25,0.5816601514816284,0.576801061630249,48.590898513793945,0.8424204070716936,1.0
NZD/USD,2025-09-29,0.577820897102356,0.5780012607574463,1.8036365509033203,0.03120471655268936,1.0
NZD/USD,2025-09-30,0.5781516432762146,0.5799118280410767,17.601847648620605,0.3035262741247937,1.0
NZD/USD,2025-10-01,0.5795992612838745,0.5819366574287415,23.373961448669434,0.40165817276309995,1.0
NZD/USD,2025-10-02,0.5821806192398071,0.5818350911140442,3.4552812576293945,0.05938592069126564,1.0
NZD/USD,2025-10-06,0.5824688673019409,0.5840439200401306,15.750527381896973,0.26968052986177354,1.0
NZD/USD,2025-10-07,0.5840998888015747,0.5802146792411804,38.85209560394287,0.6696158679534726,1.0
NZD/USD,2025-10-08,0.5797706246376038,0.5790723562240601,6.982684135437012,0.12058396606891741,1.0
NZD/USD,2025-10-09,0.5783489346504211,0.5749769806861877,33.719539642333984,0.5864502540969986,1.0
NZD/USD,2025-10-13,0.5726786255836487,0.5728033185005188,1.2469291687011719,0.02176888869927248,1.0
NZD/USD,2025-10-14,0.5717487335205078,0.5716572403907776,0.9149312973022461,0.01600489301380685,1.0
NZD/USD,2025-10-15,0.5715000629425049,0.5723115801811218,8.115172386169434,0.14179640369326776,1.0
NZD/USD,2025-10-16,0.5716115236282349,0.5727704763412476,11.589527130126953,0.2023415592954218,1.0
NZD/USD,2025-10-20,0.5731808543205261,0.5747787356376648,15.978813171386719,0.2779993792508638,1.0
NZD/USD,2025-10-21,0.5744485259056091,0.574349582195282,0.9894371032714844,0.017227088413465066,1.0
NZD/USD,2025-10-22,0.5742605328559875,0.5740528106689453,2.0772218704223633,0.03618520512079317,1.0
NZD/USD,2025-10-23,0.5736905336380005,0.5754402279853821,17.496943473815918,0.3040618751155575,1.0
NZD/USD,2025-10-27,0.5760199427604675,0.5776340365409851,16.14093780517578,0.2794319029715024,1.0
NZD/USD,2025-10-28,0.5775506496429443,0.5783355832099915,7.849335670471191,0.1357228553516329,1.0
NZD/USD,2025-10-29,0.5783589482307434,0.5765349864959717,18.239617347717285,0.3163661837518811,1.0
NZD/USD,2025-10-30,0.5764286518096924,0.5745805501937866,18.481016159057617,0.3216436085910773,1.0
NZD/USD,2025-11-03,0.5722787976264954,0.5707762837409973,15.025138854980469,0.263240419810408,1.0
NZD/USD,2025-11-04,0.5707013010978699,0.5643659234046936,63.353776931762695,1.1225655962635643,1.0
NZD/USD,2025-11-05,0.5642401576042175,0.5668291449546814,25.889873504638672,0.4567491586324235,1.0
NZD/USD,2025-11-06,0.566899836063385,0.5639521479606628,29.47688102722168,0.5226840811550162,1.0
NZD/USD,2025-11-10,0.5627208352088928,0.5645252466201782,18.044114112854004,0.31963343040695535,1.0
NZD/USD,2025-11-11,0.5643786787986755,0.5658668875694275,14.882087707519531,0.2629962635107115,1.0
NZD/USD,2025-11-12,0.5657292604446411,0.5663155317306519,5.862712860107422,0.10352378721083383,1.0
NZD/USD,2025-11-13,0.566228985786438,0.5651952624320984,10.337233543395996,0.18289667713975033,1.0
NZD/USD,2025-11-17,0.5676302909851074,0.5655468702316284,20.83420753479004,0.36839046649231866,1.0
NZD/USD,2025-11-18,0.5654797554016113,0.566027045249939,5.472898483276367,0.09668969935632166,1.0
NZD/USD,2025-11-19,0.5659213662147522,0.5615138411521912,44.07525062561035,0.7849361386207454,1.0
NZD/USD,2025-11-20,0.5614413619041443,0.5591902732849121,22.510886192321777,0.4025621915789707,1.0
NZD/USD,2025-11-24,0.5613183975219727,0.561482310295105,1.6391277313232422,0.029192865051469674,1.0
NZD/USD,2025-11-25,0.561381459236145,0.5625246167182922,11.431574821472168,0.20321910333742796,1.0
NZD/USD,2025-11-26,0.5624499320983887,0.5706133842468262,81.634521484375,1.4306450521157585,1.0
NZD/USD,2025-11-27,0.5707000494003296,0.5730658769607544,23.658275604248047,0.41283692774937725,1.0
NZD/USD,2025-12-01,0.5736411809921265,0.5727704763412476,8.707046508789062,0.15201632885144628,1.0
NZD/USD,2025-12-02,0.572619616985321,0.5741846561431885,15.650391578674316,0.272567220514013,1.0
NZD/USD,2025-12-03,0.574079155921936,0.577500581741333,34.21425819396973,0.5924540905362162,1.0
NZD/USD,2025-12-04,0.5774205327033997,0.5760700106620789,13.505220413208008,0.23443713720987525,1.0
NZD/USD,2025-12-08,0.5775999426841736,0.577734112739563,1.341700553894043,0.023223495450732868,1.0
NZD/USD,2025-12-09,0.5776100158691406,0.5780680775642395,4.5806169509887695,0.07924009522009516,1.0
NZD/USD,2025-12-10,0.5779501795768738,0.5818012952804565,38.51115703582764,0.6619297232272985,1.0
NZD/USD,2025-12-11,0.5817199945449829,0.5810237526893616,6.962418556213379,0.11983018807728099,1.0
NZD/USD,2025-12-15,0.5802315473556519,0.5787037014961243,15.278458595275879,0.26401176553349215,1.0
NZD/USD,2025-12-16,0.5786099433898926,0.5785028338432312,1.0710954666137695,0.018514956262150762,1.0
NZD/USD,2025-12-17,0.5785999298095703,0.5771339535713196,14.659762382507324,0.25400970245802285,1.0
NZD/USD,2025-12-18,0.5772998332977295,0.5777007937431335,4.009604454040527,0.0694062479655055,1.0
NZD/USD,2025-12-22,0.57548987865448,0.57984459400177,43.54715347290039,0.7510142186954227,1.0
NZD/USD,2025-12-23,0.5797706246376038,0.5844193696975708,46.48745059967041,0.7954467803441738,1.0
NZD/USD,2025-12-24,0.5842998623847961,0.5837711691856384,5.286931991577148,0.09056514385512436,1.0
NZD/USD,2025-12-29,0.582610011100769,0.5809562802314758,16.53730869293213,0.2846566816756506,1.0
NZD/USD,2025-12-30,0.5808698534965515,0.5792400240898132,16.298294067382812,0.2813737550852616,1.0
NZD/USD,2025-12-31,0.5791494250297546,0.5758378505706787,33.11574459075928,0.5750880140640325,1.0
NZD/USD,2026-01-05,0.5755594372749329,0.5787037014961243,31.442642211914062,0.5433288594945102,1.0
NZD/USD,2026-01-06,0.5786300301551819,0.5782686471939087,3.6138296127319336,0.06249395726827502,1.0
NZD/USD,2026-01-07,0.5781984925270081,0.5774672627449036,7.312297821044922,0.12662705390929033,1.0
NZD/USD,2026-01-08,0.5773905515670776,0.575175404548645,22.151470184326172,0.3851254766658356,1.0
NZD/USD,2026-01-12,0.572980523109436,0.5773671865463257,43.866634368896484,0.7597701322670647,1.0
NZD/USD,2026-01-13,0.5773205757141113,0.5740198493003845,33.007264137268066,0.5750195603426836,1.0
NZD/USD,2026-01-14,0.5739309191703796,0.5745805501937866,6.496310234069824,0.11306178449442535,1.0
NZD/USD,2026-01-15,0.5744815468788147,0.5744485259056091,0.33020973205566406,0.0057482910507097845,1.0
NZD/USD,2026-01-19,0.5763389468193054,0.579407811164856,30.68864345550537,0.5296553284949361,1.0
NZD/USD,2026-01-20,0.5793507695198059,0.5828185081481934,34.67738628387451,0.5949945960717,1.0
NZD/USD,2026-01-21,0.5827301740646362,0.5838733911514282,11.432170867919922,0.19579879886930787,1.0
NZD/USD,2026-01-22,0.5838188529014587,0.591715931892395,78.9707899093628,1.334606449699648,1.0
NZD/USD,2026-01-26,0.596039891242981,0.5971575379371643,11.176466941833496,0.1871611129693139,1.0
NZD/USD,2026-01-27,0.5970701575279236,0.6028454303741455,57.75272846221924,0.9580022598226549,1.0
NZD/USD,2026-01-28,0.6027800440788269,0.6067593097686768,39.792656898498535,0.6558227662575007,1.0
NZD/USD,2026-01-29,0.6065311431884766,0.6077180504798889,11.869072914123535,0.19530558463338446,1.0
NZD/USD,2026-02-02,0.6014494895935059,0.601142168045044,3.0732154846191406,0.05112293976337496,1.0
NZD/USD,2026-02-03,0.6010915637016296,0.6043025851249695,32.11021423339844,0.5313598687776268,1.0
NZD/USD,2026-02-04,0.6042186617851257,0.5999159812927246,43.02680492401123,0.7172138477007268,1.0
NZD/USD,2026-02-05,0.5998188257217407,0.5939653515815735,58.53474140167236,0.9854908412723024,1.0
NZD/USD,2026-02-09,0.6032381653785706,0.6054368019104004,21.98636531829834,0.3631488084127423,1.0
NZD/USD,2026-02-10,0.605279266834259,0.6041930913925171,10.861754417419434,0.17977289995795467,1.0
NZD/USD,2026-02-11,0.6041712164878845,0.6049972772598267,8.260607719421387,0.13653958505128486,1.0
NZD/USD,2026-02-12,0.6048911213874817,0.6034274697303772,14.636516571044922,0.24255635192718017,1.0
NZD/USD,2026-02-16,0.6033801436424255,0.6033182144165039,0.6192922592163086,0.010264769808338273,1.0
NZD/USD,2026-02-17,0.6032018065452576,0.6049972772598267,17.954707145690918,0.2967733545349487,1.0
NZD/USD,2026-02-18,0.6048911213874817,0.5969080328941345,79.83088493347168,1.3374067785016759,1.0
NZD/USD,2026-02-19,0.5967797636985779,0.59719318151474,4.134178161621094,0.06922681453152281,1.0
NZD/USD,2026-02-23,0.6003986597061157,0.5961251854896545,42.734742164611816,0.716875300772768,1.0
NZD/USD,2026-02-24,0.596039891242981,0.59669429063797,6.543993949890137,0.10967079880877474,1.0
NZD/USD,2026-02-25,0.5965590476989746,0.6002040505409241,36.45002841949463,0.6072939425624442,1.0
NZD/USD,2026-02-26,0.6000888347625732,0.5981218814849854,19.669532775878906,0.3288549271436857,1.0
NZD/USD,2026-03-02,0.595770001411438,0.5948839783668518,8.860230445861816,0.1489404786154437,1.0
NZD/USD,2026-03-03,0.5948804616928101,0.5890669226646423,58.135390281677246,0.9869063776098986,1.0
NZD/USD,2026-03-04,0.5889108180999756,0.5939300656318665,50.19247531890869,0.8450906634186004,1.0
NZD/USD,2026-03-05,0.5937607288360596,0.5899009108543396,38.59817981719971,0.6543163285050513,1.0
NZD/USD,2026-03-09,0.5850211381912231,0.5927681922912598,77.47054100036621,1.3069281045751633,1.0
NZD/USD,2026-03-10,0.5927084684371948,0.592522382736206,1.8608570098876953,0.031405682959932305,1.0
NZD/USD,2026-03-11,0.5924416184425354,0.5896226763725281,28.189420700073242,0.47809254680467805,1.0
NZD/USD,2026-03-12,0.5895600914955139,0.5855143666267395,40.45724868774414,0.6909693594851669,1.0
NZD/USD,2026-03-16,0.5797303318977356,0.5855143666267395,57.84034729003906,0.987855304443995,1.0
NZD/USD,2026-03-17,0.5853704214096069,0.586029052734375,6.586313247680664,0.11238885200229132,1.0
NZD/USD,2026-03-18,0.585919201374054,0.579575777053833,63.43424320220947,1.094494382161135,1.0
NZD/USD,2026-03-19,0.5795589685440063,0.5869578123092651,73.98843765258789,1.2605409809862749,1.0
NZD/USD,2026-03-23,0.5831209421157837,0.5853430032730103,22.220611572265625,0.3796169331147142,1.0
NZD/USD,2026-03-24,0.5853601694107056,0.583941638469696,14.185309410095215,0.24292341007347723,1.0
NZD/USD,2026-03-25,0.5838086605072021,0.5807538032531738,30.548572540283203,0.5260158843413697,1.0
NZD/USD,2026-03-26,0.5806391835212708,0.5761696100234985,44.69573497772217,0.7757391955452023,1.0
NZD/USD,2026-03-30,0.5727902054786682,0.5721478462219238,6.423592567443848,0.11227155026206764,1.0
NZD/USD,2026-03-31,0.5717389583587646,0.5747456550598145,30.066967010498047,0.5231351772005818,1.0
NZD/USD,2026-04-01,0.5756091475486755,0.5752416253089905,3.675222396850586,0.0638900634994285,1.0
NZD/USD,2026-04-02,0.5750100612640381,0.571918785572052,30.91275691986084,0.5405095565962373,1.0
NZD/USD,2026-04-06,0.5686697363853455,0.5712327361106873,25.62999725341797,0.44867871942919724,1.0
NZD/USD,2026-04-07,0.5714514255523682,0.579407811164856,79.56385612487793,1.3731926734801998,1.0
NZD/USD,2026-04-08,0.5809292793273926,0.5826826691627502,17.53389835357666,0.300916764501867,1.0
NZD/USD,2026-04-09,0.5825400948524475,0.5856858491897583,31.45754337310791,0.5371060853975982,1.0
NZD/USD,2026-04-13,0.5804302096366882,0.5871990919113159,67.68882274627686,1.1527405896686882,1.0
NZD/USD,2026-04-14,0.5871990919113159,0.5903884768486023,31.89384937286377,0.5402180195505839,1.0
NZD/USD,2026-04-15,0.5903501510620117,0.591750979423523,14.008283615112305,0.23672598951604637,1.0
NZD/USD,2026-04-16,0.5912192463874817,0.5892751812934875,19.440650939941406,0.3299078521730414,1.0
NZD/USD,2026-04-20,0.5865206122398376,0.5915409326553345,50.20320415496826,0.848685211513833,1.0
NZD/USD,2026-04-21,0.590639591217041,0.5895183682441711,11.21222972869873,0.19019305135637038,1.0
NZD/USD,2026-04-22,0.5898104310035706,0.5905976891517639,7.872581481933594,0.13329854868278365,1.0
NZD/USD,2026-04-23,0.5905802845954895,0.5858230590820312,47.57225513458252,0.8120584261248941,1.0
NZD/USD,2026-04-27,0.5870887637138367,0.5913310647010803,42.42300987243652,0.7174155461269651,1.0
NZD/USD,2026-04-28,0.5912611484527588,0.5886854529380798,25.75695514678955,0.4375334063078804,1.0
NZD/USD,2026-04-29,0.588841438293457,0.5834305882453918,54.108500480651855,0.9274196720363543,1.0
NZD/USD,2026-04-30,0.584050714969635,0.5907372236251831,66.86508655548096,1.1318922167313126,1.0
NZD/USD,2026-05-04,0.5906500220298767,0.5872335433959961,34.16478633880615,0.5817921459532057,1.0
NZD/USD,2026-05-05,0.58724045753479,0.5896226763725281,23.82218837738037,0.40402429099130055,1.0
NZD/USD,2026-05-06,0.5903292298316956,0.5957345366477966,54.05306816101074,0.9073348083051861,1.0
NZD/USD,2026-05-07,0.5953586101531982,0.5937184691429138,16.40141010284424,0.2762489455064646,1.0
NZD/USD,2026-05-11,0.5950397253036499,0.5968011021614075,17.613768577575684,0.2951363278952518,1.0
NZD/USD,2026-05-12,0.5965298414230347,0.595450758934021,10.790824890136719,0.18122111237971228,1.0
NZD/USD,2026-05-13,0.5952416062355042,0.5937889814376831,14.52624797821045,0.24463653641802965,1.0
NZD/USD,2026-05-14,0.5931690335273743,0.5912261605262756,19.428730010986328,0.3286175630945016,1.0
NZD/USD,2026-05-18,0.5832604169845581,0.5879586338996887,46.98216915130615,0.7990726973374415,1.0
NZD/USD,2026-05-19,0.5874301791191101,0.5837030410766602,37.27138042449951,0.6385332575234006,1.0
NZD/USD,2026-05-20,0.5833386778831482,0.587164580821991,38.259029388427734,0.6515895310794746,1.0
NZD/USD,2026-05-21,0.5868303775787354,0.587924063205719,10.936856269836426,0.18602498101884185,1.0
NZD/USD,2026-05-25,0.5873000621795654,0.5873025059700012,0.024437904357910156,0.0004161042071078514,1.0
NZD/USD,2026-05-26,0.5862111449241638,0.5839074850082397,23.036599159240723,0.39452481344567186,1.0
NZD/USD,2026-05-27,0.5842486619949341,0.5901445746421814,58.959126472473145,0.9990624163277525,1.0
NZD/USD,2026-05-28,0.5892404317855835,0.59357750415802,43.370723724365234,0.7306665670540513,1.0
NZD/USD,2026-06-01,0.5981684327125549,0.5935069918632507,46.61440849304199,0.7854062232140033,1.0
NZD/USD,2026-06-02,0.5935704112052917,0.5930846333503723,4.857778549194336,0.08190700409404371,1.0
NZD/USD,2026-06-03,0.5922486186027527,0.5873025059700012,49.46112632751465,0.8421746174200909,1.0
NZD/USD,2026-06-04,0.5871197581291199,0.5870956182479858,0.24139881134033203,0.004111746091049287,1.0
NZD/USD,2026-06-08,0.5796698331832886,0.5810237526893616,13.53919506072998,0.23302309067506527,1.0
NZD/USD,2026-06-09,0.5803594589233398,0.581125020980835,7.655620574951172,0.13173792727130998,1.0
NZD/USD,2026-06-10,0.5807504653930664,0.5793743133544922,13.761520385742188,0.2375238264545248,1.0
NZD/USD,2026-06-11,0.5794313549995422,0.5838733911514282,44.42036151885986,0.7607875644283195,1.0
NZD/USD,2026-06-15,0.585538387298584,0.5825808048248291,29.575824737548828,0.5076690562512047,1.0
NZD/USD,2026-06-16,0.5827913284301758,0.5833284854888916,5.371570587158203,0.09208483248775778,1.0
NZD/USD,2026-06-17,0.5831209421157837,0.5776674151420593,54.53526973724365,0.9440599955570006,1.0
NZD/USD,2026-06-18,0.5774805545806885,0.5760700106620789,14.105439186096191,0.24485633560206982,1.0
NZD/USD,2026-06-22,0.5734602212905884,0.5714612603187561,19.989609718322754,0.34979815967179867,1.0
NZD/USD,2026-06-23,0.5711707472801208,0.5670220255851746,41.48721694946289,0.731668525691705,1.0
NZD/USD,2026-06-24,0.5664695501327515,0.5647484064102173,17.211437225341797,0.3047629179645687,1.0
NZD/USD,2026-06-25,0.5644615292549133,0.5650036931037903,5.421638488769531,0.09595757611753494,1.0
NZD/USD,2026-06-29,0.5640698671340942,0.5653870105743408,13.17143440246582,0.23296315897115846,1.0
NZD/USD,2026-06-30,0.5651313662528992,0.567794680595398,26.633143424987793,0.4690629260045177,1.0
NZD/USD,2026-07-01,0.5675304532051086,0.5676980018615723,1.6754865646362305,0.02951369494241732,1.0
NZD/USD,2026-07-02,0.5675497651100159,0.5696383118629456,20.885467529296875,0.3666443617704193,1.0
NZD/USD,2026-07-06,0.5706000924110413,0.5704506635665894,1.494288444519043,0.02619487608580217,1.0
NZD/USD,2026-07-07,0.5701611638069153,0.5679236650466919,22.374987602233887,0.393978785870709,1.0
NZD/USD,2026-07-08,0.567659318447113,0.5705157518386841,28.56433391571045,0.5006756399565133,1.0
NZD/USD,2026-07-09,0.5715788006782532,0.5759705305099487,43.917298316955566,0.7624921066373375,1.0
NZD/USD,2026-07-13,0.5758709907531738,0.5756720900535583,1.9890069961547852,0.034551040957530796,1.0
NZD/USD,2026-07-14,0.5763389468193054,0.581125020980835,47.86074161529541,0.8235876943401104,1.0
NZD/USD,2026-07-15,0.5813513994216919,0.5850690007209778,37.17601299285889,0.6354124547198204,1.0
NZD/USD,2026-07-16,0.5847799181938171,0.5840439200401306,7.359981536865234,0.12601760388772676,1.0
NZD/USD,2026-07-20,0.5839995741844177,0.5844535231590271,4.53948974609375,0.07767067125470259,1.0
NZD/USD,2026-07-21,0.5852916240692139,0.5826147794723511,26.76844596862793,0.45945360316590234,1.0
NZD/USD,2026-07-22,0.5826215744018555,0.5813277959823608,12.937784194946289,0.2225557471079339,1.0
NZD/USD,2026-07-23,0.581429123878479,0.5773671865463257,40.6193733215332,0.7035275690762531,1.0
NZD/USD,2026-07-27,0.5798513293266296,0.5773671865463257,24.84142780303955,0.4302535437047455,1.0
NZD/USD,2026-07-28,0.5770406723022461,0.5783020853996277,12.614130973815918,0.21812356019949497,1.0
NZD/USD,2026-07-29,0.5782185196876526,0.5803493857383728,21.30866050720215,0.3671695194454518,1.0
NZD/USD,2026-07-30,0.5802584886550903,0.5882698893547058,80.11400699615479,1.3618580254725376,1.0
NZD/USD,2026-08-03,0.5898382663726807,0.587164580821991,26.736855506896973,0.45535538723175656,1.0
NZD/USD,2026-08-04,0.5866995453834534,0.588893473148346,21.93927764892578,0.3725508712404958,1.0
NZD/USD,2026-08-05,0.5876303911209106,0.5887200832366943,10.896921157836914,0.18509511511697177,1.0
NZD/USD,2026-08-06,0.5887513160705566,0.586923360824585,18.279552459716797,0.3114470079029627,1.0
NZD/USD,2026-08-10,0.5887998342514038,0.5885122418403625,2.8759241104125977,0.04886770241888543,1.0
NZD/USD,2026-08-11,0.5888206362724304,0.588408350944519,4.1228532791137695,0.07006789200893773,1.0
NZD/USD,2026-08-12,0.5880000591278076,0.586166501045227,18.335580825805664,0.31280499300301945,1.0
NZD/USD,2026-08-13,0.5861115455627441,0.5853087306022644,8.028149604797363,0.13716094062934356,1.0
NZD/USD,2026-08-17,0.5890911817550659,0.5903884768486023,12.97295093536377,0.2197358424847868,1.0
NZD/USD,2026-08-18,0.5905907154083252,0.5877512693405151,28.394460678100586,0.4831033493123804,1.0
NZD/USD,2026-08-19,0.5872901082038879,0.5938242077827454,65.34099578857422,1.1003424065945062,1.0
NZD/USD,2026-08-20,0.5935810208320618,0.5948486328125,12.676119804382324,0.21309824222758056,1.0
NZD/USD,2026-08-24,0.5977500677108765,0.5962318181991577,15.1824951171875,0.2546408067091135,1.0
NZD/USD,2026-08-25,0.5966017842292786,0.5980145931243896,14.12808895111084,0.23624990282088543,1.0
NZD/USD,2026-08-26,0.5976000428199768,0.594742476940155,28.575658798217773,0.48047112668384623,1.0
NZD/USD,2026-08-27,0.5948415398597717,0.5955926179885864,7.510781288146973,0.12610601712143626,1.0
NZD/USD,2026-08-31,0.5919997096061707,0.5917860269546509,2.136826515197754,0.036108093430220534,1.0
NZD/USD,2026-09-01,0.5922310948371887,0.5895183682441711,27.12726593017578,0.46015980826809466,1.0
NZD/USD,2026-09-02,0.5895600914955139,0.5852402448654175,43.198466300964355,0.738132188959396,1.0
NZD/USD,2026-09-03,0.5851101279258728,0.588408350944519,32.9822301864624,0.5605330062620456,1.0
NZD/USD,2026-09-07,0.5882906913757324,0.5880969166755676,1.9377470016479492,0.03294945011107644,1.0
EUR/JPY,2024-09-09,157.97300720214844,157.8769989013672,9.600830078125,0.06081208880923223,1.0
EUR/JPY,2024-09-10,157.9810028076172,156.9929962158203,98.8006591796875,0.6293316361951902,1.0
EUR/JPY,2024-09-11,156.73300170898438,156.89100646972656,15.80047607421875,0.10070989045039738,1.0
EUR/JPY,2024-09-12,157.01300048828125,157.0189971923828,0.59967041015625,0.00381909463745665,1.0
EUR/JPY,2024-09-16,156.11500549316406,156.73500061035156,61.99951171875,0.395569027194397,1.0
EUR/JPY,2024-09-17,156.68699645996094,157.91400146484375,122.70050048828125,0.7770083675297021,1.0
EUR/JPY,2024-09-18,157.96200561523438,158.0489959716797,8.69903564453125,0.055040119622714996,1.0
EUR/JPY,2024-09-19,158.58399963378906,159.14500427246094,56.1004638671875,0.35251162374623995,1.0
EUR/JPY,2024-09-23,160.71099853515625,159.58399963378906,112.69989013671875,0.7062104621725283,1.0
EUR/JPY,2024-09-24,159.58900451660156,160.031005859375,44.20013427734375,0.2761973158887972,1.0
EUR/JPY,2024-09-25,159.98699951171875,161.01100158691406,102.40020751953125,0.6359826751605878,1.0
EUR/JPY,2024-09-26,161.0399932861328,161.89999389648438,86.00006103515625,0.5311924909036314,1.0
EUR/JPY,2024-09-30,159.47999572753906,159.94400024414062,46.40045166015625,0.2901043589589481,1.0
EUR/JPY,2024-10-01,160.03199768066406,158.80299377441406,122.900390625,0.7739173406238479,1.0
EUR/JPY,2024-10-02,159.0240020751953,161.90699768066406,288.299560546875,1.7806491669711537,1.0
EUR/JPY,2024-10-03,161.91799926757812,162.05999755859375,14.1998291015625,0.08762081522572199,1.0
EUR/JPY,2024-10-07,163.281005859375,162.16099548339844,112.00103759765625,0.6906780342818171,1.0
EUR/JPY,2024-10-08,162.57400512695312,162.72500610351562,15.10009765625,0.09279518875325313,1.0
EUR/JPY,2024-10-09,162.60699462890625,163.2740020751953,66.70074462890625,0.4085203019534453,1.0
EUR/JPY,2024-10-10,163.2010040283203,162.5189971923828,68.20068359375,0.4196474552019112,1.0
EUR/JPY,2024-10-14,163.1199951171875,163.32899475097656,20.89996337890625,0.1279623584947172,1.0
EUR/JPY,2024-10-15,163.2729949951172,162.50999450683594,76.300048828125,0.46950988497458507,1.0
EUR/JPY,2024-10-16,162.28500366210938,162.3939971923828,10.89935302734375,0.06711672362145041,1.0
EUR/JPY,2024-10-17,162.42100524902344,162.66799926757812,24.69940185546875,0.15183934127596826,1.0
EUR/JPY,2024-10-21,162.5850067138672,162.97900390625,39.39971923828125,0.24174720849898584,1.0
EUR/JPY,2024-10-22,162.86000061035156,163.1219940185547,26.1993408203125,0.16061194554385103,1.0
EUR/JPY,2024-10-23,163.17999267578125,164.7010040283203,152.10113525390625,0.9234985308756981,1.0
EUR/JPY,2024-10-24,164.68600463867188,164.197998046875,48.8006591796875,0.29720617644653596,1.0
EUR/JPY,2024-10-28,165.12399291992188,165.6840057373047,56.00128173828125,0.3380005299188167,1.0
EUR/JPY,2024-10-29,165.6840057373047,165.8520050048828,16.7999267578125,0.10129468592989212,1.0
EUR/JPY,2024-10-30,165.84800720214844,166.4010009765625,55.29937744140625,0.3323259903298006,1.0
EUR/JPY,2024-10-31,166.3730010986328,165.36199951171875,101.10015869140625,0.6113868905185895,1.0
EUR/JPY,2024-11-04,165.593994140625,165.55299377441406,4.10003662109375,0.024765705093080615,1.0
EUR/JPY,2024-11-05,165.5749969482422,165.58799743652344,1.300048828125,0.007851105443939929,1.0
EUR/JPY,2024-11-06,165.5780029296875,165.58799743652344,0.99945068359375,0.006035767682841141,1.0
EUR/JPY,2024-11-07,165.60899353027344,165.35299682617188,25.59967041015625,0.15481830327555554,1.0
EUR/JPY,2024-11-11,163.8280029296875,163.64599609375,18.20068359375,0.1112198527810185,1.0
EUR/JPY,2024-11-12,163.61599731445312,164.1909942626953,57.49969482421875,0.35020005258158576,1.0
EUR/JPY,2024-11-13,164.1929931640625,164.19900512695312,0.6011962890625,0.003661388134463271,1.0
EUR/JPY,2024-11-14,164.1909942626953,164.76199340820312,57.09991455078125,0.3465599885606772,1.0
EUR/JPY,2024-11-18,162.91400146484375,163.8000030517578,88.60015869140625,0.5409044996379531,1.0
EUR/JPY,2024-11-19,163.80799865722656,164.10699462890625,29.89959716796875,0.18219575122669485,1.0
EUR/JPY,2024-11-20,164.10800170898438,163.77099609375,33.7005615234375,0.20577857085357018,1.0
EUR/JPY,2024-11-21,163.75999450683594,161.3719940185547,238.800048828125,1.479810981332161,1.0
EUR/JPY,2024-11-25,161.5330047607422,161.35299682617188,18.00079345703125,0.11156156880323574,1.0
EUR/JPY,2024-11-26,161.22000122070312,160.48599243164062,73.40087890625,0.45736626476927744,1.0
EUR/JPY,2024-11-27,160.50599670410156,159.8780059814453,62.799072265625,0.39279369216622056,1.0
EUR/JPY,2024-11-28,159.85299682617188,159.67799377441406,17.50030517578125,0.10959747653458685,1.0
EUR/JPY,2024-12-02,158.05099487304688,157.00100708007812,104.998779296875,0.6687777438479776,1.0
EUR/JPY,2024-12-03,156.98699951171875,157.28500366210938,29.8004150390625,0.18946761830569578,1.0
EUR/JPY,2024-12-04,157.27499389648438,158.27499389648438,100.0,0.6318117444717919,1.0
EUR/JPY,2024-12-05,158.2779998779297,158.99000549316406,71.2005615234375,0.4478304236960281,1.0
EUR/JPY,2024-12-09,158.5500030517578,159.8040008544922,125.3997802734375,0.7847098921360481,1.0
EUR/JPY,2024-12-10,159.8000030517578,159.88400268554688,8.39996337890625,0.05253786018496763,1.0
EUR/JPY,2024-12-11,159.8719940185547,159.96299743652344,9.100341796875,0.056890293022210964,1.0
EUR/JPY,2024-12-12,159.9199981689453,159.8070068359375,11.29913330078125,0.07070486785589612,1.0
EUR/JPY,2024-12-16,161.27000427246094,162.052001953125,78.19976806640625,0.48255971616460647,1.0
EUR/JPY,2024-12-17,162.04800415039062,161.16799926757812,88.00048828125,0.5460171292140182,1.0
EUR/JPY,2024-12-18,161.16600036621094,160.08999633789062,107.60040283203125,0.6721244630734247,1.0
EUR/JPY,2024-12-19,160.0749969482422,163.38600158691406,331.1004638671875,2.026492237103047,1.0
EUR/JPY,2024-12-23,163.3040008544922,163.44200134277344,13.800048828125,0.08443391976817081,1.0
EUR/JPY,2024-12-24,163.43600463867188,163.26400756835938,17.19970703125,0.1053490434751726,1.0
EUR/JPY,2024-12-25,163.3699951171875,163.4010009765625,3.1005859375,0.018975317892604184,1.0
EUR/JPY,2024-12-26,163.4080047607422,164.46400451660156,105.5999755859375,0.6420856399327056,1.0
EUR/JPY,2024-12-30,164.6739959716797,163.38800048828125,128.59954833984375,0.787080740051454,1.0
EUR/JPY,2024-12-31,163.38600158691406,163.30099487304688,8.50067138671875,0.052055233302940526,1.0
EUR/JPY,2025-01-02,163.25599670410156,161.56199645996094,169.4000244140625,1.0485140573021083,1.0
EUR/JPY,2025-01-06,162.28199768066406,163.78599548339844,150.3997802734375,0.9182700867039771,1.0
EUR/JPY,2025-01-07,163.79200744628906,163.65499877929688,13.70086669921875,0.08371798479370356,1.0
EUR/JPY,2025-01-08,163.66900634765625,163.16000366210938,50.9002685546875,0.3119653555542795,1.0
EUR/JPY,2025-01-09,163.16200256347656,162.7310028076172,43.0999755859375,0.2648541141044333,1.0
EUR/JPY,2025-01-13,161.73699951171875,161.50599670410156,23.10028076171875,0.14303048328317647,1.0
EUR/JPY,2025-01-14,161.5290069580078,162.8800048828125,135.09979248046875,0.8294436912478557,1.0
EUR/JPY,2025-01-15,162.88299560546875,160.83700561523438,204.5989990234375,1.2720890832355687,1.0
EUR/JPY,2025-01-16,160.85899353027344,160.0540008544922,80.499267578125,0.502950673824819,1.0
EUR/JPY,2025-01-20,160.63900756835938,161.7949981689453,115.59906005859375,0.7144785770069724,1.0
EUR/JPY,2025-01-21,161.77099609375,162.10699462890625,33.599853515625,0.20726960975707098,1.0
EUR/JPY,2025-01-22,162.08799743652344,162.81100463867188,72.30072021484375,0.4440776001309093,1.0
EUR/JPY,2025-01-23,162.8209991455078,162.6479949951172,17.3004150390625,0.10636721983312411,1.0
EUR/JPY,2025-01-27,163.01800537109375,161.76199340820312,125.6011962890625,0.7764567785221985,1.0
EUR/JPY,2025-01-28,161.78900146484375,162.2239990234375,43.499755859375,0.2681462429803023,1.0
EUR/JPY,2025-01-29,162.229248046875,161.76199340820312,46.7254638671875,0.2888531655843084,1.0
EUR/JPY,2025-01-30,161.75900268554688,160.19200134277344,156.70013427734375,0.9782019886376355,1.0
EUR/JPY,2025-02-03,159.19700622558594,160.3730010986328,117.5994873046875,0.7332873145671278,1.0
EUR/JPY,2025-02-04,160.3509979248047,159.8730010986328,47.7996826171875,0.29898533391324617,1.0
EUR/JPY,2025-02-05,159.86300659179688,158.7220001220703,114.10064697265625,0.7188710253455944,1.0
EUR/JPY,2025-02-06,158.71299743652344,157.0240020751953,168.8995361328125,1.0756287822286574,1.0
EUR/JPY,2025-02-10,156.56900024414062,156.3509979248047,21.80023193359375,0.13943135779714264,1.0
EUR/JPY,2025-02-11,156.32699584960938,158.29800415039062,197.100830078125,1.2451251747360619,1.0
EUR/JPY,2025-02-12,158.29800415039062,160.30599975585938,200.799560546875,1.252601654664741,1.0
EUR/JPY,2025-02-13,160.28799438476562,160.02699279785156,26.10015869140625,0.16309847629503574,1.0
EUR/JPY,2025-02-17,159.45399475097656,158.76400756835938,68.99871826171875,0.4345992477672234,1.0
EUR/JPY,2025-02-18,158.7790069580078,158.73800659179688,4.10003662109375,0.025828953689945276,1.0
EUR/JPY,2025-02-19,158.73599243164062,157.58799743652344,114.79949951171875,0.7284787000225704,1.0
EUR/JPY,2025-02-20,157.58099365234375,156.9219970703125,65.899658203125,0.41995169213655337,1.0
EUR/JPY,2025-02-24,156.468994140625,156.76699829101562,29.8004150390625,0.19009367637276736,1.0
EUR/JPY,2025-02-25,156.76400756835938,156.8209991455078,5.69915771484375,0.03634180209217858,1.0
EUR/JPY,2025-02-26,156.83999633789062,156.08700561523438,75.299072265625,0.4824173028935067,1.0
EUR/JPY,2025-02-27,156.10400390625,155.96099853515625,14.300537109375,0.0916930337949293,1.0
EUR/JPY,2025-03-03,156.9969940185547,156.54100036621094,45.599365234375,0.29129343192965523,1.0
EUR/JPY,2025-03-04,156.53399658203125,159.06199645996094,252.79998779296875,1.5893173317273401,1.0
EUR/JPY,2025-03-05,159.14100646972656,160.71099853515625,156.99920654296875,0.9769039329851745,1.0
EUR/JPY,2025-03-06,160.7209930419922,159.76400756835938,95.69854736328125,0.5989994168263088,1.0
EUR/JPY,2025-03-10,160.30299377441406,159.4040069580078,89.898681640625,0.563967514720676,1.0
EUR/JPY,2025-03-11,159.39999389648438,161.5800018310547,218.00079345703125,1.3491817736514768,1.0
EUR/JPY,2025-03-12,161.56399536132812,161.41600036621094,14.79949951171875,0.09168545545759114,1.0
EUR/JPY,2025-03-13,161.40699768066406,160.56100463867188,84.59930419921875,0.5268981991586431,1.0
EUR/JPY,2025-03-17,161.67999267578125,163.10699462890625,142.7001953125,0.8748870374147051,1.0
EUR/JPY,2025-03-18,163.09500122070312,163.50399780273438,40.899658203125,0.25014469831171926,1.0
EUR/JPY,2025-03-19,163.4759979248047,162.0240020751953,145.1995849609375,0.8961609582606803,1.0
EUR/JPY,2025-03-20,162.0,161.30099487304688,69.9005126953125,0.4333545044178321,1.0
EUR/JPY,2025-03-24,162.1750030517578,162.88999938964844,71.4996337890625,0.43894428176666966,1.0
EUR/JPY,2025-03-25,162.88400268554688,161.74099731445312,114.300537109375,0.7066887122450131,1.0
EUR/JPY,2025-03-26,161.74600219726562,161.60800170898438,13.800048828125,0.08539211352279102,1.0
EUR/JPY,2025-03-27,161.6199951171875,162.94400024414062,132.4005126953125,0.8125522418557019,1.0
EUR/JPY,2025-03-31,161.93800354003906,162.1580047607422,22.0001220703125,0.13567089767028662,1.0
EUR/JPY,2025-04-01,162.177001953125,161.78900146484375,38.800048828125,0.2398188287017528,1.0
EUR/JPY,2025-04-02,161.6909942626953,160.83299255371094,85.8001708984375,0.533473695515453,1.0
EUR/JPY,2025-04-03,161.24200439453125,161.16299438476562,7.9010009765625,0.049024908023856895,1.0
EUR/JPY,2025-04-07,159.72999572753906,161.43899536132812,170.89996337890625,1.058603982243589,1.0
EUR/JPY,2025-04-08,161.31100463867188,160.10800170898438,120.30029296875,0.7513696485164453,1.0
EUR/JPY,2025-04-09,160.13999938964844,161.54200744628906,140.2008056640625,0.8678906984034956,1.0
EUR/JPY,2025-04-10,161.41299438476562,161.88299560546875,47.0001220703125,0.29033390378355917,1.0
EUR/JPY,2025-04-14,162.97799682617188,162.4759979248047,50.19989013671875,0.3089680369893878,1.0
EUR/JPY,2025-04-15,162.40199279785156,161.5290069580078,87.298583984375,0.5404514373512476,1.0
EUR/JPY,2025-04-16,161.6300048828125,161.656005859375,2.60009765625,0.016084138924673374,1.0
EUR/JPY,2025-04-17,161.71299743652344,162.16000366210938,44.70062255859375,0.27565750831959673,1.0
EUR/JPY,2025-04-22,162.16400146484375,162.11700439453125,4.69970703125,0.028989599510565206,1.0
EUR/JPY,2025-04-23,161.96499633789062,162.16900634765625,20.4010009765625,0.12580086316140485,1.0
EUR/JPY,2025-04-24,162.2169952392578,162.51699829101562,30.00030517578125,0.18459795277574817,1.0
EUR/JPY,2025-04-28,163.1529998779297,162.29200744628906,86.0992431640625,0.5305205383731374,1.0
EUR/JPY,2025-04-29,162.2036590576172,162.00399780273438,19.96612548828125,0.12324464679318088,1.0
EUR/JPY,2025-04-30,162.0570068359375,161.96499633789062,9.2010498046875,0.0568088785399798,1.0
EUR/JPY,2025-05-01,161.9409942626953,164.18800354003906,224.700927734375,1.3685587429630885,1.0
EUR/JPY,2025-05-05,163.7469940185547,162.64100646972656,110.5987548828125,0.6800176491984448,1.0
EUR/JPY,2025-05-06,162.5,162.41799926757812,8.2000732421875,0.05048746616240579,1.0
EUR/JPY,2025-05-07,162.2259979248047,162.6179962158203,39.1998291015625,0.24105468037828978,1.0
EUR/JPY,2025-05-08,162.61700439453125,163.77200317382812,115.4998779296875,0.7052480014370683,1.0
EUR/JPY,2025-05-12,163.74899291992188,164.57699584960938,82.80029296875,0.5031097605184931,1.0
EUR/JPY,2025-05-13,164.5469970703125,164.98899841308594,44.20013427734375,0.2678974640883574,1.0
EUR/JPY,2025-05-14,165.01100158691406,163.93800354003906,107.2998046875,0.6545145260433396,1.0
EUR/JPY,2025-05-15,163.9739990234375,162.78599548339844,118.80035400390625,0.7297946832043177,1.0
EUR/JPY,2025-05-19,162.54200744628906,162.84800720214844,30.5999755859375,0.18790512768113135,1.0
EUR/JPY,2025-05-20,162.83999633789062,162.92799377441406,8.79974365234375,0.05401001662444607,1.0
EUR/JPY,2025-05-21,162.91099548339844,163.052001953125,14.10064697265625,0.08647944707057306,1.0
EUR/JPY,2025-05-22,162.87600708007812,162.2989959716797,57.70111083984375,0.35552352307781554,1.0
EUR/JPY,2025-05-26,162.46299743652344,162.52000427246094,5.70068359375,0.03507681173939018,1.0
EUR/JPY,2025-05-27,162.4499969482422,163.45799255371094,100.799560546875,0.6166695122831213,1.0
EUR/JPY,2025-05-28,163.44500732421875,163.62100219726562,17.5994873046875,0.10756251989869316,1.0
EUR/JPY,2025-05-29,163.66200256347656,163.7779998779297,11.5997314453125,0.07082594398489568,1.0
EUR/JPY,2025-06-02,163.2469940185547,163.13099670410156,11.5997314453125,0.07110685081114845,1.0
EUR/JPY,2025-06-03,163.13787841796875,163.72799682617188,59.0118408203125,0.36042608450749375,1.0
EUR/JPY,2025-06-04,163.74000549316406,163.02999877929688,71.00067138671875,0.4355067896604505,1.0
EUR/JPY,2025-06-05,163.02000427246094,164.3419952392578,132.1990966796875,0.8044145775839281,1.0
EUR/JPY,2025-06-09,165.04400634765625,165.18800354003906,14.39971923828125,0.08717170090860124,1.0
EUR/JPY,2025-06-10,165.16600036621094,165.6479949951172,48.199462890625,0.2909752266669197,1.0
EUR/JPY,2025-06-11,165.63299560546875,165.9720001220703,33.90045166015625,0.20425404065277816,1.0
EUR/JPY,2025-06-12,165.947998046875,166.26400756835938,31.6009521484375,0.19006490106071083,1.0
EUR/JPY,2025-06-16,166.46636962890625,167.10800170898438,64.1632080078125,0.38396251137962617,1.0
EUR/JPY,2025-06-17,167.16000366210938,166.8209991455078,33.90045166015625,0.20321453434400633,1.0
EUR/JPY,2025-06-18,166.91099548339844,166.45599365234375,45.50018310546875,0.2733466191701058,1.0
EUR/JPY,2025-06-19,166.3596649169922,167.2760009765625,91.63360595703125,0.5477988798277781,1.0
EUR/JPY,2025-06-23,168.1540069580078,169.1820068359375,102.79998779296875,0.6076295565677854,1.0
EUR/JPY,2025-06-24,169.2480010986328,168.2239990234375,102.40020751953125,0.6087134303903008,1.0
EUR/JPY,2025-06-25,168.29800415039062,169.32000732421875,102.2003173828125,0.6035926822700665,1.0
EUR/JPY,2025-06-26,169.2899932861328,168.93600463867188,35.39886474609375,0.20954008484932785,1.0
EUR/JPY,2025-06-30,169.45399475097656,169.5989990234375,14.50042724609375,0.08549830676824857,1.0
EUR/JPY,2025-07-01,169.4600067138672,169.26499938964844,19.500732421875,0.11520829759367006,1.0
EUR/JPY,2025-07-02,169.2949981689453,169.4320068359375,13.70086669921875,0.08086350952854746,1.0
EUR/JPY,2025-07-03,169.36199951171875,170.34800720214844,98.60076904296875,0.578819621446826,1.0
EUR/JPY,2025-07-07,170.218994140625,171.1649932861328,94.59991455078125,0.5526826060317171,1.0
EUR/JPY,2025-07-08,171.21499633789062,171.92799377441406,71.29974365234375,0.41470700661985166,1.0
EUR/JPY,2025-07-09,172.16099548339844,171.4499969482422,71.099853515625,0.4146973157257554,1.0
EUR/JPY,2025-07-10,171.4010009765625,171.14999389648438,25.1007080078125,0.14665912300875694,1.0
EUR/JPY,2025-07-14,172.05999755859375,172.38999938964844,33.00018310546875,0.19142747968157556,1.0
EUR/JPY,2025-07-15,172.41000366210938,172.76600646972656,35.60028076171875,0.2060606799287041,1.0
EUR/JPY,2025-07-16,172.66200256347656,172.08700561523438,57.49969482421875,0.3341315320041135,1.0
EUR/JPY,2025-07-17,172.2050018310547,172.30499267578125,9.99908447265625,0.05803131016331656,1.0
EUR/JPY,2025-07-21,172.6280059814453,172.35899353027344,26.9012451171875,0.1560768287525566,1.0
EUR/JPY,2025-07-22,172.3820037841797,172.3470001220703,3.5003662109375,0.020309992099997405,1.0
EUR/JPY,2025-07-23,172.30499267578125,172.41200256347656,10.70098876953125,0.062066379430814216,1.0
EUR/JPY,2025-07-24,172.30299377441406,172.80999755859375,50.70037841796875,0.29338799336987464,1.0
EUR/JPY,2025-07-28,173.76699829101562,172.1719970703125,159.5001220703125,0.9263999069789206,1.0
EUR/JPY,2025-07-29,172.17599487304688,171.46099853515625,71.4996337890625,0.41700231772768004,1.0
EUR/JPY,2025-07-30,171.4510040283203,170.57000732421875,88.09967041015625,0.5165015338405701,1.0
EUR/JPY,2025-07-31,170.5399932861328,172.0679931640625,152.79998779296875,0.8880209792839149,1.0
EUR/JPY,2025-08-04,170.7050018310547,170.1320037841797,57.2998046875,0.336796154826857,1.0
EUR/JPY,2025-08-05,170.03500366210938,170.8179931640625,78.2989501953125,0.4583764786424467,1.0
EUR/JPY,2025-08-06,170.8489990234375,171.71600341796875,86.700439453125,0.5049059943591284,1.0
EUR/JPY,2025-08-07,171.65499877929688,171.51600646972656,13.89923095703125,0.0810375150583076,1.0
EUR/JPY,2025-08-11,171.99099731445312,172.0919952392578,10.09979248046875,0.058688333913655355,1.0
EUR/JPY,2025-08-12,172.07899475097656,172.57000732421875,49.10125732421875,0.28452949666953975,1.0
EUR/JPY,2025-08-13,172.5330047607422,172.3939971923828,13.9007568359375,0.08063364770424675,1.0
EUR/JPY,2025-08-14,172.31399536132812,172.1719970703125,14.1998291015625,0.08247467267144203,1.0
EUR/JPY,2025-08-18,172.38800048828125,172.5229949951172,13.49945068359375,0.07824725442527714,1.0
EUR/JPY,2025-08-19,172.58399963378906,171.9250030517578,65.899658203125,0.3833046795601102,1.0
EUR/JPY,2025-08-20,171.9929962158203,171.68699645996094,30.5999755859375,0.17823117776466962,1.0
EUR/JPY,2025-08-21,171.6490020751953,172.26100158691406,61.199951171875,0.35527455784004974,1.0
EUR/JPY,2025-08-25,172.3719940185547,171.6699981689453,70.1995849609375,0.40892168526647327,1.0
EUR/JPY,2025-08-26,171.6790008544922,171.66799926757812,1.10015869140625,0.006408641657735159,1.0
EUR/JPY,2025-08-27,171.6179962158203,171.46299743652344,15.4998779296875,0.09039780104990665,1.0
EUR/JPY,2025-08-28,171.58599853515625,171.6479949951172,6.19964599609375,0.03611837118324691,1.0
EUR/JPY,2025-09-01,171.95899963378906,172.33200073242188,37.30010986328125,0.21644331699715333,1.0
EUR/JPY,2025-09-02,172.3179931640625,172.81700134277344,49.90081787109375,0.2887494718885794,1.0
EUR/JPY,2025-09-03,172.81700134277344,172.63600158691406,18.0999755859375,0.10484473354084847,1.0
EUR/JPY,2025-09-04,172.5469970703125,172.95399475097656,40.69976806640625,0.23532135308586993,1.0
EUR/JPY,2025-09-08,173.75599670410156,173.3990020751953,35.699462890625,0.20588044027579672,1.0
EUR/JPY,2025-09-09,173.42999267578125,172.5800018310547,84.99908447265625,0.4925198955314949,1.0
EUR/JPY,2025-09-10,172.4810028076172,172.43800354003906,4.2999267578125,0.02493607365857772,1.0
EUR/JPY,2025-09-11,172.43800354003906,172.802001953125,36.39984130859375,0.2106447893958296,1.0
EUR/JPY,2025-09-15,173.14500427246094,173.36500549316406,22.0001220703125,0.12690059339097695,1.0
EUR/JPY,2025-09-16,173.39599609375,173.83200073242188,43.6004638671875,0.25081954808942986,1.0
EUR/JPY,2025-09-17,173.8000030517578,173.5540008544922,24.6002197265625,0.14174389299839504,1.0
EUR/JPY,2025-09-18,173.70799255371094,174.3800048828125,67.20123291015625,0.3853723536440837,1.0
EUR/JPY,2025-09-22,173.81199645996094,174.30999755859375,49.80010986328125,0.28569852883246755,1.0
EUR/JPY,2025-09-23,174.32899475097656,174.3979949951172,6.9000244140625,0.03956481503273984,1.0
EUR/JPY,2025-09-24,174.3820037841797,174.7570037841797,37.5,0.21458367440489834,1.0
EUR/JPY,2025-09-25,174.6959991455078,174.72999572753906,3.399658203125,0.01945663759087005,1.0
EUR/JPY,2025-09-29,174.8820037841797,174.2530059814453,62.8997802734375,0.36096812172144194,1.0
EUR/JPY,2025-09-30,174.3179931640625,173.5489959716797,76.89971923828125,0.4431009168778482,1.0
EUR/JPY,2025-10-01,173.67300415039062,172.49200439453125,118.0999755859375,0.6846692749642707,1.0
EUR/JPY,2025-10-02,172.57699584960938,172.48300170898438,9.3994140625,0.05449472683898914,1.0
EUR/JPY,2025-10-06,175.21200561523438,176.0240020751953,81.19964599609375,0.4612987151684362,1.0
EUR/JPY,2025-10-07,176.03599548339844,177.03199768066406,99.6002197265625,0.5626113981169921,1.0
EUR/JPY,2025-10-08,177.19700622558594,177.45199584960938,25.49896240234375,0.14369498793326693,1.0
EUR/JPY,2025-10-09,177.5540008544922,176.98300170898438,57.09991455078125,0.3226293711792245,1.0
EUR/JPY,2025-10-13,176.41400146484375,176.21800231933594,19.59991455078125,0.11122538158878335,1.0
EUR/JPY,2025-10-14,176.31100463867188,176.1479949951172,16.30096435546875,0.09254129946764714,1.0
EUR/JPY,2025-10-15,176.04200744628906,175.74099731445312,30.10101318359375,0.17128054149899952,1.0
EUR/JPY,2025-10-16,175.81900024414062,175.72500610351562,9.3994140625,0.05348933695277847,1.0
EUR/JPY,2025-10-20,175.9040069580078,175.51499938964844,38.9007568359375,0.22163779147773394,1.0
EUR/JPY,2025-10-21,175.55599975585938,176.21600341796875,66.0003662109375,0.37454240778796055,1.0
EUR/JPY,2025-10-22,176.19500732421875,176.3939971923828,19.89898681640625,0.11280988657853003,1.0
EUR/JPY,2025-10-23,176.39100646972656,177.28399658203125,89.29901123046875,0.5037059912463623,1.0
EUR/JPY,2025-10-27,178.0279998779297,177.9219970703125,10.60028076171875,0.05957824741327321,1.0
EUR/JPY,2025-10-28,177.90199279785156,176.96299743652344,93.8995361328125,0.5306167814347417,1.0
EUR/JPY,2025-10-29,176.86700439453125,177.21200561523438,34.5001220703125,0.19468275837484586,1.0
EUR/JPY,2025-10-30,177.1999969482422,178.1009979248047,90.10009765625,0.5058932780056112,1.0
EUR/JPY,2025-11-03,177.7449951171875,177.61300659179688,13.1988525390625,0.07431242110211592,1.0
EUR/JPY,2025-11-04,177.6199951171875,176.38099670410156,123.89984130859375,0.7024557272258151,1.0
EUR/JPY,2025-11-05,176.35800170898438,177.12399291992188,76.59912109375,0.43246044666789224,1.0
EUR/JPY,2025-11-06,177.1280059814453,176.6439971923828,48.40087890625,0.2740023984711841,1.0
EUR/JPY,2025-11-10,177.56300354003906,178.1320037841797,56.9000244140625,0.31942617387834005,1.0
EUR/JPY,2025-11-11,178.1439971923828,178.53199768066406,38.800048828125,0.2173282623405454,1.0
EUR/JPY,2025-11-12,178.52699279785156,179.33599853515625,80.90057373046875,0.4511117365798108,1.0
EUR/JPY,2025-11-13,179.33799743652344,179.84100341796875,50.30059814453125,0.27969482592146994,1.0
EUR/JPY,2025-11-17,179.5489959716797,179.947998046875,39.90020751953125,0.22173187783471518,1.0
EUR/JPY,2025-11-18,179.96499633789062,180.1269989013672,16.20025634765625,0.08993796846927475,1.0
EUR/JPY,2025-11-19,180.13299560546875,181.14599609375,101.300048828125,0.559217708437223,1.0
EUR/JPY,2025-11-20,181.16000366210938,181.52499389648438,36.4990234375,0.2010688591914443,1.0
EUR/JPY,2025-11-24,180.3070068359375,180.75999450683594,45.29876708984375,0.25060172862602437,1.0
EUR/JPY,2025-11-25,180.78399658203125,180.62399291992188,16.0003662109375,0.08858383624611336,1.0
EUR/JPY,2025-11-26,180.66400146484375,181.2550048828125,59.100341796875,0.32606184769951796,1.0
EUR/JPY,2025-11-27,181.26800537109375,181.29400634765625,2.60009765625,0.014341884260994014,1.0
EUR/JPY,2025-12-01,180.88900756835938,180.5489959716797,34.00115966796875,0.1883209567850605,1.0
EUR/JPY,2025-12-02,180.55999755859375,181.1580047607422,59.80072021484375,0.330102554915105,1.0
EUR/JPY,2025-12-03,181.16700744628906,180.95599365234375,21.10137939453125,0.11661055800711215,1.0
EUR/JPY,2025-12-04,180.95799255371094,180.62899780273438,32.89947509765625,0.18213839138711213,1.0
EUR/JPY,2025-12-08,180.81399536132812,181.41099548339844,59.70001220703125,0.32908706579747865,1.0
EUR/JPY,2025-12-09,181.38999938964844,182.35800170898438,96.80023193359375,0.5308252504766542,1.0
EUR/JPY,2025-12-10,182.36700439453125,182.25799560546875,10.90087890625,0.05981015466584509,1.0
EUR/JPY,2025-12-11,182.28500366210938,182.58200073242188,29.69970703125,0.1626650322162676,1.0
EUR/JPY,2025-12-15,182.96099853515625,182.19700622558594,76.39923095703125,0.4193220983139431,1.0
EUR/JPY,2025-12-16,182.21099853515625,181.85299682617188,35.8001708984375,0.19686324406662306,1.0
EUR/JPY,2025-12-17,181.8489990234375,182.5749969482422,72.59979248046875,0.39764367352584384,1.0
EUR/JPY,2025-12-18,182.572998046875,182.42799377441406,14.50042724609375,0.07948575734503016,1.0
EUR/JPY,2025-12-22,184.58399963378906,184.52699279785156,5.70068359375,0.03089349426506436,1.0
EUR/JPY,2025-12-23,184.52200317382812,184.13600158691406,38.60015869140625,0.20962852651705147,1.0
EUR/JPY,2025-12-24,184.13699340820312,183.9340057373047,20.29876708984375,0.11035896819881438,1.0
EUR/JPY,2025-12-29,184.24000549316406,183.6719970703125,56.80084228515625,0.30925150916398,1.0
EUR/JPY,2025-12-30,183.69000244140625,183.72900390625,3.900146484375,0.021227712562819412,1.0
EUR/JPY,2025-12-31,183.72000122070312,184.16700744628906,44.70062255859375,0.24271786341334972,1.0
EUR/JPY,2026-01-05,183.7469940185547,183.49000549316406,25.6988525390625,0.1400558709995783,1.0
EUR/JPY,2026-01-06,183.47999572753906,183.11399841308594,36.5997314453125,0.19987402253511688,1.0
EUR/JPY,2026-01-07,183.12600708007812,182.9969940185547,12.90130615234375,0.07050009876684446,1.0
EUR/JPY,2026-01-08,183.02699279785156,182.8979949951172,12.8997802734375,0.07052991627262992,1.0
EUR/JPY,2026-01-12,183.82000732421875,184.29100036621094,47.09930419921875,0.25557028886720523,1.0
EUR/JPY,2026-01-13,184.32200622558594,185.32400512695312,100.19989013671875,0.5406741024622174,1.0
EUR/JPY,2026-01-14,185.32400512695312,184.49000549316406,83.39996337890625,0.452056810101816,1.0
EUR/JPY,2026-01-15,184.4739990234375,184.09800720214844,37.59918212890625,0.20423459601939387,1.0
EUR/JPY,2026-01-19,183.1230010986328,184.0989990234375,97.59979248046875,0.5301484147018279,1.0
EUR/JPY,2026-01-20,184.10299682617188,185.47999572753906,137.69989013671875,0.7423975270033598,1.0
EUR/JPY,2026-01-21,185.48199462890625,184.97799682617188,50.3997802734375,0.27246365047838284,1.0
EUR/JPY,2026-01-22,184.9600067138672,186.2969970703125,133.69903564453125,0.7176660802217352,1.0
EUR/JPY,2026-01-26,183.9949951171875,183.3090057373047,68.59893798828125,0.374225683633834,1.0
EUR/JPY,2026-01-27,183.27000427246094,183.218994140625,5.10101318359375,0.027841071868774693,1.0
EUR/JPY,2026-01-28,183.20700073242188,183.36599731445312,15.899658203125,0.08670995951260681,1.0
EUR/JPY,2026-01-29,183.36000061035156,183.2740020751953,8.599853515625,0.046923477515903075,1.0
EUR/JPY,2026-02-02,183.89199829101562,183.43899536132812,45.30029296875,0.24695018024668067,1.0
EUR/JPY,2026-02-03,183.3939971923828,184.07400512695312,68.00079345703125,0.3694209478961036,1.0
EUR/JPY,2026-02-04,184.0800018310547,185.14999389648438,106.99920654296875,0.5779055364311326,1.0
EUR/JPY,2026-02-05,185.18299865722656,184.66099548339844,52.2003173828125,0.28268188009148615,1.0
EUR/JPY,2026-02-09,185.9499969482422,185.8459930419922,10.400390625,0.055962415195306446,1.0
EUR/JPY,2026-02-10,185.85499572753906,183.6540069580078,220.098876953125,1.1984430974242246,1.0
EUR/JPY,2026-02-11,183.656005859375,182.01800537109375,163.800048828125,0.899911239518165,1.0
EUR/JPY,2026-02-12,182.02099609375,181.32899475097656,69.20013427734375,0.38162751838103964,1.0
EUR/JPY,2026-02-16,181.30499267578125,181.96600341796875,66.10107421875,0.3632605705304107,1.0
EUR/JPY,2026-02-17,182.0229949951172,181.48599243164062,53.70025634765625,0.29589201694385997,1.0
EUR/JPY,2026-02-18,181.5,182.36500549316406,86.50054931640625,0.4743264700510138,1.0
EUR/JPY,2026-02-19,182.35299682617188,182.62100219726562,26.800537109375,0.14675495582060868,1.0
EUR/JPY,2026-02-23,182.65699768066406,182.4029998779297,25.3997802734375,0.1392508911061545,1.0
EUR/JPY,2026-02-24,182.36900329589844,183.55099487304688,118.19915771484375,0.643958142512909,1.0
EUR/JPY,2026-02-25,183.53500366210938,184.52200317382812,98.699951171875,0.5348952941882771,1.0
EUR/JPY,2026-02-26,184.5399932861328,183.9759979248047,56.3995361328125,0.30655920755415234,1.0
EUR/JPY,2026-03-02,184.18600463867188,183.90499877929688,28.1005859375,0.1527994677905592,1.0
EUR/JPY,2026-03-03,183.92300415039062,183.20599365234375,71.7010498046875,0.39136847204218217,1.0
EUR/JPY,2026-03-04,183.20399475097656,182.64199829101562,56.19964599609375,0.30770384972763565,1.0
EUR/JPY,2026-03-05,182.64100646972656,182.87399291992188,23.29864501953125,0.12740272494478438,1.0
EUR/JPY,2026-03-09,182.5469970703125,183.3699951171875,82.2998046875,0.44881827386702006,1.0
EUR/JPY,2026-03-10,183.35000610351562,183.593994140625,24.3988037109375,0.13289543497947476,1.0
EUR/JPY,2026-03-11,183.57699584960938,183.61500549316406,3.80096435546875,0.02070072838142991,1.0
EUR/JPY,2026-03-12,183.61900329589844,183.4429931640625,17.60101318359375,0.09594813560337112,1.0
EUR/JPY,2026-03-16,182.45799255371094,182.95799255371094,50.0,0.2732867763911517,1.0
EUR/JPY,2026-03-17,182.9499969482422,183.38600158691406,43.6004638671875,0.23775241016159823,1.0
EUR/JPY,2026-03-18,183.36399841308594,183.19700622558594,16.69921875,0.09115443038101202,1.0
EUR/JPY,2026-03-19,183.1699981689453,182.8280029296875,34.19952392578125,0.18705845591352763,1.0
EUR/JPY,2026-03-23,184.07200622558594,183.95799255371094,11.4013671875,0.06197810178957622,1.0
EUR/JPY,2026-03-24,183.92999267578125,184.31900024414062,38.9007568359375,0.21105125778900338,1.0
EUR/JPY,2026-03-25,184.34100341796875,184.27200317382812,6.9000244140625,0.037444778887835414,1.0
EUR/JPY,2026-03-26,184.27099609375,184.22999572753906,4.10003662109375,0.02225498950321513,1.0
EUR/JPY,2026-03-30,184.1269989013672,183.1280059814453,99.8992919921875,0.5455161893823568,1.0
EUR/JPY,2026-03-31,183.1230010986328,183.39599609375,27.29949951171875,0.14885548263422035,1.0
EUR/JPY,2026-04-01,183.47500610351562,183.81199645996094,33.69903564453125,0.18333425616141316,1.0
EUR/JPY,2026-04-02,183.8979949951172,184.0679931640625,16.99981689453125,0.09235618100849866,1.0
EUR/JPY,2026-04-06,183.9010009765625,184.3000030517578,39.90020751953125,0.2164959677636353,1.0
EUR/JPY,2026-04-07,184.29600524902344,185.34100341796875,104.49981689453125,0.5638245988065047,1.0
EUR/JPY,2026-04-08,185.48300170898438,184.91600036621094,56.70013427734375,0.306626436679648,1.0
EUR/JPY,2026-04-09,184.96499633789062,186.0290069580078,106.40106201171875,0.571959522612173,1.0
EUR/JPY,2026-04-13,186.4239959716797,187.42300415039062,99.90081787109375,0.5330232450597796,1.0
EUR/JPY,2026-04-14,187.3419952392578,187.33700561523438,0.49896240234375,0.002663448156999762,1.0
EUR/JPY,2026-04-15,187.35499572753906,187.49400329589844,13.9007568359375,0.07413974096013976,1.0
EUR/JPY,2026-04-16,187.5030059814453,187.50399780273438,0.09918212890625,0.0005289600758837987,1.0
EUR/JPY,2026-04-20,186.843994140625,187.19000244140625,34.600830078125,0.18484336570782228,1.0
EUR/JPY,2026-04-21,187.18600463867188,187.12399291992188,6.201171875,0.033139373408164384,1.0
EUR/JPY,2026-04-22,187.16600036621094,186.69500732421875,47.09930419921875,0.25227939875984495,1.0
EUR/JPY,2026-04-23,186.68600463867188,186.6199951171875,6.6009521484375,0.035371087349415326,1.0
EUR/JPY,2026-04-27,186.80799865722656,186.8260040283203,1.800537109375,0.009637508005052996,1.0
EUR/JPY,2026-04-28,186.78500366210938,186.88400268554688,9.89990234375,0.05297351405945477,1.0
EUR/JPY,2026-04-29,186.94200134277344,187.24000549316406,29.8004150390625,0.15915623886344354,1.0
EUR/JPY,2026-04-30,187.1820068359375,183.7899932861328,339.20135498046875,1.8455920744955046,1.0
EUR/JPY,2026-05-04,183.9429931640625,183.7989959716797,14.39971923828125,0.07834492872039411,1.0
EUR/JPY,2026-05-05,183.781005859375,184.61000061035156,82.89947509765625,0.44905191930868704,1.0
EUR/JPY,2026-05-06,184.73899841308594,183.70199584960938,103.70025634765625,0.5645026112430055,1.0
EUR/JPY,2026-05-07,183.8509979248047,183.94700622558594,9.600830078125,0.052193456556454576,1.0
EUR/JPY,2026-05-11,184.57000732421875,185.2519989013672,68.19915771484375,0.36814262798402886,1.0
EUR/JPY,2026-05-12,185.19700622558594,185.00399780273438,19.30084228515625,0.10432662274539768,1.0
EUR/JPY,2026-05-13,185.0279998779297,184.90899658203125,11.90032958984375,0.06435776414245158,1.0
EUR/JPY,2026-05-14,184.92999267578125,184.81199645996094,11.79962158203125,0.0638466214750708,1.0
EUR/JPY,2026-05-18,184.48300170898438,185.15499877929688,67.19970703125,0.3629375791865682,1.0
EUR/JPY,2026-05-19,185.14999389648438,184.6439971923828,50.59967041015625,0.27403907616577344,1.0
EUR/JPY,2026-05-20,184.58999633789062,184.6649932861328,7.49969482421875,0.04061243384986455,1.0
EUR/JPY,2026-05-21,184.68699645996094,184.7169952392578,2.9998779296875,0.0162404002176511,1.0
EUR/JPY,2026-05-25,185.0449981689453,185.0050048828125,3.99932861328125,0.021617407679400565,1.0
EUR/JPY,2026-05-26,184.94400024414062,185.2790069580078,33.50067138671875,0.18081201932559712,1.0
EUR/JPY,2026-05-27,185.30299377441406,185.44000244140625,13.70086669921875,0.07388301617148561,1.0
EUR/JPY,2026-05-28,185.3719940185547,185.54400634765625,17.20123291015625,0.09270702540466907,1.0
EUR/JPY,2026-06-01,185.6300048828125,185.73599243164062,10.5987548828125,0.057063548879538406,1.0
EUR/JPY,2026-06-02,185.7449951171875,185.9770050048828,23.20098876953125,0.12475192171699995,1.0
EUR/JPY,2026-06-03,185.90899658203125,185.60400390625,30.499267578125,0.16432440538044865,1.0
EUR/JPY,2026-06-04,185.677001953125,185.78799438476562,11.0992431640625,0.059741444547143585,1.0
EUR/JPY,2026-06-08,184.73199462890625,184.7239990234375,0.799560546875,0.004328406439347131,1.0
EUR/JPY,2026-06-09,184.64999389648438,185.03799438476562,38.800048828125,0.20968692920138704,1.0
EUR/JPY,2026-06-10,185.0019989013672,185.11300659179688,11.10076904296875,0.05996752603909504,1.0
EUR/JPY,2026-06-11,185.17100524902344,185.36500549316406,19.4000244140625,0.10465850532277485,1.0
EUR/JPY,2026-06-15,185.5959930419922,185.7830047607422,18.701171875,0.10066137050094555,1.0
EUR/JPY,2026-06-16,185.7100067138672,186.27000427246094,55.999755859375,0.30063753999523735,1.0
EUR/JPY,2026-06-17,186.24099731445312,184.7760009765625,146.4996337890625,0.7928498994176464,1.0
EUR/JPY,2026-06-18,184.80599975585938,184.83799743652344,3.19976806640625,0.01731120284131571,1.0
EUR/JPY,2026-06-22,185.04299926757812,184.63699340820312,40.6005859375,0.21989410241174445,1.0
EUR/JPY,2026-06-23,184.6219940185547,183.87100219726562,75.09918212890625,0.408434071884463,1.0
EUR/JPY,2026-06-24,183.8820037841797,183.6840057373047,19.7998046875,0.10779275314703585,1.0
EUR/JPY,2026-06-25,183.6699981689453,183.9149932861328,24.49951171875,0.1332110627904814,1.0
EUR/JPY,2026-06-29,184.19000244140625,184.97999572753906,78.99932861328125,0.42706957745658636,1.0
EUR/JPY,2026-06-30,184.9010009765625,185.6820068359375,78.1005859375,0.42061472335608213,1.0
EUR/JPY,2026-07-01,185.60699462890625,184.9499969482422,65.69976806640625,0.3552298953797343,1.0
EUR/JPY,2026-07-02,184.91600036621094,184.302001953125,61.39984130859375,0.3331479889415963,1.0
EUR/JPY,2026-07-06,184.6479949951172,185.46800231933594,82.000732421875,0.44212873054343577,1.0
EUR/JPY,2026-07-07,185.4530029296875,184.99400329589844,45.89996337890625,0.24811595273977138,1.0
EUR/JPY,2026-07-08,185.11700439453125,185.6280059814453,51.10015869140625,0.27528259230729457,1.0
EUR/JPY,2026-07-09,185.63299560546875,185.60800170898438,2.4993896484375,0.013465958500842569,1.0
EUR/JPY,2026-07-13,184.61199951171875,184.87600708007812,26.4007568359375,0.1428025045159167,1.0
EUR/JPY,2026-07-14,184.875,185.27699279785156,40.19927978515625,0.21696854627285592,1.0
EUR/JPY,2026-07-15,185.2899932861328,185.8939971923828,60.400390625,0.32491845641734884,1.0
EUR/JPY,2026-07-16,185.88099670410156,185.79400634765625,8.69903564453125,0.04682086260766499,1.0
EUR/JPY,2026-07-20,185.70799255371094,185.45799255371094,25.0,0.13480141597434625,1.0
EUR/JPY,2026-07-21,185.47300720214844,186.04200744628906,56.9000244140625,0.30584503572662064,1.0
EUR/JPY,2026-07-22,186.06700134277344,186.06900024414062,0.19989013671875,0.0010742796299032871,1.0
EUR/JPY,2026-07-23,186.0989990234375,186.43499755859375,33.599853515625,0.18022288709535378,1.0
EUR/JPY,2026-07-27,186.43299865722656,186.16000366210938,27.29949951171875,0.14664535332341763,1.0
EUR/JPY,2026-07-28,186.19000244140625,186.53599548339844,34.59930419921875,0.18548325812161043,1.0
EUR/JPY,2026-07-29,186.57000732421875,187.41200256347656,84.19952392578125,0.4492749811862387,1.0
EUR/JPY,2026-07-30,187.25399780273438,184.09800720214844,315.59906005859375,1.7142991651835255,1.0
EUR/JPY,2026-08-03,181.8990020751953,181.08999633789062,80.90057373046875,0.44674236769831666,1.0
EUR/JPY,2026-08-04,181.2790069580078,181.8820037841797,60.2996826171875,0.33153187980455073,1.0
EUR/JPY,2026-08-05,181.85800170898438,182.16000366210938,30.2001953125,0.1657893868322416,1.0
EUR/JPY,2026-08-06,182.14100646972656,182.5919952392578,45.098876953125,0.24699262908009786,1.0
EUR/JPY,2026-08-10,182.468994140625,183.83999633789062,137.1002197265625,0.7457583902176419,1.0
EUR/JPY,2026-08-11,183.76199340820312,183.8300018310547,6.80084228515625,0.03699527942890644,1.0
EUR/JPY,2026-08-12,183.85000610351562,183.7169952392578,13.30108642578125,0.0723998692034943,1.0
EUR/JPY,2026-08-13,183.67300415039062,183.88099670410156,20.79925537109375,0.11311258772739627,1.0
EUR/JPY,2026-08-17,184.2790069580078,184.57400512695312,29.49981689453125,0.1598264981801786,1.0
EUR/JPY,2026-08-18,184.531005859375,184.74099731445312,20.9991455078125,0.11366803153102628,1.0
EUR/JPY,2026-08-19,184.6929931640625,184.67999267578125,1.300048828125,0.00703946761795322,1.0
EUR/JPY,2026-08-20,184.76300048828125,185.70799255371094,94.49920654296875,0.508859124712349,1.0
EUR/JPY,2026-08-24,185.625,185.58399963378906,4.10003662109375,0.022092619133030372,1.0
EUR/JPY,2026-08-25,185.6739959716797,185.88600158691406,21.2005615234375,0.11405141507401154,1.0
EUR/JPY,2026-08-26,185.8800048828125,185.61399841308594,26.60064697265625,0.14331164244119254,1.0
EUR/JPY,2026-08-27,185.6009979248047,185.7030029296875,10.20050048828125,0.054929108993156416,1.0
EUR/JPY,2026-08-31,185.5570068359375,185.5760040283203,1.89971923828125,0.01023687975300588,1.0
EUR/JPY,2026-09-01,185.58200073242188,185.7169952392578,13.49945068359375,0.07268828933077724,1.0
EUR/JPY,2026-09-02,185.67999267578125,183.9770050048828,170.29876708984375,0.925652459041411,1.0
EUR/JPY,2026-09-03,184.10800170898438,181.4510040283203,265.69976806640625,1.4643058576018497,1.0
EUR/JPY,2026-09-07,181.4029998779297,179.22300720214844,217.999267578125,1.2163576037547468,1.0
GBP/JPY,2024-09-09,187.11300659179688,186.97000122070312,14.300537109375,0.07648573041669054,1.0
GBP/JPY,2024-09-10,187.14100646972656,186.3520050048828,78.900146484375,0.4233930645517211,1.0
GBP/JPY,2024-09-11,186.02499389648438,185.80799865722656,21.69952392578125,0.11678465987792015,1.0
GBP/JPY,2024-09-12,185.92300415039062,186.12899780273438,20.599365234375,0.1106725200132807,1.0
GBP/JPY,2024-09-16,184.9199981689453,186.04600524902344,112.6007080078125,0.6052304528500675,1.0
GBP/JPY,2024-09-17,185.98500061035156,186.94400024414062,95.89996337890625,0.5129876500645387,1.0
GBP/JPY,2024-09-18,186.98899841308594,187.78500366210938,79.60052490234375,0.42389180898370793,1.0
GBP/JPY,2024-09-19,188.39100646972656,189.3520050048828,96.099853515625,0.5075195982907437,1.0
GBP/JPY,2024-09-23,191.71636962890625,191.68499755859375,3.13720703125,0.01636647140468584,1.0
GBP/JPY,2024-09-24,191.7469940185547,191.96800231933594,22.100830078125,0.11512767654559741,1.0
GBP/JPY,2024-09-25,191.9550018310547,192.67999267578125,72.49908447265625,0.37626680106143146,1.0
GBP/JPY,2024-09-26,192.64999389648438,194.28799438476562,163.800048828125,0.8430785924102822,1.0
GBP/JPY,2024-09-30,191.08299255371094,192.0709991455078,98.8006591796875,0.5143965492928935,1.0
GBP/JPY,2024-10-01,192.21299743652344,190.54600524902344,166.69921875,0.8748502417153369,1.0
GBP/JPY,2024-10-02,190.781005859375,194.4149932861328,363.39874267578125,1.869190932928431,1.0
GBP/JPY,2024-10-03,194.43499755859375,192.79800415039062,163.6993408203125,0.8490717605801565,1.0
GBP/JPY,2024-10-07,195.31399536132812,193.2830047607422,203.09906005859375,1.0507859204175891,1.0
GBP/JPY,2024-10-08,193.82699584960938,194.18299865722656,35.60028076171875,0.18333366467659026,1.0
GBP/JPY,2024-10-09,193.99099731445312,194.94700622558594,95.60089111328125,0.49039425105433626,1.0
GBP/JPY,2024-10-10,194.91000366210938,194.08399963378906,82.60040283203125,0.42559099661943967,1.0
GBP/JPY,2024-10-14,194.85299682617188,195.58999633789062,73.699951171875,0.3768083877079019,1.0
GBP/JPY,2024-10-15,195.55299377441406,195.01800537109375,53.49884033203125,0.2743276972309811,1.0
GBP/JPY,2024-10-16,194.80799865722656,194.25,55.79986572265625,0.2872579959982304,1.0
GBP/JPY,2024-10-17,194.26400756835938,195.45899963378906,119.49920654296875,0.611377356718605,1.0
GBP/JPY,2024-10-21,195.2519989013672,195.60800170898438,35.60028076171875,0.18199808009226043,1.0
GBP/JPY,2024-10-22,195.48321533203125,196.12600708007812,64.2791748046875,0.327744268909948,1.0
GBP/JPY,2024-10-23,196.2100067138672,197.2259979248047,101.59912109375,0.5151406110896504,1.0
GBP/JPY,2024-10-24,197.2729949951172,196.7779998779297,49.49951171875,0.2515500297261726,1.0
GBP/JPY,2024-10-28,198.17999267578125,198.7209930419922,54.10003662109375,0.2722411748901725,1.0
GBP/JPY,2024-10-29,198.71600341796875,199.4340057373047,71.80023193359375,0.36002000595710504,1.0
GBP/JPY,2024-10-30,199.4499969482422,198.572998046875,87.69989013671875,0.44165063225774726,1.0
GBP/JPY,2024-10-31,198.52499389648438,195.927001953125,259.7991943359375,1.32599994766466,1.0
GBP/JPY,2024-11-04,197.25100708007812,197.2209930419922,3.00140380859375,0.015218480356980521,1.0
GBP/JPY,2024-11-05,197.2550048828125,197.50399780273438,24.8992919921875,0.1260698126073212,1.0
GBP/JPY,2024-11-06,197.5030059814453,198.78500366210938,128.19976806640625,0.6449166974603253,1.0
GBP/JPY,2024-11-07,198.79600524902344,198.84500122070312,4.89959716796875,0.02464028332565707,1.0
GBP/JPY,2024-11-11,197.49200439453125,197.56500244140625,7.2998046875,0.036948875546239386,1.0
GBP/JPY,2024-11-12,197.55499267578125,196.98199462890625,57.2998046875,0.2908885393075997,1.0
GBP/JPY,2024-11-13,196.99200439453125,197.4929962158203,50.09918212890625,0.2536757408559333,1.0
GBP/JPY,2024-11-14,197.48699951171875,198.20399475097656,71.69952392578125,0.36174610918344263,1.0
GBP/JPY,2024-11-18,195.14100646972656,196.02000427246094,87.8997802734375,0.44842249952846586,1.0
GBP/JPY,2024-11-19,196.0279998779297,196.39100646972656,36.3006591796875,0.18483870433895455,1.0
GBP/JPY,2024-11-20,196.39700317382812,196.51400756835938,11.700439453125,0.05953997680829386,1.0
GBP/JPY,2024-11-21,196.49600219726562,193.9770050048828,251.89971923828125,1.2986060859736461,1.0
GBP/JPY,2024-11-25,194.1179962158203,193.51400756835938,60.39886474609375,0.31211624163567425,1.0
GBP/JPY,2024-11-26,193.4499969482422,192.33200073242188,111.79962158203125,0.5812845556448523,1.0
GBP/JPY,2024-11-27,192.37600708007812,191.88499450683594,49.10125732421875,0.2558889893939545,1.0
GBP/JPY,2024-11-28,191.85899353027344,191.95899963378906,10.0006103515625,0.052097637363401686,1.0
GBP/JPY,2024-12-02,190.37399291992188,189.2570037841797,111.69891357421875,0.5901969879096007,1.0
GBP/JPY,2024-12-03,189.24099731445312,189.6540069580078,41.30096435546875,0.2177700593724518,1.0
GBP/JPY,2024-12-04,189.6479949951172,191.2259979248047,157.80029296875,0.825203134935666,1.0
GBP/JPY,2024-12-05,191.2270050048828,191.63600158691406,40.899658203125,0.21342366707946306,1.0
GBP/JPY,2024-12-09,191.1699981689453,193.03500366210938,186.50054931640625,0.9661488630469265,1.0
GBP/JPY,2024-12-10,193.0330047607422,194.01800537109375,98.50006103515625,0.5076851545131467,1.0
GBP/JPY,2024-12-11,193.9949951171875,194.35800170898438,36.3006591796875,0.18677213626656397,1.0
GBP/JPY,2024-12-12,194.33599853515625,193.42599487304688,91.0003662109375,0.4704660625923865,1.0
GBP/JPY,2024-12-16,193.75399780273438,195.53199768066406,177.79998779296875,0.9093140248244455,1.0
GBP/JPY,2024-12-17,195.53599548339844,195.19700622558594,33.89892578125,0.17366519311302128,1.0
GBP/JPY,2024-12-18,195.1929931640625,194.38800048828125,80.499267578125,0.41411644430684874,1.0
GBP/JPY,2024-12-19,194.3769989013672,197.01199340820312,263.49945068359375,1.3374792373052666,1.0
GBP/JPY,2024-12-23,196.7429962158203,196.87899780273438,13.60015869140625,0.0690787683967851,1.0
GBP/JPY,2024-12-24,196.95492553710938,196.91799926757812,3.692626953125,0.018752104768784222,1.0
GBP/JPY,2024-12-25,196.89999389648438,197.0989990234375,19.9005126953125,0.10096709163371288,1.0
GBP/JPY,2024-12-26,197.0970001220703,197.60299682617188,50.59967041015625,0.25606732298026813,1.0
GBP/JPY,2024-12-30,198.57200622558594,196.99099731445312,158.10089111328125,0.8025792714826846,1.0
GBP/JPY,2024-12-31,196.99899291992188,197.4720001220703,47.30072021484375,0.2395312762599462,1.0
GBP/JPY,2025-01-02,197.40499877929688,194.78700256347656,261.79962158203125,1.344030238859068,1.0
GBP/JPY,2025-01-06,195.68600463867188,197.33200073242188,164.599609375,0.8341252749886912,1.0
GBP/JPY,2025-01-07,197.33900451660156,197.41200256347656,7.2998046875,0.03697751196841638,1.0
GBP/JPY,2025-01-08,197.39999389648438,195.48800659179688,191.19873046875,0.978058622634567,1.0
GBP/JPY,2025-01-09,195.51300048828125,194.36199951171875,115.10009765625,0.5921944513094506,1.0
GBP/JPY,2025-01-13,192.6840057373047,192.4530029296875,23.10028076171875,0.12003076288790573,1.0
GBP/JPY,2025-01-14,192.49400329589844,192.97999572753906,48.5992431640625,0.2518356526065939,1.0
GBP/JPY,2025-01-15,192.97799682617188,191.26199340820312,171.600341796875,0.8972004251290793,1.0
GBP/JPY,2025-01-16,191.28799438476562,190.08099365234375,120.7000732421875,0.6349928571130407,1.0
GBP/JPY,2025-01-20,190.22900390625,191.44500732421875,121.600341796875,0.6351711308456356,1.0
GBP/JPY,2025-01-21,191.4250030517578,192.18099975585938,75.59967041015625,0.3933774436921218,1.0
GBP/JPY,2025-01-22,192.13999938964844,192.6219940185547,48.199462890625,0.25022824177586955,1.0
GBP/JPY,2025-01-23,192.6199951171875,192.88600158691406,26.60064697265625,0.1379086442448238,1.0
GBP/JPY,2025-01-27,194.0279998779297,192.94000244140625,108.79974365234375,0.563904541700133,1.0
GBP/JPY,2025-01-28,193.0070037841797,193.53799438476562,53.09906005859375,0.27435987557579783,1.0
GBP/JPY,2025-01-29,193.5019989013672,193.26300048828125,23.89984130859375,0.12366485694732317,1.0
GBP/JPY,2025-01-30,193.25799560546875,191.4080047607422,184.99908447265625,0.9665169683154211,1.0
GBP/JPY,2025-02-03,190.94700622558594,193.06199645996094,211.4990234375,1.095497960839552,1.0
GBP/JPY,2025-02-04,193.0240020751953,192.31199645996094,71.2005615234375,0.37023463348143937,1.0
GBP/JPY,2025-02-05,192.2949981689453,190.8209991455078,147.39990234375,0.7724511610556672,1.0
GBP/JPY,2025-02-06,190.8000030517578,188.0019989013672,279.8004150390625,1.4882842558810034,1.0
GBP/JPY,2025-02-10,188.14599609375,187.59800720214844,54.79888916015625,0.2921080558233599,1.0
GBP/JPY,2025-02-11,187.55099487304688,190.17300415039062,262.200927734375,1.3787494650240892,1.0
GBP/JPY,2025-02-12,190.1750030517578,192.04800415039062,187.30010986328125,0.9752775650644547,1.0
GBP/JPY,2025-02-13,192.03599548339844,192.18800354003906,15.2008056640625,0.07909341573911337,1.0
GBP/JPY,2025-02-17,191.29600524902344,191.0970001220703,19.9005126953125,0.1041382788981528,1.0
GBP/JPY,2025-02-18,191.125,191.80299377441406,67.79937744140625,0.35348445875223083,1.0
GBP/JPY,2025-02-19,191.8159942626953,190.2740020751953,154.19921875,0.8104061357213754,1.0
GBP/JPY,2025-02-20,190.26600646972656,189.33700561523438,92.90008544921875,0.4906599486315308,1.0
GBP/JPY,2025-02-24,188.96600341796875,189.07899475097656,11.29913330078125,0.05975879719300704,1.0
GBP/JPY,2025-02-25,189.07000732421875,188.89100646972656,17.90008544921875,0.09476409588662754,1.0
GBP/JPY,2025-02-26,188.9250030517578,188.71800231933594,20.7000732421875,0.10968785694944048,1.0
GBP/JPY,2025-02-27,188.74099731445312,189.01100158691406,27.00042724609375,0.14285108813456016,1.0
GBP/JPY,2025-03-03,190.0189971923828,189.63099670410156,38.800048828125,0.20460815743466365,1.0
GBP/JPY,2025-03-04,189.62399291992188,191.55299377441406,192.90008544921875,1.0070324751822524,1.0
GBP/JPY,2025-03-05,191.62899780273438,191.9320068359375,30.3009033203125,0.157873112566439,1.0
GBP/JPY,2025-03-06,191.93099975585938,190.80299377441406,112.80059814453125,0.5911888273508702,1.0
GBP/JPY,2025-03-10,190.88299560546875,189.34500122070312,153.7994384765625,0.8122709207268258,1.0
GBP/JPY,2025-03-11,189.34300231933594,191.63699340820312,229.39910888671875,1.197050239658473,1.0
GBP/JPY,2025-03-12,191.62600708007812,192.23399353027344,60.79864501953125,0.316274161000336,1.0
GBP/JPY,2025-03-13,192.218994140625,191.66200256347656,55.69915771484375,0.2906113729892639,1.0
GBP/JPY,2025-03-17,192.12899780273438,193.9600067138672,183.10089111328125,0.9440136356738454,1.0
GBP/JPY,2025-03-18,193.96400451660156,194.29299926757812,32.89947509765625,0.1693291843848036,1.0
GBP/JPY,2025-03-19,194.27699279785156,193.177001953125,109.99908447265625,0.5694212217836773,1.0
GBP/JPY,2025-03-20,193.18299865722656,192.6820068359375,50.09918212890625,0.2600096550352212,1.0
GBP/JPY,2025-03-24,193.44200134277344,194.87399291992188,143.19915771484375,0.7348294945323336,1.0
GBP/JPY,2025-03-25,194.85000610351562,194.093994140625,75.6011962890625,0.3895081690899097,1.0
GBP/JPY,2025-03-26,194.0800018310547,193.7449951171875,33.50067138671875,0.17291115760928805,1.0
GBP/JPY,2025-03-27,193.76400756835938,195.36300659179688,159.89990234375,0.8184758472613722,1.0
GBP/JPY,2025-03-31,193.56500244140625,193.6439971923828,7.89947509765625,0.040793803124236395,1.0
GBP/JPY,2025-04-01,193.68800354003906,193.69000244140625,0.19989013671875,0.0010320106056027304,1.0
GBP/JPY,2025-04-02,193.55599975585938,193.0,55.5999755859375,0.28808277505667096,1.0
GBP/JPY,2025-04-03,192.9029998779297,190.81199645996094,209.100341796875,1.095844840346564,1.0
GBP/JPY,2025-04-07,187.7429962158203,188.33999633789062,59.70001220703125,0.3169800008911898,1.0
GBP/JPY,2025-04-08,188.18499755859375,186.54100036621094,164.39971923828125,0.8813060877530264,1.0
GBP/JPY,2025-04-09,186.51499938964844,188.97999572753906,246.4996337890625,1.3043689245524805,1.0
GBP/JPY,2025-04-10,189.03500366210938,187.21400451660156,182.09991455078125,0.9726831869281081,1.0
GBP/JPY,2025-04-14,188.0019989013672,188.6300048828125,62.80059814453125,0.33293005629484285,1.0
GBP/JPY,2025-04-15,188.6699981689453,189.29400634765625,62.40081787109375,0.3296502571586381,1.0
GBP/JPY,2025-04-16,189.36000061035156,187.7259979248047,163.4002685546875,0.8704189636010826,1.0
GBP/JPY,2025-04-17,187.7740020751953,188.32000732421875,54.60052490234375,0.2899348065993936,1.0
GBP/JPY,2025-04-22,188.4530029296875,189.52699279785156,107.39898681640625,0.566668553280732,1.0
GBP/JPY,2025-04-23,189.3800048828125,189.83299255371094,45.29876708984375,0.2386243111930452,1.0
GBP/JPY,2025-04-24,189.96800231933594,190.343994140625,37.59918212890625,0.19753280001641765,1.0
GBP/JPY,2025-04-28,191.1580047607422,191.0760040283203,8.2000732421875,0.042915243512064064,1.0
GBP/JPY,2025-04-29,191.01499938964844,190.76300048828125,25.19989013671875,0.13210051253239122,1.0
GBP/JPY,2025-04-30,190.8249969482422,190.53599548339844,28.900146484375,0.15167814570183455,1.0
GBP/JPY,2025-05-01,190.5290069580078,193.0679931640625,253.89862060546875,1.315073598914526,1.0
GBP/JPY,2025-05-05,191.92999267578125,191.0469970703125,88.299560546875,0.4621876391722474,1.0
GBP/JPY,2025-05-06,190.9199981689453,191.1999969482422,27.9998779296875,0.14644287853868043,1.0
GBP/JPY,2025-05-07,191.01600646972656,191.18699645996094,17.0989990234375,0.08943599376549875,1.0
GBP/JPY,2025-05-08,191.18600463867188,193.21800231933594,203.19976806640625,1.0516606404540567,1.0
GBP/JPY,2025-05-12,193.72999572753906,195.48199462890625,175.19989013671875,0.8962456643094415,1.0
GBP/JPY,2025-05-13,195.4199981689453,196.1840057373047,76.4007568359375,0.38943417710738376,1.0
GBP/JPY,2025-05-14,196.2570037841797,194.47000122070312,178.70025634765625,0.918909113107117,1.0
GBP/JPY,2025-05-15,194.49899291992188,193.56700134277344,93.19915771484375,0.4814826756023578,1.0
GBP/JPY,2025-05-19,193.30799865722656,193.58700561523438,27.90069580078125,0.14412483788418906,1.0
GBP/JPY,2025-05-20,193.67799377441406,193.41200256347656,26.59912109375,0.13752570027302385,1.0
GBP/JPY,2025-05-21,193.3489990234375,193.156005859375,19.29931640625,0.09991569415812337,1.0
GBP/JPY,2025-05-22,192.88499450683594,193.03399658203125,14.90020751953125,0.07718955097735489,1.0
GBP/JPY,2025-05-26,193.36099243164062,193.55799865722656,19.70062255859375,0.10178149544458631,1.0
GBP/JPY,2025-05-27,193.5,194.81700134277344,131.70013427734375,0.676019717835725,1.0
GBP/JPY,2025-05-28,194.8179931640625,195.13800048828125,32.000732421875,0.1639902650524328,1.0
GBP/JPY,2025-05-29,195.67599487304688,194.34300231933594,133.29925537109375,0.6858968616326212,1.0
GBP/JPY,2025-06-02,193.66700744628906,193.093994140625,57.30133056640625,0.2967535620226245,1.0
GBP/JPY,2025-06-03,193.1020050048828,194.64999389648438,154.79888916015625,0.7952678860215063,1.0
GBP/JPY,2025-06-04,194.61500549316406,193.45199584960938,116.30096435546875,0.6011877202129345,1.0
GBP/JPY,2025-06-05,193.41900634765625,194.85699462890625,143.798828125,0.737971086944333,1.0
GBP/JPY,2025-06-09,195.87100219726562,195.99000549316406,11.90032958984375,0.06071906350479092,1.0
GBP/JPY,2025-06-10,195.93699645996094,195.70399475097656,23.3001708984375,0.11905822836210261,1.0
GBP/JPY,2025-06-11,195.61199951171875,195.68800354003906,7.60040283203125,0.038839390736980756,1.0
GBP/JPY,2025-06-12,195.6230010986328,195.35000610351562,27.29949951171875,0.1397466017853759,1.0
GBP/JPY,2025-06-16,196.74551391601562,196.29299926757812,45.25146484375,0.23053020236378968,1.0
GBP/JPY,2025-06-17,196.31300354003906,195.13999938964844,117.3004150390625,0.6011090263705562,1.0
GBP/JPY,2025-06-18,195.22000122070312,194.61399841308594,60.60028076171875,0.3113870597997228,1.0
GBP/JPY,2025-06-19,194.45599365234375,195.92999267578125,147.39990234375,0.7523090279886995,1.0
GBP/JPY,2025-06-23,196.44900512695312,197.58200073242188,113.299560546875,0.5734305763018994,1.0
GBP/JPY,2025-06-24,197.64500427246094,197.29800415039062,34.70001220703125,0.17587614409206656,1.0
GBP/JPY,2025-06-25,197.34300231933594,198.4720001220703,112.8997802734375,0.5688448758716516,1.0
GBP/JPY,2025-06-26,198.3719940185547,198.38699340820312,1.49993896484375,0.007560671892221584,1.0
GBP/JPY,2025-06-30,198.23699951171875,197.60800170898438,62.8997802734375,0.31830583645124594,1.0
GBP/JPY,2025-07-01,197.44400024414062,197.0749969482422,36.90032958984375,0.18724003633771405,1.0
GBP/JPY,2025-07-02,197.11000061035156,196.08999633789062,102.00042724609375,0.5201714985517807,1.0
GBP/JPY,2025-07-03,195.9029998779297,197.8000030517578,189.7003173828125,0.9590511347624909,1.0
GBP/JPY,2025-07-07,197.2519989013672,198.60699462890625,135.49957275390625,0.6822497516116433,1.0
GBP/JPY,2025-07-08,198.73699951171875,199.23899841308594,50.19989013671875,0.2519581534566761,1.0
GBP/JPY,2025-07-09,199.48300170898438,198.71800231933594,76.49993896484375,0.38496733095127356,1.0
GBP/JPY,2025-07-10,198.5800018310547,198.61000061035156,2.9998779296875,0.015104364938666367,1.0
GBP/JPY,2025-07-14,198.74200439453125,198.39700317382812,34.5001220703125,0.1738943709753759,1.0
GBP/JPY,2025-07-15,198.4459991455078,199.281005859375,83.50067138671875,0.419009684473602,1.0
GBP/JPY,2025-07-16,199.22900390625,198.36000061035156,86.90032958984375,0.43809401755622296,1.0
GBP/JPY,2025-07-17,198.47300720214844,199.19000244140625,71.69952392578125,0.35995543474563885,1.0
GBP/JPY,2025-07-21,199.11599731445312,198.80799865722656,30.79986572265625,0.1549226687592164,1.0
GBP/JPY,2025-07-22,198.82899475097656,198.4250030517578,40.399169921875,0.20359919012493174,1.0
GBP/JPY,2025-07-23,198.46800231933594,198.92599487304688,45.79925537109375,0.23023263199122118,1.0
GBP/JPY,2025-07-24,198.6999969482422,198.58799743652344,11.199951171875,0.05639792593938083,1.0
GBP/JPY,2025-07-28,198.6280059814453,198.42100524902344,20.7000732421875,0.10432400146450413,1.0
GBP/JPY,2025-07-29,198.35800170898438,198.21800231933594,13.99993896484375,0.07062899838072917,1.0
GBP/JPY,2025-07-30,198.20899963378906,197.89199829101562,31.70013427734375,0.16018906550595455,1.0
GBP/JPY,2025-07-31,197.8179931640625,199.01800537109375,120.001220703125,0.6029666535918087,1.0
GBP/JPY,2025-08-04,195.79600524902344,195.3000030517578,49.6002197265625,0.2539693750717331,1.0
GBP/JPY,2025-08-05,195.18299865722656,196.20799255371094,102.4993896484375,0.5224017039997941,1.0
GBP/JPY,2025-08-06,196.2310028076172,196.66000366210938,42.90008544921875,0.2181434183380133,1.0
GBP/JPY,2025-08-07,196.60800170898438,197.60299682617188,99.49951171875,0.5035324024274698,1.0
GBP/JPY,2025-08-11,198.49000549316406,199.0659942626953,57.598876953125,0.2893456371916303,1.0
GBP/JPY,2025-08-12,198.99000549316406,199.52200317382812,53.19976806640625,0.2666360963710724,1.0
GBP/JPY,2025-08-13,199.52099609375,199.96800231933594,44.70062255859375,0.22353887642088732,1.0
GBP/JPY,2025-08-14,199.85699462890625,199.9250030517578,6.80084228515625,0.03401696726944957,1.0
GBP/JPY,2025-08-18,199.62600708007812,199.7209930419922,9.49859619140625,0.047559327874006366,1.0
GBP/JPY,2025-08-19,199.80099487304688,199.12100219726562,67.999267578125,0.34149721439609537,1.0
GBP/JPY,2025-08-20,199.23399353027344,198.2259979248047,100.799560546875,0.5085082764225126,1.0
GBP/JPY,2025-08-21,198.3509979248047,199.00399780273438,65.29998779296875,0.3281340501395269,1.0
GBP/JPY,2025-08-25,198.8979949951172,198.77200317382812,12.59918212890625,0.06338509411653984,1.0
GBP/JPY,2025-08-26,198.86199951171875,198.7570037841797,10.49957275390625,0.05282617746294471,1.0
GBP/JPY,2025-08-27,198.72000122070312,198.80099487304688,8.099365234375,0.0407410699304961,1.0
GBP/JPY,2025-08-28,198.92300415039062,198.58999633789062,33.30078125,0.16768609629933445,1.0
GBP/JPY,2025-09-01,198.6280059814453,199.3159942626953,68.798828125,0.3451746478224133,1.0
GBP/JPY,2025-09-02,199.26100158691406,198.7969970703125,46.40045166015625,0.23340620001289494,1.0
GBP/JPY,2025-09-03,198.7949981689453,198.96299743652344,16.7999267578125,0.08443744301335376,1.0
GBP/JPY,2025-09-04,198.89700317382812,199.4429931640625,54.5989990234375,0.27375741888572724,1.0
GBP/JPY,2025-09-08,200.1540069580078,199.7209930419922,43.3013916015625,0.2168094146841048,1.0
GBP/JPY,2025-09-09,199.7100067138672,199.35699462890625,35.30120849609375,0.17707534446837594,1.0
GBP/JPY,2025-09-10,199.28599548339844,199.47900390625,19.30084228515625,0.09675625959224836,1.0
GBP/JPY,2025-09-11,199.40499877929688,199.86199951171875,45.7000732421875,0.22865814088639655,1.0
GBP/JPY,2025-09-15,200.12600708007812,200.3509979248047,22.49908447265625,0.11229833994188818,2.0
GBP/JPY,2025-09-16,200.5,199.97000122070312,52.9998779296875,0.2650391439023523,1.0
GBP/JPY,2025-09-17,199.8979949951172,200.1179962158203,22.0001220703125,0.10993575033894569,1.0
GBP/JPY,2025-09-18,200.2010040283203,200.4739990234375,27.29949951171875,0.13617476403275197,1.0
GBP/JPY,2025-09-22,199.39300537109375,199.61199951171875,21.8994140625,0.10970990780148132,1.0
GBP/JPY,2025-09-23,199.63900756835938,199.63699340820312,0.201416015625,0.001008911285360621,1.0
GBP/JPY,2025-09-24,199.60800170898438,200.13699340820312,52.899169921875,0.2643148026810859,1.0
GBP/JPY,2025-09-25,200.10000610351562,199.81399536132812,28.60107421875,0.14313849321229996,1.0
GBP/JPY,2025-09-29,200.31399536132812,199.6199951171875,69.4000244140625,0.3476606858612586,1.0
GBP/JPY,2025-09-30,199.64599609375,198.83599853515625,80.999755859375,0.4073696737819506,1.0
GBP/JPY,2025-10-01,198.94900512695312,198.14500427246094,80.40008544921875,0.40576387855160834,1.0
GBP/JPY,2025-10-02,198.25999450683594,197.82899475097656,43.0999755859375,0.2178648061179856,1.0
GBP/JPY,2025-10-06,200.9600067138672,202.66200256347656,170.1995849609375,0.839819911024656,1.0
GBP/JPY,2025-10-07,202.7050018310547,203.8489990234375,114.39971923828125,0.5611983369372747,1.0
GBP/JPY,2025-10-08,204.05799865722656,204.48800659179688,43.00079345703125,0.21028516133403513,1.0
GBP/JPY,2025-10-09,204.59800720214844,203.52499389648438,107.30133056640625,0.5272145131274697,1.0
GBP/JPY,2025-10-13,202.77200317382812,203.08399963378906,31.19964599609375,0.15362926696516943,1.0
GBP/JPY,2025-10-14,203.2239990234375,202.19200134277344,103.19976806640625,0.5104048002940188,1.0
GBP/JPY,2025-10-15,202.11599731445312,202.24400329589844,12.80059814453125,0.06329284397027583,1.0
GBP/JPY,2025-10-16,202.36000061035156,201.9080047607422,45.1995849609375,0.2238622733878149,1.0
GBP/JPY,2025-10-20,202.58200073242188,202.0500030517578,53.19976806640625,0.26330001119959606,1.0
GBP/JPY,2025-10-21,202.10400390625,203.08700561523438,98.3001708984375,0.4840298403171867,1.0
GBP/JPY,2025-10-22,202.9929962158203,202.86900329589844,12.3992919921875,0.0611196969016616,1.0
GBP/JPY,2025-10-23,202.8780059814453,203.3419952392578,46.39892578125,0.22818171783283497,1.0
GBP/JPY,2025-10-27,203.90699768066406,203.71400451660156,19.29931640625,0.09473730808073734,1.0
GBP/JPY,2025-10-28,203.69500732421875,201.57200622558594,212.30010986328125,1.0532221901174568,1.0
GBP/JPY,2025-10-29,201.47000122070312,201.50399780273438,3.399658203125,0.016871418136592757,1.0
GBP/JPY,2025-10-30,201.50399780273438,202.51199340820312,100.799560546875,0.4977461277747312,1.0
GBP/JPY,2025-11-03,202.5189971923828,202.53599548339844,1.6998291015625,0.008392725932521126,1.0
GBP/JPY,2025-11-04,202.54100036621094,199.968994140625,257.20062255859375,1.286202511864022,1.0
GBP/JPY,2025-11-05,199.9199981689453,201.10400390625,118.40057373046875,0.5887529409193878,1.0
GBP/JPY,2025-11-06,201.08999633789062,200.9929962158203,9.70001220703125,0.048260448819896516,1.0
GBP/JPY,2025-11-10,202.12600708007812,203.02999877929688,90.399169921875,0.4452503101285202,1.0
GBP/JPY,2025-11-11,203.03500366210938,202.6439971923828,39.10064697265625,0.19295240675466702,1.0
GBP/JPY,2025-11-12,202.63800048828125,203.093994140625,45.599365234375,0.22452345490237094,1.0
GBP/JPY,2025-11-13,203.09800720214844,203.38900756835938,29.10003662109375,0.14307575895572028,1.0
GBP/JPY,2025-11-17,203.41900634765625,204.23899841308594,81.99920654296875,0.4014865289200073,1.0
GBP/JPY,2025-11-18,204.26600646972656,204.48899841308594,22.2991943359375,0.10904838161949008,1.0
GBP/JPY,2025-11-19,204.50100708007812,205.01100158691406,50.99945068359375,0.24876445795018773,1.0
GBP/JPY,2025-11-20,205.04100036621094,205.91400146484375,87.30010986328125,0.42396393272065197,1.0
GBP/JPY,2025-11-24,205.2030029296875,205.63600158691406,43.29986572265625,0.2105655886542568,1.0
GBP/JPY,2025-11-25,205.66900634765625,205.50999450683594,15.90118408203125,0.07737426162746709,1.0
GBP/JPY,2025-11-26,205.5590057373047,206.9199981689453,136.0992431640625,0.6577384707539996,1.0
GBP/JPY,2025-11-27,206.9320068359375,206.94000244140625,0.799560546875,0.0038637312140816786,1.0
GBP/JPY,2025-12-01,206.4239959716797,205.46800231933594,95.599365234375,0.46527617028074086,1.0
GBP/JPY,2025-12-02,205.4739990234375,205.9409942626953,46.69952392578125,0.22676167070560035,1.0
GBP/JPY,2025-12-03,205.96200561523438,207.03599548339844,107.39898681640625,0.5187454798169057,1.0
GBP/JPY,2025-12-04,207.0330047607422,206.6739959716797,35.90087890625,0.17370776975333393,1.0
GBP/JPY,2025-12-08,206.9770050048828,207.6750030517578,69.7998046875,0.33610113717010104,1.0
GBP/JPY,2025-12-09,207.6699981689453,208.62899780273438,95.89996337890625,0.45966746899480787,1.0
GBP/JPY,2025-12-10,208.63400268554688,208.52699279785156,10.70098876953125,0.051317043544117626,1.0
GBP/JPY,2025-12-11,208.56900024414062,208.2729949951172,29.60052490234375,0.14212368196384612,1.0
GBP/JPY,2025-12-15,208.3699951171875,207.38299560546875,98.699951171875,0.47593078151713347,1.0
GBP/JPY,2025-12-16,207.40699768066406,207.7969970703125,38.99993896484375,0.18768288047804318,1.0
GBP/JPY,2025-12-17,207.7760009765625,207.9510040283203,17.50030517578125,0.08415590613545645,1.0
GBP/JPY,2025-12-18,207.94900512695312,208.23599243164062,28.69873046875,0.13781829996642472,1.0
GBP/JPY,2025-12-22,210.875,211.23399353027344,35.89935302734375,0.16995064301617135,1.0
GBP/JPY,2025-12-23,211.23599243164062,210.94400024414062,29.19921875,0.1384216603278863,1.0
GBP/JPY,2025-12-24,210.95599365234375,210.8489990234375,10.699462890625,0.050744670072802534,1.0
GBP/JPY,2025-12-29,211.16700744628906,210.7550048828125,41.20025634765625,0.19548886333952117,1.0
GBP/JPY,2025-12-30,210.7550048828125,210.62899780273438,12.6007080078125,0.059824184415546405,1.0
GBP/JPY,2025-12-31,210.61000061035156,211.1840057373047,57.4005126953125,0.271803314341494,1.0
GBP/JPY,2026-01-05,210.95700073242188,211.96600341796875,100.9002685546875,0.4760209983094581,1.0
GBP/JPY,2026-01-06,211.95799255371094,211.5050048828125,45.29876708984375,0.2141734996528437,1.0
GBP/JPY,2026-01-07,211.51199340820312,210.90199279785156,61.00006103515625,0.2892341614506435,1.0
GBP/JPY,2026-01-08,210.91000366210938,210.77699279785156,13.30108642578125,0.06310502037828118,1.0
GBP/JPY,2026-01-12,211.8159942626953,212.69200134277344,87.6007080078125,0.41186648982927954,1.0
GBP/JPY,2026-01-13,212.7259979248047,213.70899963378906,98.3001708984375,0.4599720698093403,1.0
GBP/JPY,2026-01-14,213.70799255371094,212.91799926757812,78.99932861328125,0.3710317065021886,1.0
GBP/JPY,2026-01-15,212.8979949951172,212.19900512695312,69.89898681640625,0.3294029902477041,1.0
GBP/JPY,2026-01-19,211.13999938964844,212.24600219726562,110.60028076171875,0.5210947655867961,1.0
GBP/JPY,2026-01-20,212.23699951171875,212.58099365234375,34.3994140625,0.1618179192386174,1.0
GBP/JPY,2026-01-21,212.56399536132812,212.63900756835938,7.501220703125,0.03527678570787865,1.0
GBP/JPY,2026-01-22,212.6199951171875,213.9600067138672,134.00115966796875,0.6262906873393917,1.0
GBP/JPY,2026-01-26,211.9810028076172,211.10499572753906,87.6007080078125,0.4149627426196661,1.0
GBP/JPY,2026-01-27,211.08200073242188,210.75999450683594,32.20062255859375,0.15278337159735184,1.0
GBP/JPY,2026-01-28,210.75,211.6300048828125,88.00048828125,0.4158223609642649,1.0
GBP/JPY,2026-01-29,211.63900756835938,211.46600341796875,17.3004150390625,0.08181180312405925,1.0
GBP/JPY,2026-02-02,212.28199768066406,212.56500244140625,28.30047607421875,0.13313798484781053,1.0
GBP/JPY,2026-02-03,212.5229949951172,213.38400268554688,86.10076904296875,0.4035015181988645,1.0
GBP/JPY,2026-02-04,213.3939971923828,214.06100463867188,66.70074462890625,0.31159689613479563,1.0
GBP/JPY,2026-02-05,214.08999633789062,212.00599670410156,208.39996337890625,0.9829908899688895,1.0
GBP/JPY,2026-02-09,213.98300170898438,213.61700439453125,36.5997314453125,0.17133341771667254,1.0
GBP/JPY,2026-02-10,213.60000610351562,210.60499572753906,299.50103759765625,1.422098448154205,1.0
GBP/JPY,2026-02-11,210.61000061035156,208.802001953125,180.79986572265625,0.8658914379721556,1.0
GBP/JPY,2026-02-12,208.79800415039062,208.0540008544922,74.40032958984375,0.3576010520551225,1.0
GBP/JPY,2026-02-16,208.49600219726562,209.2530059814453,75.70037841796875,0.3617648313481393,1.0
GBP/JPY,2026-02-17,209.32000732421875,207.70700073242188,161.3006591796875,0.7765778650257569,1.0
GBP/JPY,2026-02-18,207.72799682617188,208.75799560546875,102.9998779296875,0.49339369077075607,1.0
GBP/JPY,2026-02-19,208.7530059814453,208.86599731445312,11.29913330078125,0.054097523991758774,1.0
GBP/JPY,2026-02-23,208.86700439453125,208.73899841308594,12.80059814453125,0.06132346251465378,1.0
GBP/JPY,2026-02-24,208.6909942626953,210.38699340820312,169.59991455078125,0.8061330779213866,1.0
GBP/JPY,2026-02-25,210.3719940185547,211.7429962158203,137.1002197265625,0.6474840829531961,1.0
GBP/JPY,2026-02-26,211.76600646972656,210.28799438476562,147.80120849609375,0.7028513868730932,1.0
GBP/JPY,2026-03-02,209.98199462890625,210.8489990234375,86.700439453125,0.41119682737259555,1.0
GBP/JPY,2026-03-03,210.8730010986328,210.66799926757812,20.50018310546875,0.0973103802036427,1.0
GBP/JPY,2026-03-04,210.66000366210938,209.85499572753906,80.50079345703125,0.3836019875435694,1.0
GBP/JPY,2026-03-05,209.85400390625,210.4290008544922,57.49969482421875,0.27324985905330956,1.0
GBP/JPY,2026-03-09,210.71800231933594,211.89999389648438,118.19915771484375,0.5578063290204031,1.0
GBP/JPY,2026-03-10,211.8699951171875,212.1820068359375,31.201171875,0.14704909403145217,1.0
GBP/JPY,2026-03-11,212.15899658203125,212.87100219726562,71.2005615234375,0.33447750416215255,1.0
GBP/JPY,2026-03-12,212.87100219726562,212.5749969482422,29.60052490234375,0.13924744361892616,1.0
GBP/JPY,2026-03-16,211.3699951171875,211.83200073242188,46.2005615234375,0.2181000102142088,1.0
GBP/JPY,2026-03-17,211.82200622558594,212.24899291992188,42.69866943359375,0.20117254195737583,1.0
GBP/JPY,2026-03-18,212.23699951171875,211.96499633789062,27.2003173828125,0.12832457175831444,1.0
GBP/JPY,2026-03-19,211.94000244140625,211.9949951171875,5.499267578125,0.02594055380923069,1.0
GBP/JPY,2026-03-23,212.25999450683594,212.75599670410156,49.6002197265625,0.23313194690134106,1.0
GBP/JPY,2026-03-24,212.73599243164062,212.906005859375,17.0013427734375,0.0798537490984023,1.0
GBP/JPY,2026-03-25,212.9320068359375,212.98899841308594,5.69915771484375,0.026757991057314613,1.0
GBP/JPY,2026-03-26,212.98399353027344,212.98300170898438,0.09918212890625,0.00046568096097063385,1.0
GBP/JPY,2026-03-30,212.0970001220703,210.5989990234375,149.80010986328125,0.711304947117104,1.0
GBP/JPY,2026-03-31,210.5449981689453,209.90199279785156,64.300537109375,0.306336001160791,1.0
GBP/JPY,2026-04-01,209.9409942626953,211.00399780273438,106.30035400390625,0.5037836017841019,1.0
GBP/JPY,2026-04-02,211.04100036621094,210.9709930419922,7.000732421875,0.03318338848830065,1.0
GBP/JPY,2026-04-06,210.68099975585938,211.29299926757812,61.199951171875,0.28964495456081035,1.0
GBP/JPY,2026-04-07,211.322998046875,212.41200256347656,108.90045166015625,0.5126850194240449,1.0
GBP/JPY,2026-04-08,212.69500732421875,212.44400024414062,25.1007080078125,0.11815211528198853,1.0
GBP/JPY,2026-04-09,212.47000122070312,213.58299255371094,111.29913330078125,0.521104850016521,1.0
GBP/JPY,2026-04-13,213.8679962158203,215.31399536132812,144.59991455078125,0.6715769418895489,1.0
GBP/JPY,2026-04-14,215.18600463867188,215.47999572753906,29.39910888671875,0.13643544398382149,1.0
GBP/JPY,2026-04-15,215.56500244140625,215.53500366210938,2.9998779296875,0.013918286490441056,1.0
GBP/JPY,2026-04-16,215.54400634765625,215.31199645996094,23.20098876953125,0.10775520709941339,1.0
GBP/JPY,2026-04-20,214.583251953125,214.947998046875,36.474609375,0.16969038886812876,1.0
GBP/JPY,2026-04-21,214.93099975585938,215.2449951171875,31.3995361328125,0.14587812420780052,1.0
GBP/JPY,2026-04-22,215.28700256347656,215.32400512695312,3.70025634765625,0.017184597441769724,1.0
GBP/JPY,2026-04-23,215.2969970703125,215.072998046875,22.39990234375,0.10415023060620543,1.0
GBP/JPY,2026-04-27,215.64700317382812,215.7689971923828,12.19940185546875,0.05653917853912805,1.0
GBP/JPY,2026-04-28,215.73399353027344,215.7740020751953,4.0008544921875,0.01854187461746776,1.0
GBP/JPY,2026-04-29,215.7760009765625,216.12600708007812,35.0006103515625,0.16194538928669613,1.0
GBP/JPY,2026-04-30,216.05499267578125,213.09500122070312,295.9991455078125,1.389047813473791,1.0
GBP/JPY,2026-05-04,213.01600646972656,212.67799377441406,33.80126953125,0.15893167380120554,1.0
GBP/JPY,2026-05-05,212.6820068359375,213.82200622558594,113.99993896484375,0.5331534437319414,1.0
GBP/JPY,2026-05-06,213.94700622558594,212.52499389648438,142.20123291015625,0.6691035736691701,1.0
GBP/JPY,2026-05-07,212.69200134277344,212.53700256347656,15.4998779296875,0.07292790310740496,1.0
GBP/JPY,2026-05-11,213.22999572753906,213.89199829101562,66.20025634765625,0.30950319262334436,1.0
GBP/JPY,2026-05-12,213.8939971923828,213.3780059814453,51.59912109375,0.24182024223357348,1.0
GBP/JPY,2026-05-13,213.40499877929688,213.4669952392578,6.19964599609375,0.029042644223033497,1.0
GBP/JPY,2026-05-14,213.51800537109375,212.19200134277344,132.60040283203125,0.6249076402169821,1.0
GBP/JPY,2026-05-18,211.41700744628906,213.3719940185547,195.4986572265625,0.916233914041981,1.0
GBP/JPY,2026-05-19,213.37600708007812,213.0780029296875,29.8004150390625,0.13985683472402444,1.0
GBP/JPY,2026-05-20,213.03500366210938,213.42799377441406,39.29901123046875,0.1841324117585364,1.0
GBP/JPY,2026-05-21,213.42999267578125,213.53500366210938,10.5010986328125,0.04917741097580932,1.0
GBP/JPY,2026-05-25,214.27499389648438,214.59800720214844,32.30133056640625,0.1505201795093038,1.0
GBP/JPY,2026-05-26,214.50900268554688,214.218994140625,29.0008544921875,0.1353794728078583,1.0
GBP/JPY,2026-05-27,214.26100158691406,214.1750030517578,8.599853515625,0.040153395088533037,1.0
GBP/JPY,2026-05-28,214.06300354003906,214.07200622558594,0.9002685546875,0.004205447365868147,1.0
GBP/JPY,2026-06-01,214.33799743652344,214.8459930419922,50.799560546875,0.23644639505539253,1.0
GBP/JPY,2026-06-02,214.8719940185547,215.33399963378906,46.2005615234375,0.21455302739933854,1.0
GBP/JPY,2026-06-03,215.19000244140625,214.66700744628906,52.29949951171875,0.24363082214580362,1.0
GBP/JPY,2026-06-04,214.7429962158203,214.7760009765625,3.30047607421875,0.015367061772320249,1.0
GBP/JPY,2026-06-08,213.80099487304688,213.6820068359375,11.8988037109375,0.05568463104183246,1.0
GBP/JPY,2026-06-09,213.57400512695312,214.4759979248047,90.19927978515625,0.4205565222117774,1.0
GBP/JPY,2026-06-10,214.45599365234375,214.4219970703125,3.399658203125,0.01585498805894526,1.0
GBP/JPY,2026-06-11,214.48699951171875,214.79400634765625,30.70068359375,0.14293082063034482,1.0
GBP/JPY,2026-06-15,215.1320037841797,215.0,13.20037841796875,0.061397108920784885,1.0
GBP/JPY,2026-06-16,214.9499969482422,215.38499450683594,43.499755859375,0.20196279670724412,1.0
GBP/JPY,2026-06-17,215.36099243164062,213.5399932861328,182.09991455078125,0.8527672580132404,1.0
GBP/JPY,2026-06-18,213.60800170898438,212.93099975585938,67.7001953125,0.3179442889486412,1.0
GBP/JPY,2026-06-22,213.2050018310547,214.0500030517578,84.5001220703125,0.39476814232924895,1.0
GBP/JPY,2026-06-23,214.02699279785156,213.25599670410156,77.099609375,0.36153548114277784,1.0
GBP/JPY,2026-06-24,213.3000030517578,212.94900512695312,35.09979248046875,0.16482721982919535,1.0
GBP/JPY,2026-06-25,212.947998046875,213.42100524902344,47.30072021484375,0.2216310440467302,1.0
GBP/JPY,2026-06-29,213.50100708007812,214.70599365234375,120.4986572265625,0.5612263317701152,1.0
GBP/JPY,2026-06-30,214.59300231933594,215.55799865722656,96.4996337890625,0.44767363953175837,1.0
GBP/JPY,2026-07-01,215.47999572753906,215.8350067138672,35.5010986328125,0.16448257941713954,1.0
GBP/JPY,2026-07-02,215.82699584960938,215.18499755859375,64.1998291015625,0.2983471423656346,1.0
GBP/JPY,2026-07-06,215.57899475097656,217.1060028076172,152.7008056640625,0.7033467692709277,1.0
GBP/JPY,2026-07-07,217.1020050048828,216.5449981689453,55.70068359375,0.25722452176102967,1.0
GBP/JPY,2026-07-08,216.68600463867188,217.67999267578125,99.3988037109375,0.45662811032424505,1.0
GBP/JPY,2026-07-09,217.6929931640625,217.7519989013672,5.90057373046875,0.027097678828388025,1.0
GBP/JPY,2026-07-13,216.69900512695312,216.83599853515625,13.6993408203125,0.06317835097889148,1.0
GBP/JPY,2026-07-14,216.79800415039062,217.24200439453125,44.4000244140625,0.20438047668455503,1.0
GBP/JPY,2026-07-15,217.27699279785156,219.47999572753906,220.30029296875,1.0037374578876392,1.0
GBP/JPY,2026-07-16,219.38699340820312,218.75999450683594,62.69989013671875,0.28661497399498,1.0
GBP/JPY,2026-07-20,218.4929962158203,218.1699981689453,32.2998046875,0.14804879203641855,1.0
GBP/JPY,2026-07-21,218.2270050048828,218.27200317382812,4.49981689453125,0.02061563933578633,1.0
GBP/JPY,2026-07-22,218.31300354003906,218.08299255371094,23.0010986328125,0.10546947454945453,1.0
GBP/JPY,2026-07-23,218.1179962158203,218.1540069580078,3.60107421875,0.01650702762220254,1.0
GBP/JPY,2026-07-27,218.43499755859375,217.58200073242188,85.2996826171875,0.39203464592683557,1.0
GBP/JPY,2026-07-28,217.64199829101562,217.66200256347656,2.00042724609375,0.009190521186675049,1.0
GBP/JPY,2026-07-29,217.70899963378906,218.41900634765625,71.00067138671875,0.3250663601761259,1.0
GBP/JPY,2026-07-30,218.2790069580078,215.05799865722656,322.100830078125,1.4977393637495449,1.0
GBP/JPY,2026-08-03,212.58200073242188,211.3260040283203,125.59967041015625,0.5943408194730466,1.0
GBP/JPY,2026-08-04,211.51699829101562,212.1300048828125,61.3006591796875,0.28897684329735424,1.0
GBP/JPY,2026-08-05,212.1060028076172,212.3159942626953,20.9991455078125,0.09890515116741784,1.0
GBP/JPY,2026-08-06,212.2779998779297,213.14199829101562,86.39984130859375,0.4053628191597736,1.0
GBP/JPY,2026-08-10,212.99899291992188,215.13400268554688,213.5009765625,0.9924092607274462,1.0
GBP/JPY,2026-08-11,215.02200317382812,215.15699768066406,13.49945068359375,0.06274232690135242,1.0
GBP/JPY,2026-08-12,215.156005859375,215.1020050048828,5.40008544921875,0.025104765755652382,1.0
GBP/JPY,2026-08-13,215.0469970703125,215.07400512695312,2.7008056640625,0.012557564371706745,1.0
GBP/JPY,2026-08-17,215.6699981689453,215.89700317382812,22.70050048828125,0.10514504673325216,1.0
GBP/JPY,2026-08-18,215.90199279785156,215.98399353027344,8.2000732421875,0.03796611548919311,1.0
GBP/JPY,2026-08-19,215.96600341796875,215.20599365234375,76.0009765625,0.35315455333124407,1.0
GBP/JPY,2026-08-20,215.24400329589844,216.7530059814453,150.9002685546875,0.69618535563749,1.0
GBP/JPY,2026-08-24,216.95399475097656,216.90899658203125,4.49981689453125,0.020745183304692928,1.0
GBP/JPY,2026-08-25,217.0189971923828,217.3040008544922,28.5003662109375,0.13115435564401542,1.0
GBP/JPY,2026-08-26,217.2830047607422,216.4949951171875,78.80096435546875,0.36398515500468837,1.0
GBP/JPY,2026-08-27,216.5,216.64999389648438,14.9993896484375,0.0692332798107727,1.0
GBP/JPY,2026-08-31,216.79800415039062,216.43299865722656,36.50054931640625,0.16864595298711174,1.0
GBP/JPY,2026-09-01,216.42799377441406,216.51199340820312,8.39996337890625,0.03879675784550786,1.0
GBP/JPY,2026-09-02,216.44700622558594,214.08900451660156,235.8001708984375,1.1014118704080964,1.0
GBP/JPY,2026-09-03,214.27200317382812,211.1269989013672,314.50042724609375,1.4896267596406265,1.0
GBP/JPY,2026-09-07,211.14100646972656,208.7779998779297,236.3006591796875,1.1318273923394708,1.0
EUR/GBP,2024-09-09,0.8441799879074097,0.8443099856376648,1.2999773025512695,0.015396919670083756,1.0
EUR/GBP,2024-09-10,0.8442999720573425,0.8423900008201599,19.099712371826172,0.22673242029499976,1.0
EUR/GBP,2024-09-11,0.8424299955368042,0.8442999720573425,18.6997652053833,0.22148248044846866,1.0
EUR/GBP,2024-09-12,0.8444300293922424,0.8435099720954895,9.200572967529297,0.1090748571077681,1.0
EUR/GBP,2024-09-16,0.8440700173377991,0.8423600196838379,17.099976539611816,0.20300080891813851,1.0
EUR/GBP,2024-09-17,0.8424400091171265,0.8446699976921082,22.299885749816895,0.2640070774473685,1.0
EUR/GBP,2024-09-18,0.8446000218391418,0.841480016708374,31.200051307678223,0.37077590303004204,1.0
EUR/GBP,2024-09-19,0.8417900204658508,0.8404200077056885,13.700127601623535,0.1630152480427532,1.0
EUR/GBP,2024-09-23,0.8382200002670288,0.8324499726295471,57.700276374816895,0.6931380656131559,1.0
EUR/GBP,2024-09-24,0.8323100209236145,0.8335599899291992,12.499690055847168,0.1499554945878444,1.0
EUR/GBP,2024-09-25,0.8334400057792664,0.8356000185012817,21.60012722015381,0.25849840524052925,1.0
EUR/GBP,2024-09-26,0.8358399868011475,0.8332300186157227,26.099681854248047,0.31323501639569423,1.0
EUR/GBP,2024-09-30,0.834559977054596,0.8326600193977356,18.999576568603516,0.22817928237200508,1.0
EUR/GBP,2024-10-01,0.832539975643158,0.8333899974822998,8.500218391418457,0.10199568529857465,1.0
EUR/GBP,2024-10-02,0.8335400223731995,0.8326699733734131,8.70048999786377,0.10448905660204479,1.0
EUR/GBP,2024-10-03,0.8327199816703796,0.8405200242996216,78.00042629241943,0.9280019992077486,1.0
EUR/GBP,2024-10-07,0.8359100222587585,0.8388400077819824,29.29985523223877,0.3492901502124576,1.0
EUR/GBP,2024-10-08,0.838699996471405,0.83788001537323,8.199810981750488,0.09786378516377335,1.0
EUR/GBP,2024-10-09,0.8381400108337402,0.8374199867248535,7.2002410888671875,0.08598124242325889,1.0
EUR/GBP,2024-10-10,0.8372399806976318,0.8372799754142761,0.3999471664428711,0.004776743481115525,1.0
EUR/GBP,2024-10-14,0.8370800018310547,0.8349300026893616,21.499991416931152,0.25750651369190636,1.0
EUR/GBP,2024-10-15,0.8348699808120728,0.8331999778747559,16.700029373168945,0.20043242698788508,1.0
EUR/GBP,2024-10-16,0.8328999876976013,0.8359100222587585,30.100345611572266,0.3600907371613569,1.0
EUR/GBP,2024-10-17,0.8358299732208252,0.8321300148963928,36.99958324432373,0.44463704687939287,1.0
EUR/GBP,2024-10-21,0.8326399922370911,0.8331000208854675,4.600286483764648,0.055218897712608316,1.0
EUR/GBP,2024-10-22,0.8330600261688232,0.8316400051116943,14.200210571289062,0.17074948876926488,1.0
EUR/GBP,2024-10-23,0.8316199779510498,0.8350200057029724,34.000277519226074,0.40717919674993297,1.0
EUR/GBP,2024-10-24,0.8347700238227844,0.8343999981880188,3.70025634765625,0.0443463129876764,1.0
EUR/GBP,2024-10-28,0.8331500291824341,0.8336899876594543,5.399584770202637,0.06476729779809061,1.0
EUR/GBP,2024-10-29,0.8337100148200989,0.831529974937439,21.80039882659912,0.26217213430266656,1.0
EUR/GBP,2024-10-30,0.8314599990844727,0.8378900289535522,64.3002986907959,0.7674073741049415,1.0
EUR/GBP,2024-10-31,0.8378999829292297,0.8439000248908997,60.00041961669922,0.7109896652089345,1.0
EUR/GBP,2024-11-04,0.839460015296936,0.8393700122833252,0.9000301361083984,0.010722686335434602,1.0
EUR/GBP,2024-11-05,0.8393300175666809,0.8383399844169617,9.900331497192383,0.11809446860724104,1.0
EUR/GBP,2024-11-06,0.8382599949836731,0.8329600095748901,52.99985408782959,0.6362832966600476,1.0
EUR/GBP,2024-11-07,0.8329899907112122,0.8314899802207947,15.000104904174805,0.18040030861456277,1.0
EUR/GBP,2024-11-11,0.8294900059700012,0.828249990940094,12.400150299072266,0.14971506712602123,1.0
EUR/GBP,2024-11-12,0.8282099962234497,0.8334400057792664,52.300095558166504,0.6275208196811469,1.0
EUR/GBP,2024-11-13,0.8335000276565552,0.8313699960708618,21.300315856933594,0.256207416163694,1.0
EUR/GBP,2024-11-14,0.8313400149345398,0.831250011920929,0.9000301361083984,0.01082743005354702,1.0
EUR/GBP,2024-11-18,0.8348199725151062,0.8355900049209595,7.700324058532715,0.09215433422113645,1.0
EUR/GBP,2024-11-19,0.8355799913406372,0.8355600237846375,0.1996755599975586,0.0023897213164068777,1.0
EUR/GBP,2024-11-20,0.8355500102043152,0.833329975605011,22.200345993041992,0.2664052253361483,1.0
EUR/GBP,2024-11-21,0.8333600163459778,0.8318899869918823,14.70029354095459,0.1767095862532366,1.0
EUR/GBP,2024-11-25,0.8320900201797485,0.8337000012397766,16.09981060028076,0.19311275730285588,1.0
EUR/GBP,2024-11-26,0.8333100080490112,0.8343600034713745,10.499954223632812,0.12584440984643924,1.0
EUR/GBP,2024-11-27,0.83433997631073,0.8331000208854675,12.399554252624512,0.14883632147128673,1.0
EUR/GBP,2024-11-28,0.8331300020217896,0.8317899703979492,13.40031623840332,0.161102161787215,1.0
EUR/GBP,2024-12-02,0.8301200270652771,0.8295300006866455,5.900263786315918,0.07112779262271358,1.0
EUR/GBP,2024-12-03,0.829509973526001,0.8292099833488464,2.99990177154541,0.03617782988369255,1.0
EUR/GBP,2024-12-04,0.8292400240898132,0.8276900053024292,15.500187873840332,0.1872704487735928,1.0
EUR/GBP,2024-12-05,0.8276299834251404,0.8296200037002563,19.900202751159668,0.2398712984547279,1.0
EUR/GBP,2024-12-09,0.8286899924278259,0.8277999758720398,8.900165557861328,0.10751589535244324,1.0
EUR/GBP,2024-12-10,0.8278099894523621,0.8240100145339966,37.999749183654785,0.4611563999637168,1.0
EUR/GBP,2024-12-11,0.8240299820899963,0.8229600191116333,10.699629783630371,0.130013968299218,1.0
EUR/GBP,2024-12-12,0.822950005531311,0.8261500000953674,31.999945640563965,0.38733820295188554,1.0
EUR/GBP,2024-12-16,0.8322799801826477,0.8287000060081482,35.79974174499512,0.4319988112156852,1.0
EUR/GBP,2024-12-17,0.8286299705505371,0.8256400227546692,29.8994779586792,0.36213697416123847,1.0
EUR/GBP,2024-12-18,0.8256300091743469,0.8235499858856201,20.800232887268066,0.2525679466183239,1.0
EUR/GBP,2024-12-19,0.8235399723052979,0.829259991645813,57.20019340515137,0.6897739428092687,1.0
EUR/GBP,2024-12-23,0.8299700021743774,0.8301200270652771,1.500248908996582,0.01807267455406914,1.0
EUR/GBP,2024-12-24,0.8300899863243103,0.8288999795913696,11.900067329406738,0.14356457500787034,1.0
EUR/GBP,2024-12-25,0.8289999961853027,0.8289899826049805,0.10013580322265625,0.0012079253709193693,1.0
EUR/GBP,2024-12-26,0.8289999961853027,0.831820011138916,28.200149536132812,0.33901744558322866,1.0
EUR/GBP,2024-12-30,0.8290799856185913,0.829200029373169,1.2004375457763672,0.014477056237972326,1.0
EUR/GBP,2024-12-31,0.8291900157928467,0.8268300294876099,23.599863052368164,0.2854258095462873,1.0
EUR/GBP,2025-01-02,0.8268300294876099,0.8293700218200684,25.39992332458496,0.30625562362194314,1.0
EUR/GBP,2025-01-06,0.829230010509491,0.8299400210380554,7.100105285644531,0.08554961931783946,1.0
EUR/GBP,2025-01-07,0.8299000263214111,0.828980028629303,9.199976921081543,0.11097947602300463,1.0
EUR/GBP,2025-01-08,0.8289600014686584,0.8345299959182739,55.699944496154785,0.667440892101972,1.0
EUR/GBP,2025-01-09,0.8344799876213074,0.8371400237083435,26.600360870361328,0.3177528264928448,1.0
EUR/GBP,2025-01-13,0.8393099904060364,0.8390799760818481,2.300143241882324,0.027412681835443497,1.0
EUR/GBP,2025-01-14,0.8390799760818481,0.8439599871635437,48.800110816955566,0.5782277780842117,1.0
EUR/GBP,2025-01-15,0.8439099788665771,0.8408700227737427,30.399560928344727,0.36152508836106406,1.0
EUR/GBP,2025-01-16,0.8408499956130981,0.8419399857521057,10.899901390075684,0.12946173806365535,1.0
EUR/GBP,2025-01-20,0.8443899750709534,0.8450400233268738,6.500482559204102,0.07692514413236994,1.0
EUR/GBP,2025-01-21,0.8449599742889404,0.8434500098228455,15.099644660949707,0.17902240186257357,1.0
EUR/GBP,2025-01-22,0.843529999256134,0.8452000021934509,16.700029373168945,0.1975867171063567,1.0
EUR/GBP,2025-01-23,0.8452100157737732,0.8431299924850464,20.800232887268066,0.24670256155828754,1.0
EUR/GBP,2025-01-27,0.8401299715042114,0.8383600115776062,17.699599266052246,0.21112170215210474,1.0
EUR/GBP,2025-01-28,0.8381900191307068,0.8381500244140625,0.3999471664428711,0.004771784940559631,1.0
EUR/GBP,2025-01-29,0.8382200002670288,0.836929976940155,12.900233268737793,0.1541375458422638,1.0
EUR/GBP,2025-01-30,0.8369500041007996,0.836899995803833,0.5000829696655273,0.005975420864773733,1.0
EUR/GBP,2025-02-03,0.8336399793624878,0.8306099772453308,30.300021171569824,0.3647924056012193,1.0
EUR/GBP,2025-02-04,0.8306599855422974,0.831309974193573,6.499886512756348,0.07818848220919854,1.0
EUR/GBP,2025-02-05,0.8312900066375732,0.8316699862480164,3.7997961044311523,0.04568874874965124,1.0
EUR/GBP,2025-02-06,0.8317599892616272,0.835129976272583,33.699870109558105,0.4035284454758765,1.0
EUR/GBP,2025-02-10,0.832099974155426,0.8333600163459778,12.600421905517578,0.1512002214933046,1.0
EUR/GBP,2025-02-11,0.8334299921989441,0.832319974899292,11.100172996520996,0.13336425090439624,1.0
EUR/GBP,2025-02-12,0.8323400020599365,0.8346199989318848,22.799968719482422,0.2731778384014397,1.0
EUR/GBP,2025-02-13,0.8346099853515625,0.8326399922370911,19.699931144714355,0.2365960238324089,1.0
EUR/GBP,2025-02-17,0.8335000276565552,0.8307399749755859,27.600526809692383,0.3322402633929289,1.0
EUR/GBP,2025-02-18,0.8306900262832642,0.8275700211524963,31.200051307678223,0.37700799340493496,1.0
EUR/GBP,2025-02-19,0.8275200128555298,0.8281499743461609,6.299614906311035,0.07606852745826252,1.0
EUR/GBP,2025-02-20,0.8281499743461609,0.8287100195884705,5.600452423095703,0.06758036334442818,1.0
EUR/GBP,2025-02-24,0.828000009059906,0.829069972038269,10.699629783630371,0.12905581126434149,1.0
EUR/GBP,2025-02-25,0.8290200233459473,0.8301799893379211,11.59965991973877,0.1397246388580101,1.0
EUR/GBP,2025-02-26,0.8301200270652771,0.8270300030708313,30.900239944458008,0.3736290077714574,1.0
EUR/GBP,2025-02-27,0.8270099759101868,0.8250700235366821,19.399523735046387,0.23512578546836388,1.0
EUR/GBP,2025-03-03,0.826170027256012,0.8254500031471252,7.2002410888671875,0.08722807028185137,1.0
EUR/GBP,2025-03-04,0.8254299759864807,0.8303599953651428,49.300193786621094,0.5937207242858781,1.0
EUR/GBP,2025-03-05,0.8304200172424316,0.8372799754142761,68.59958171844482,0.8193147302310984,1.0
EUR/GBP,2025-03-06,0.8372899889945984,0.8372399806976318,0.5000829696655273,0.005972994376699883,1.0
EUR/GBP,2025-03-10,0.8397499918937683,0.8418200016021729,20.70009708404541,0.24589694999701206,1.0
EUR/GBP,2025-03-11,0.8417900204658508,0.8431000113487244,13.099908828735352,0.15537787513226525,1.0
EUR/GBP,2025-03-12,0.8430699706077576,0.8396300077438354,34.39962863922119,0.4096998478133984,1.0
EUR/GBP,2025-03-13,0.8396499752998352,0.8377199769020081,19.299983978271484,0.23038705665878007,1.0
EUR/GBP,2025-03-17,0.8414499759674072,0.8408200144767761,6.299614906311035,0.07492227584795477,1.0
EUR/GBP,2025-03-18,0.8408100008964539,0.8413599729537964,5.499720573425293,0.06536703373369666,1.0
EUR/GBP,2025-03-19,0.8414199948310852,0.8386499881744385,27.700066566467285,0.33029353075845624,1.0
EUR/GBP,2025-03-20,0.8386099934577942,0.8371400237083435,14.699697494506836,0.17559425040258447,1.0
EUR/GBP,2025-03-24,0.8383299708366394,0.835860013961792,24.69956874847412,0.295498867464704,1.0
EUR/GBP,2025-03-25,0.8358700275421143,0.8332800269126892,25.90000629425049,0.31081995797031486,1.0
EUR/GBP,2025-03-26,0.8332599997520447,0.83406001329422,8.00013542175293,0.09591798304963016,1.0
EUR/GBP,2025-03-27,0.8341000080108643,0.8339499831199646,1.500248908996582,0.01798967491292304,1.0
EUR/GBP,2025-03-31,0.8365499973297119,0.8373100161552429,7.600188255310059,0.09076910712484457,1.0
EUR/GBP,2025-04-01,0.8372600078582764,0.8353000283241272,19.5997953414917,0.23464377680933413,1.0
EUR/GBP,2025-04-02,0.8353300094604492,0.8332399725914001,20.900368690490723,0.2508325257787379,1.0
EUR/GBP,2025-04-03,0.8357999920845032,0.8444899916648865,86.89999580383301,1.029023394729786,1.0
EUR/GBP,2025-04-07,0.8507500290870667,0.8571100234985352,63.59994411468506,0.742027772059928,1.0
EUR/GBP,2025-04-08,0.8571500182151794,0.8582299947738647,10.799765586853027,0.12583766184609593,1.0
EUR/GBP,2025-04-09,0.8585000038146973,0.854640007019043,38.59996795654297,0.4516517789891258,1.0
EUR/GBP,2025-04-10,0.8538100123405457,0.8645600080490112,107.49995708465576,1.2434065430257755,1.0
EUR/GBP,2025-04-14,0.8668000102043152,0.8612899780273438,55.100321769714355,0.6397418195427448,1.0
EUR/GBP,2025-04-15,0.8607000112533569,0.8533099889755249,73.90022277832031,0.8660419277060633,1.0
EUR/GBP,2025-04-16,0.8534700274467468,0.8610600233078003,75.89995861053467,0.8814711699070829,1.0
EUR/GBP,2025-04-17,0.8611000180244446,0.861050009727478,0.5000829696655273,0.005807827234376357,1.0
EUR/GBP,2025-04-22,0.8604000210762024,0.8552799820899963,51.20038986206055,0.5986389361872498,1.0
EUR/GBP,2025-04-23,0.8551700115203857,0.854170024394989,9.999871253967285,0.11707120325429614,1.0
EUR/GBP,2025-04-24,0.8539100289344788,0.8537099957466125,2.0003318786621094,0.023431046709400632,1.0
EUR/GBP,2025-04-28,0.8534600138664246,0.8494099974632263,40.50016403198242,0.47680347715398536,1.0
EUR/GBP,2025-04-29,0.8490599989891052,0.8495799899101257,5.199909210205078,0.06120564598932185,1.0
EUR/GBP,2025-04-30,0.8492100238800049,0.8500099778175354,7.999539375305176,0.09411112321110153,1.0
EUR/GBP,2025-05-01,0.8498899936676025,0.8503000140190125,4.100203514099121,0.04822066854637782,1.0
EUR/GBP,2025-05-05,0.8530899882316589,0.8512600064277649,18.29981803894043,0.2149733089862162,1.0
EUR/GBP,2025-05-06,0.8510500192642212,0.8493800163269043,16.700029373168945,0.19661434284017268,1.0
EUR/GBP,2025-05-07,0.8491899967193604,0.8505499958992004,13.599991798400879,0.15989644187844576,1.0
EUR/GBP,2025-05-08,0.8504700064659119,0.847599983215332,28.70023250579834,0.3386058644895828,1.0
EUR/GBP,2025-05-12,0.8450199961662292,0.8418700098991394,31.499862670898438,0.3741653972763834,1.0
EUR/GBP,2025-05-13,0.8419399857521057,0.840939998626709,9.999871253967285,0.11891301722236429,1.0
EUR/GBP,2025-05-14,0.8406999707221985,0.8429399728775024,22.40002155303955,0.2657368528458047,1.0
EUR/GBP,2025-05-15,0.8430100083351135,0.8409299850463867,20.800232887268066,0.2473479749461033,1.0
EUR/GBP,2025-05-19,0.8407700061798096,0.8411399722099304,3.699660301208496,0.043983884055448744,1.0
EUR/GBP,2025-05-20,0.8407300114631653,0.8424000144004822,16.700029373168945,0.19824346020523273,1.0
EUR/GBP,2025-05-21,0.8425300121307373,0.8441200256347656,15.900135040283203,0.1883634383431022,1.0
EUR/GBP,2025-05-22,0.8443599939346313,0.840719997882843,36.3999605178833,0.4329617543242471,1.0
EUR/GBP,2025-05-26,0.8401299715042114,0.8396000266075134,5.2994489669799805,0.06311873271839838,1.0
EUR/GBP,2025-05-27,0.8394700288772583,0.838919997215271,5.500316619873047,0.06556425687945115,1.0
EUR/GBP,2025-05-28,0.838890016078949,0.8384400010108948,4.500150680541992,0.05367290056672185,1.0
EUR/GBP,2025-05-29,0.8363199830055237,0.8426200151443481,63.00032138824463,0.7476717886585227,1.0
EUR/GBP,2025-06-02,0.8428699970245361,0.8447499871253967,18.799901008605957,0.22254988215602367,1.0
EUR/GBP,2025-06-03,0.8447700142860413,0.841159999370575,36.100149154663086,0.4291710159978623,1.0
EUR/GBP,2025-06-04,0.8412799835205078,0.8427000045776367,14.200210571289062,0.1685084904966417,1.0
EUR/GBP,2025-06-05,0.8427799940109253,0.8433300256729126,5.500316619873047,0.06522140149681278,1.0
EUR/GBP,2025-06-09,0.8425499796867371,0.842739999294281,1.9001960754394531,0.022547832985626605,1.0
EUR/GBP,2025-06-10,0.8428999781608582,0.8463500142097473,34.5003604888916,0.40763702853015515,1.0
EUR/GBP,2025-06-11,0.8466600179672241,0.848110020160675,14.500021934509277,0.1709686430984772,1.0
EUR/GBP,2025-06-12,0.8481600284576416,0.8510500192642212,28.8999080657959,0.33957943025230686,1.0
EUR/GBP,2025-06-16,0.8510000109672546,0.8512399792671204,2.3996829986572266,0.028190440499790043,1.0
EUR/GBP,2025-06-17,0.8514500260353088,0.8548300266265869,33.80000591278076,0.39540031187446256,1.0
EUR/GBP,2025-06-18,0.8548799753189087,0.8552700281143188,3.9005279541015625,0.04560580665618978,1.0
EUR/GBP,2025-06-19,0.8554199934005737,0.8537099957466125,17.099976539611816,0.20030193654529044,1.0
EUR/GBP,2025-06-23,0.8558899760246277,0.856190025806427,3.000497817993164,0.03504476491847776,1.0
EUR/GBP,2025-06-24,0.856190025806427,0.8525999784469604,35.90047359466553,0.42107054307061376,1.0
EUR/GBP,2025-06-25,0.8528599739074707,0.8531100153923035,2.5004148483276367,0.02930940679647066,1.0
EUR/GBP,2025-06-26,0.8532999753952026,0.8514699935913086,18.29981803894043,0.2149202928661751,1.0
EUR/GBP,2025-06-30,0.8547300100326538,0.8582500219345093,35.20011901855469,0.41013828277234476,1.0
EUR/GBP,2025-07-01,0.8583599925041199,0.8587599992752075,4.000067710876465,0.046579576531889204,1.0
EUR/GBP,2025-07-02,0.858780026435852,0.8640099763870239,52.29949951171875,0.6053112920109589,1.0
EUR/GBP,2025-07-03,0.8644300103187561,0.8611900210380554,32.399892807006836,0.3762223436815126,1.0
EUR/GBP,2025-07-07,0.863099992275238,0.861739993095398,13.599991798400879,0.15782013028720263,1.0
EUR/GBP,2025-07-08,0.8614299893379211,0.8627899885177612,13.599991798400879,0.15762806684585112,1.0
EUR/GBP,2025-07-09,0.8629000186920166,0.8626899719238281,2.1004676818847656,0.02434788568598579,1.0
EUR/GBP,2025-07-10,0.8629900217056274,0.8616399765014648,13.500452041625977,0.15668321352082745,1.0
EUR/GBP,2025-07-14,0.8657000064849854,0.8688600063323975,31.599998474121094,0.3636949363972907,1.0
EUR/GBP,2025-07-15,0.8687599897384644,0.866890013217926,18.6997652053833,0.21571093126299978,1.0
EUR/GBP,2025-07-16,0.8666099905967712,0.8674399852752686,8.299946784973145,0.09568323948473836,1.0
EUR/GBP,2025-07-17,0.8676000237464905,0.8649500012397766,26.500225067138672,0.3063786927470323,1.0
EUR/GBP,2025-07-21,0.8668799996376038,0.866919994354248,0.3999471664428711,0.004613426487420953,1.0
EUR/GBP,2025-07-22,0.8669099807739258,0.8685200214385986,16.100406646728516,0.18537749561674047,1.0
EUR/GBP,2025-07-23,0.8681399822235107,0.8666800260543823,14.59956169128418,0.16845388439087078,1.0
EUR/GBP,2025-07-24,0.8669899702072144,0.8701199889183044,31.30018711090088,0.35972265330683784,1.0
EUR/GBP,2025-07-28,0.8748000264167786,0.8677099943161011,70.9003210067749,0.8170969733114123,1.0
EUR/GBP,2025-07-29,0.8679500222206116,0.864870011806488,30.80010414123535,0.3561240847847408,1.0
EUR/GBP,2025-07-30,0.8649299740791321,0.8618800044059753,30.499696731567383,0.3538740494691993,1.0
EUR/GBP,2025-07-31,0.8620200157165527,0.8645200133323669,24.99997615814209,0.28917752941053987,1.0
EUR/GBP,2025-08-04,0.8717600107192993,0.8710700273513794,6.899833679199219,0.07921101016618848,1.0
EUR/GBP,2025-08-05,0.8710899949073792,0.8705300092697144,5.599856376647949,0.06432697686488323,1.0
EUR/GBP,2025-08-06,0.8705899715423584,0.8731099963188171,25.200247764587402,0.28862626554312754,1.0
EUR/GBP,2025-08-07,0.8730400204658508,0.8678900003433228,51.50020122528076,0.5933954902684458,1.0
EUR/GBP,2025-08-11,0.8663399815559387,0.8643900156021118,19.499659538269043,0.22558867162164156,1.0
EUR/GBP,2025-08-12,0.8646000027656555,0.864870011806488,2.7000904083251953,0.031219609553641597,1.0
EUR/GBP,2025-08-13,0.8646799921989441,0.8620799779891968,26.000142097473145,0.30159779557946037,1.0
EUR/GBP,2025-08-14,0.8621399998664856,0.8611000180244446,10.399818420410156,0.12077364072375306,1.0
EUR/GBP,2025-08-18,0.8634999990463257,0.8637199997901917,2.200007438659668,0.02547130365389336,1.0
EUR/GBP,2025-08-19,0.8637499809265137,0.863319993019104,4.29987907409668,0.049806318733099576,1.0
EUR/GBP,2025-08-20,0.8632400035858154,0.8660399913787842,27.9998779296875,0.323309295279888,1.0
EUR/GBP,2025-08-21,0.8652799725532532,0.8655200004577637,2.4002790451049805,0.02773221928823713,1.0
EUR/GBP,2025-08-25,0.866599977016449,0.8636400103569031,29.599666595458984,0.342731534441379,1.0
EUR/GBP,2025-08-26,0.8632699847221375,0.8636699914932251,4.000067710876465,0.046314770112142335,1.0
EUR/GBP,2025-08-27,0.8634999990463257,0.8624600172042847,10.399818420410156,0.12058319473315163,1.0
EUR/GBP,2025-08-28,0.8625100255012512,0.8642799854278564,17.699599266052246,0.2047901092756437,1.0
EUR/GBP,2025-09-01,0.8656799793243408,0.8645600080490112,11.199712753295898,0.12954234117964192,1.0
EUR/GBP,2025-09-02,0.8647000193595886,0.8692799806594849,45.7996129989624,0.5268683740331421,1.0
EUR/GBP,2025-09-03,0.8692399859428406,0.8676199913024902,16.199946403503418,0.18671707159702144,1.0
EUR/GBP,2025-09-04,0.8674600124359131,0.8671000003814697,3.6001205444335938,0.04151909287106177,1.0
EUR/GBP,2025-09-08,0.8680400252342224,0.8681700229644775,1.2999773025512695,0.014973763988214322,1.0
EUR/GBP,2025-09-09,0.8683300018310547,0.86558997631073,27.40025520324707,0.3165500520238339,1.0
EUR/GBP,2025-09-10,0.8654999732971191,0.8644000291824341,10.999441146850586,0.12724943053569845,1.0
EUR/GBP,2025-09-11,0.8646600246429443,0.8644499778747559,2.1004676818847656,0.024298313790796208,1.0
EUR/GBP,2025-09-15,0.8651300072669983,0.8646699786186218,4.600286483764648,0.05320280103992933,1.0
EUR/GBP,2025-09-16,0.8647599816322327,0.8692299723625183,44.699907302856445,0.5142471926199761,1.0
EUR/GBP,2025-09-17,0.86940997838974,0.867169976234436,22.40002155303955,0.2583117747031384,1.0
EUR/GBP,2025-09-18,0.8676199913024902,0.8696699738502502,20.499825477600098,0.23571959586970856,1.0
EUR/GBP,2025-09-22,0.871649980545044,0.8731799721717834,15.29991626739502,0.17522065043865917,1.0
EUR/GBP,2025-09-23,0.8730999827384949,0.8734400272369385,3.400444984436035,0.03893163672831764,1.0
EUR/GBP,2025-09-24,0.8735899925231934,0.8730700016021729,5.199909210205078,0.05955890364647407,1.0
EUR/GBP,2025-09-25,0.8730000257492065,0.8744000196456909,13.99993896484375,0.16010908794943257,1.0
EUR/GBP,2025-09-29,0.8729900121688843,0.8729199767112732,0.7003545761108398,0.008023124625345686,1.0
EUR/GBP,2025-09-30,0.8730999827384949,0.8727999925613403,2.99990177154541,0.03437101050770893,1.0
EUR/GBP,2025-10-01,0.8729400038719177,0.8704699873924255,24.700164794921875,0.2837566504609026,1.0
EUR/GBP,2025-10-02,0.8704100251197815,0.8718500137329102,14.399886131286621,0.16516471760586565,1.0
EUR/GBP,2025-10-06,0.8717799782752991,0.8685100078582764,32.69970417022705,0.37650348152997903,1.0
EUR/GBP,2025-10-07,0.8683599829673767,0.8683800101280212,0.2002716064453125,0.0023062668890292326,1.0
EUR/GBP,2025-10-08,0.8683000206947327,0.8677399754524231,5.600452423095703,0.06454067556557751,1.0
EUR/GBP,2025-10-09,0.8677899837493896,0.8694900274276733,17.000436782836914,0.19552192948240638,1.0
EUR/GBP,2025-10-13,0.8699600100517273,0.8676999807357788,22.600293159484863,0.26046206824069096,1.0
EUR/GBP,2025-10-14,0.8675000071525574,0.8711199760437012,36.19968891143799,0.41555342440708726,1.0
EUR/GBP,2025-10-15,0.8709400296211243,0.8689200282096863,20.200014114379883,0.23247264947960491,1.0
EUR/GBP,2025-10-16,0.8687899708747864,0.8702200055122375,14.300346374511719,0.16433024159326362,1.0
EUR/GBP,2025-10-20,0.8682500123977661,0.8685600161552429,3.1000375747680664,0.0356916910415777,1.0
EUR/GBP,2025-10-21,0.8686100244522095,0.8676499724388123,9.600520133972168,0.11064969099217263,1.0
EUR/GBP,2025-10-22,0.867900013923645,0.869379997253418,14.799833297729492,0.17023434337672538,1.0
EUR/GBP,2025-10-23,0.8693900108337402,0.8717300295829773,23.400187492370605,0.2684338808835679,1.0
EUR/GBP,2025-10-27,0.8730300068855286,0.8733000159263611,2.7000904083251953,0.030918245266044676,1.0
EUR/GBP,2025-10-28,0.8733000159263611,0.8778700232505798,45.7000732421875,0.5205790382609162,1.0
EUR/GBP,2025-10-29,0.8778300285339355,0.8794000148773193,15.69986343383789,0.17852926049845588,1.0
EUR/GBP,2025-10-30,0.8792999982833862,0.879360020160675,0.6002187728881836,0.006825631813219263,1.0
EUR/GBP,2025-11-03,0.8776199817657471,0.8769299983978271,6.899833679199219,0.07868169285810026,1.0
EUR/GBP,2025-11-04,0.8769199848175049,0.8819800019264221,50.60017108917236,0.5737110929800153,1.0
EUR/GBP,2025-11-05,0.8820000290870667,0.8807100057601929,12.900233268737793,0.14647537991353737,1.0
EUR/GBP,2025-11-06,0.8807799816131592,0.8788099884986877,19.699931144714355,0.22416599040218774,1.0
EUR/GBP,2025-11-10,0.8783400058746338,0.8773199915885925,10.200142860412598,0.11626479458131188,1.0
EUR/GBP,2025-11-11,0.8773099780082703,0.8809300065040588,36.20028495788574,0.4109325904511456,1.0
EUR/GBP,2025-11-12,0.8809199929237366,0.8830000162124634,20.800232887268066,0.23556322203128036,1.0
EUR/GBP,2025-11-13,0.8829399943351746,0.8841699957847595,12.30001449584961,0.13911368350531428,1.0
EUR/GBP,2025-11-17,0.8826000094413757,0.8810399770736694,15.600323677062988,0.177067148858315,1.0
EUR/GBP,2025-11-18,0.8809700012207031,0.8807899951934814,1.8000602722167969,0.020436883729831434,1.0
EUR/GBP,2025-11-19,0.8807600140571594,0.8834499716758728,26.89957618713379,0.3044832989932216,1.0
EUR/GBP,2025-11-20,0.8834199905395508,0.8814700245857239,19.499659538269043,0.22121750024833298,1.0
EUR/GBP,2025-11-24,0.8786500096321106,0.8789799809455872,3.299713134765625,0.0375402535472522,1.0
EUR/GBP,2025-11-25,0.8789100050926208,0.8788800239562988,0.29981136322021484,0.003411288856818102,1.0
EUR/GBP,2025-11-26,0.8788400292396545,0.8759300112724304,29.10017967224121,0.33222037489009515,1.0
EUR/GBP,2025-11-27,0.8758999705314636,0.876039981842041,1.4001131057739258,0.015982296867660322,1.0
EUR/GBP,2025-12-01,0.8762400150299072,0.8786799907684326,24.399757385253906,0.27768650295445524,1.0
EUR/GBP,2025-12-02,0.8786799907684326,0.8795899748802185,9.099841117858887,0.10345548923631255,1.0
EUR/GBP,2025-12-03,0.8795700073242188,0.8739799857139587,55.9002161026001,0.6396052199860723,1.0
EUR/GBP,2025-12-04,0.8741000294685364,0.8739299774169922,1.7005205154418945,0.01945831541867911,1.0
EUR/GBP,2025-12-08,0.8735399842262268,0.873449981212616,0.9000301361083984,0.010304312272797591,1.0
EUR/GBP,2025-12-09,0.8734400272369385,0.8740699887275696,6.299614906311035,0.07207220231278873,1.0
EUR/GBP,2025-12-10,0.8740299940109253,0.8739500045776367,0.7998943328857422,0.009152632629967383,1.0
EUR/GBP,2025-12-11,0.8739100098609924,0.8766099810600281,26.999711990356445,0.30800142108475004,1.0
EUR/GBP,2025-12-15,0.8780199885368347,0.8784300088882446,4.100203514099121,0.04667649639256297,1.0
EUR/GBP,2025-12-16,0.8784499764442444,0.8751999735832214,32.50002861022949,0.3713440309780712,1.0
EUR/GBP,2025-12-17,0.8751400113105774,0.8779100179672241,27.700066566467285,0.3155228440222838,1.0
EUR/GBP,2025-12-18,0.8779000043869019,0.875980019569397,19.199848175048828,0.21918134827420885,1.0
EUR/GBP,2025-12-22,0.8751299977302551,0.8734599947929382,16.700029373168945,0.191193981095011,1.0
EUR/GBP,2025-12-23,0.8734300136566162,0.8728200197219849,6.099939346313477,0.06988771119453081,1.0
EUR/GBP,2025-12-24,0.8728100061416626,0.8722699880599976,5.400180816650391,0.06190951070850037,1.0
EUR/GBP,2025-12-29,0.872160017490387,0.8714200258255005,7.399916648864746,0.08491790903995772,1.0
EUR/GBP,2025-12-30,0.871399998664856,0.8722299933433533,8.299946784973145,0.09515777774573582,1.0
EUR/GBP,2025-12-31,0.8722400069236755,0.8720600008964539,1.8000602722167969,0.02064147272396835,1.0
EUR/GBP,2026-01-05,0.8709700107574463,0.8655800223350525,53.89988422393799,0.6227024981299093,1.0
EUR/GBP,2026-01-06,0.8655700087547302,0.8657000064849854,1.2999773025512695,0.015016487152744597,1.0
EUR/GBP,2026-01-07,0.8657100200653076,0.867579996585846,18.6997652053833,0.21553937710610854,1.0
EUR/GBP,2026-01-08,0.8675699830055237,0.867609977722168,0.3999471664428711,0.004609757572093586,1.0
EUR/GBP,2026-01-12,0.8677800297737122,0.8664199709892273,13.600587844848633,0.15697454237256656,1.0
EUR/GBP,2026-01-13,0.8663899898529053,0.8671000003814697,7.100105285644531,0.08188335004637215,1.0
EUR/GBP,2026-01-14,0.867110013961792,0.8663899898529053,7.2002410888671875,0.08310623591218588,1.0
EUR/GBP,2026-01-15,0.8664100170135498,0.8675000071525574,10.899901390075684,0.12564727723580113,1.0
EUR/GBP,2026-01-19,0.8672299981117249,0.8672999739646912,0.6997585296630859,0.008068241100760992,1.0
EUR/GBP,2026-01-20,0.86735999584198,0.8725000023841858,51.400065422058105,0.5891124960642148,1.0
EUR/GBP,2026-01-21,0.8725000023841858,0.8698599934577942,26.400089263916016,0.30349814294795424,1.0
EUR/GBP,2026-01-22,0.8698099851608276,0.8706499934196472,8.4000825881958,0.09648059095714046,1.0
EUR/GBP,2026-01-26,0.8678799867630005,0.8682399988174438,3.6001205444335938,0.04146457833475782,1.0
EUR/GBP,2026-01-27,0.8682000041007996,0.8692700266838074,10.700225830078125,0.12309438381188172,1.0
EUR/GBP,2026-01-28,0.8692600131034851,0.8663600087165833,29.000043869018555,0.3347343318856433,1.0
EUR/GBP,2026-01-29,0.8662999868392944,0.8666200041770935,3.2001733779907227,0.03692706564083384,1.0
EUR/GBP,2026-02-02,0.8661999702453613,0.8628799915313721,33.19978713989258,0.3847555565748162,1.0
EUR/GBP,2026-02-03,0.8628699779510498,0.8625800013542175,2.899765968322754,0.033617356810617366,1.0
EUR/GBP,2026-02-04,0.8625800013542175,0.864870011806488,22.900104522705078,0.26478088279269535,1.0
EUR/GBP,2026-02-05,0.8648999929428101,0.8709700107574463,60.700178146362305,0.6969261558566625,1.0
EUR/GBP,2026-02-09,0.868910014629364,0.8699100017547607,9.999871253967285,0.11495294034780373,1.0
EUR/GBP,2026-02-10,0.8699100017547607,0.871969997882843,20.599961280822754,0.23624621639322207,1.0
EUR/GBP,2026-02-11,0.871940016746521,0.871649980545044,2.900362014770508,0.03327438856772425,1.0
EUR/GBP,2026-02-12,0.8716599941253662,0.8715000152587891,1.5997886657714844,0.018356725619751508,1.0
EUR/GBP,2026-02-16,0.8694999814033508,0.8695499897003174,0.5000829696655273,0.005751054862732808,1.0
EUR/GBP,2026-02-17,0.8695200085639954,0.8737000226974487,41.80014133453369,0.4784266939295772,1.0
EUR/GBP,2026-02-18,0.8736799955368042,0.8734800219535828,1.9997358322143555,0.022893893185351212,1.0
EUR/GBP,2026-02-19,0.873449981212616,0.8742600083351135,8.100271224975586,0.09265288527152511,1.0
EUR/GBP,2026-02-23,0.874459981918335,0.8737999796867371,6.600022315979004,0.07553241553456153,1.0
EUR/GBP,2026-02-24,0.8737800121307373,0.8723800182342529,13.99993896484375,0.16047982154818755,1.0
EUR/GBP,2026-02-25,0.8723400235176086,0.8714100122451782,9.3001127243042,0.10672487799793075,1.0
EUR/GBP,2026-02-26,0.871399998664856,0.8748499751091003,34.49976444244385,0.3943506363835865,1.0
EUR/GBP,2026-03-02,0.8770700097084045,0.872160017490387,49.09992218017578,0.5629691936745651,1.0
EUR/GBP,2026-03-03,0.8721299767494202,0.8695300221443176,25.99954605102539,0.29900688175100404,1.0
EUR/GBP,2026-03-04,0.8695999979972839,0.8702300190925598,6.300210952758789,0.07239707680192865,1.0
EUR/GBP,2026-03-05,0.8702200055122375,0.8689699769020081,12.500286102294922,0.14385176052756254,1.0
EUR/GBP,2026-03-09,0.8662499785423279,0.8653200268745422,9.299516677856445,0.10746910263299302,1.0
EUR/GBP,2026-03-10,0.8653200268745422,0.8651999831199646,1.2004375457763672,0.013874682954194186,1.0
EUR/GBP,2026-03-11,0.8651900291442871,0.8625199794769287,26.700496673583984,0.30956380500051,1.0
EUR/GBP,2026-03-12,0.8626000285148621,0.8628799915313721,2.7996301651000977,0.03244518580308639,1.0
EUR/GBP,2026-03-16,0.8631299734115601,0.8636500239372253,5.200505256652832,0.060215424217146,1.0
EUR/GBP,2026-03-17,0.8636299967765808,0.8637599945068359,1.2999773025512695,0.015050214305114837,1.0
EUR/GBP,2026-03-18,0.8637599945068359,0.8641800284385681,4.200339317321777,0.04860491077201938,1.0
EUR/GBP,2026-03-19,0.8641700148582458,0.8622999787330627,18.700361251831055,0.21686607576294534,1.0
EUR/GBP,2026-03-23,0.8671000003814697,0.8645700216293335,25.299787521362305,0.2926285539450391,1.0
EUR/GBP,2026-03-24,0.8645899891853333,0.8656499981880188,10.600090026855469,0.12245237739321446,1.0
EUR/GBP,2026-03-25,0.8657000064849854,0.8651000261306763,5.99980354309082,0.06935387078793741,1.0
EUR/GBP,2026-03-26,0.865119993686676,0.8649200201034546,1.9997358322143555,0.023120471092519787,1.0
EUR/GBP,2026-03-30,0.8680300116539001,0.8694400191307068,14.100074768066406,0.1621742093510269,1.0
EUR/GBP,2026-03-31,0.869700014591217,0.873520016670227,38.2000207901001,0.43731133873399763,1.0
EUR/GBP,2026-04-01,0.8738700151443481,0.8710399866104126,28.30028533935547,0.32490225218573404,1.0
EUR/GBP,2026-04-02,0.8712499737739563,0.872409999370575,11.600255966186523,0.13296793909464424,1.0
EUR/GBP,2026-04-06,0.8727999925613403,0.8721500039100647,6.499886512756348,0.07452716257083924,1.0
EUR/GBP,2026-04-07,0.8720499873161316,0.8723499774932861,2.99990177154541,0.03438874131877304,1.0
EUR/GBP,2026-04-08,0.8720200061798096,0.8703799843788147,16.40021800994873,0.1884259553791724,1.0
EUR/GBP,2026-04-09,0.8704900145530701,0.8708699941635132,3.7997961044311523,0.04363218539962359,1.0
EUR/GBP,2026-04-13,0.8715999722480774,0.8704500198364258,11.499524116516113,0.13211010229716688,1.0
EUR/GBP,2026-04-14,0.8704000115394592,0.8692899942398071,11.100172996520996,0.12769240495202158,1.0
EUR/GBP,2026-04-15,0.8691200017929077,0.8698999881744385,7.799863815307617,0.08966391448833465,1.0
EUR/GBP,2026-04-16,0.8698400259017944,0.8708900213241577,10.499954223632812,0.12056578863618164,1.0
EUR/GBP,2026-04-20,0.8707000017166138,0.8707900047302246,0.9000301361083984,0.01033578855084852,1.0
EUR/GBP,2026-04-21,0.8708599805831909,0.8693299889564514,15.29991626739502,0.1759966464030664,1.0
EUR/GBP,2026-04-22,0.8693000078201294,0.8669999837875366,23.000240325927734,0.2652853605077353,1.0
EUR/GBP,2026-04-23,0.8670399785041809,0.8676499724388123,6.099939346313477,0.07030414960041564,1.0
EUR/GBP,2026-04-27,0.866159975528717,0.8659399747848511,2.200007438659668,0.025406003911602252,1.0
EUR/GBP,2026-04-28,0.865909993648529,0.8664199709892273,5.099773406982422,0.05886029382678934,1.0
EUR/GBP,2026-04-29,0.8664399981498718,0.8662300109863281,2.0998716354370117,0.024241501781334083,1.0
EUR/GBP,2026-04-30,0.8662400245666504,0.8623300194740295,39.100050926208496,0.4534232839308693,1.0
EUR/GBP,2026-05-04,0.863349974155426,0.8640599846839905,7.100105285644531,0.08217143961644315,1.0
EUR/GBP,2026-05-05,0.8640099763870239,0.8634099960327148,5.99980354309082,0.06948962336154707,1.0
EUR/GBP,2026-05-06,0.8634999990463257,0.8643100261688232,8.100271224975586,0.09371951012625859,1.0
EUR/GBP,2026-05-07,0.8642799854278564,0.8654199838638306,11.399984359741211,0.1317277688555773,1.0
EUR/GBP,2026-05-11,0.8655700087547302,0.8659999966621399,4.29987907409668,0.0496521834950333,1.0
EUR/GBP,2026-05-12,0.8657400012016296,0.8669400215148926,12.000203132629395,0.13842022325443248,1.0
EUR/GBP,2026-05-13,0.8667700290679932,0.8661500215530396,6.200075149536133,0.07158200075339334,1.0
EUR/GBP,2026-05-14,0.8661199808120728,0.8708999752998352,47.79994487762451,0.5488568863624993,1.0
EUR/GBP,2026-05-18,0.8725399971008301,0.8677099943161011,48.30002784729004,0.5566379108651208,1.0
EUR/GBP,2026-05-19,0.867680013179779,0.8664100170135498,12.69996166229248,0.14658142695612286,1.0
EUR/GBP,2026-05-20,0.8664000034332275,0.8652200102806091,11.799931526184082,0.13638070532322888,1.0
EUR/GBP,2026-05-21,0.8653200268745422,0.8648399710655212,4.800558090209961,0.05550805063155742,1.0
EUR/GBP,2026-05-25,0.8635200262069702,0.8620399832725525,14.800429344177246,0.17169075253320093,1.0
EUR/GBP,2026-05-26,0.8619999885559082,0.8648300170898438,28.30028533935547,0.3272352344404746,1.0
EUR/GBP,2026-05-27,0.8647500276565552,0.8657699823379517,10.199546813964844,0.11780896799426652,1.0
EUR/GBP,2026-05-28,0.865909993648529,0.8666499853134155,7.399916648864746,0.08538529711263583,1.0
EUR/GBP,2026-06-01,0.8659600019454956,0.8643900156021118,15.69986343383789,0.1816293935660718,1.0
EUR/GBP,2026-06-02,0.8644099831581116,0.8636199831962585,7.899999618530273,0.09147541479172779,1.0
EUR/GBP,2026-06-03,0.863789975643158,0.8645899891853333,8.00013542175293,0.09253097447139216,1.0
EUR/GBP,2026-06-04,0.8645899891853333,0.8649799823760986,3.8999319076538086,0.04508696139927657,1.0
EUR/GBP,2026-06-08,0.8639799952507019,0.8645099997520447,5.300045013427734,0.0613069254831971,1.0
EUR/GBP,2026-06-09,0.864549994468689,0.8626999855041504,18.500089645385742,0.21444407043283462,1.0
EUR/GBP,2026-06-10,0.8624100089073181,0.8632199764251709,8.099675178527832,0.0938309515503892,1.0
EUR/GBP,2026-06-11,0.8630800247192383,0.8628799915313721,2.0003318786621094,0.023182040356644226,1.0
EUR/GBP,2026-06-15,0.8626899719238281,0.8640000224113464,13.100504875183105,0.1516262099000967,1.0
EUR/GBP,2026-06-16,0.8640000224113464,0.8646799921989441,6.7996978759765625,0.0786383163404121,1.0
EUR/GBP,2026-06-17,0.8647300004959106,0.8652399778366089,5.099773406982422,0.05894056605814229,1.0
EUR/GBP,2026-06-18,0.8651000261306763,0.8679699897766113,28.699636459350586,0.3306524050069633,1.0
EUR/GBP,2026-06-22,0.8678600192070007,0.8624799847602844,53.800344467163086,0.6237865854025149,1.0
EUR/GBP,2026-06-23,0.8625800013542175,0.8621399998664856,4.400014877319336,0.05103596722110956,1.0
EUR/GBP,2026-06-24,0.8620399832725525,0.8624500036239624,4.100203514099121,0.04754134728819428,1.0
EUR/GBP,2026-06-25,0.8624500036239624,0.86176997423172,6.800293922424316,0.07891077811671117,1.0
EUR/GBP,2026-06-29,0.8626999855041504,0.8615099787712097,11.900067329406738,0.13813034814036698,1.0
EUR/GBP,2026-06-30,0.8613700270652771,0.861329972743988,0.400543212890625,0.004650287643126962,1.0
EUR/GBP,2026-07-01,0.861329972743988,0.8568099737167358,45.19999027252197,0.5275380966499491,1.0
EUR/GBP,2026-07-02,0.8565300107002258,0.856410026550293,1.1998414993286133,0.014010129051871302,1.0
EUR/GBP,2026-07-06,0.8564900159835815,0.8542600274085999,22.299885749816895,0.2610433010363795,1.0
EUR/GBP,2026-07-07,0.8541799783706665,0.8542400002479553,0.6002187728881836,0.007026348247728526,1.0
EUR/GBP,2026-07-08,0.8542299866676331,0.8526600003242493,15.69986343383789,0.18412806309510885,1.0
EUR/GBP,2026-07-09,0.8524900078773499,0.852370023727417,1.1998414993286133,0.014076533265232656,1.0
EUR/GBP,2026-07-13,0.8518999814987183,0.852590024471283,6.900429725646973,0.08093491042105659,1.0
EUR/GBP,2026-07-14,0.8527200222015381,0.8528000116348267,0.7998943328857422,0.009379623850524302,1.0
EUR/GBP,2026-07-15,0.8527399897575378,0.8469300270080566,58.09962749481201,0.6860026878496696,1.0
EUR/GBP,2026-07-16,0.8469399809837341,0.8492199778556824,22.799968719482422,0.26848130418520466,1.0
EUR/GBP,2026-07-20,0.8498700261116028,0.8500099778175354,1.3995170593261719,0.01646471330747831,1.0
EUR/GBP,2026-07-21,0.8497999906539917,0.8522599935531616,24.60002899169922,0.2886446527794776,1.0
EUR/GBP,2026-07-22,0.8522400259971619,0.8531699776649475,9.299516677856445,0.1089995771218816,1.0
EUR/GBP,2026-07-23,0.8531699776649475,0.8545200228691101,13.500452041625977,0.1579887150718514,1.0
EUR/GBP,2026-07-27,0.8534500002861023,0.8555099964141846,20.599961280822754,0.240791590597026,1.0
EUR/GBP,2026-07-28,0.855430006980896,0.8569700121879578,15.400052070617676,0.179703511810166,1.0
EUR/GBP,2026-07-29,0.8568900227546692,0.8579599857330322,10.699629783630371,0.12471012589810604,1.0
EUR/GBP,2026-07-30,0.8578299880027771,0.8560199737548828,18.10014247894287,0.21144532877600541,1.0
EUR/GBP,2026-08-03,0.8556299805641174,0.8568900227546692,12.600421905517578,0.14704829757511514,1.0
EUR/GBP,2026-08-04,0.8569599986076355,0.8573099970817566,3.4999847412109375,0.04082519454018643,1.0
EUR/GBP,2026-08-05,0.8573499917984009,0.8579400181770325,5.900263786315918,0.06877245100249448,1.0
EUR/GBP,2026-08-06,0.857990026473999,0.8565000295639038,14.899969100952148,0.17396343942379813,1.0
EUR/GBP,2026-08-10,0.8565999865531921,0.8544600009918213,21.399855613708496,0.25044888688608524,1.0
EUR/GBP,2026-08-11,0.8545399904251099,0.8543699979782104,1.6999244689941406,0.01989681839269706,1.0
EUR/GBP,2026-08-12,0.854449987411499,0.8540999889373779,3.4999847412109375,0.0409786299794409,1.0
EUR/GBP,2026-08-13,0.8539000153541565,0.854889988899231,9.899735450744629,0.11580127945458427,1.0
EUR/GBP,2026-08-17,0.8543599843978882,0.8548499941825867,4.900097846984863,0.057321142660477754,1.0
EUR/GBP,2026-08-18,0.8547700047492981,0.8553199768066406,5.499720573425293,0.06430015342280024,1.0
EUR/GBP,2026-08-19,0.8551599979400635,0.8581600189208984,30.00020980834961,0.3495875960997771,1.0
EUR/GBP,2026-08-20,0.8582800030708313,0.8567500114440918,15.29991626739502,0.17858087030085126,1.0
EUR/GBP,2026-08-24,0.8555600047111511,0.8554999828338623,0.6002187728881836,0.007015999823868445,1.0
EUR/GBP,2026-08-25,0.8554700016975403,0.855400025844574,0.6997585296630859,0.008180482914671222,1.0
EUR/GBP,2026-08-26,0.8553599715232849,0.8572199940681458,18.6002254486084,0.21698310325610243,1.0
EUR/GBP,2026-08-27,0.8571699857711792,0.8571000099182129,0.6997585296630859,0.008164257631146907,1.0
EUR/GBP,2026-08-31,0.8558400273323059,0.8573899865150452,15.499591827392578,0.1807764502871366,1.0
EUR/GBP,2026-09-01,0.8574399948120117,0.8577100038528442,2.7000904083251953,0.03148022520661243,1.0
EUR/GBP,2026-09-02,0.8576099872589111,0.8593000173568726,16.900300979614258,0.1966752081723217,1.0
EUR/GBP,2026-09-03,0.8591799736022949,0.8594300150871277,2.5004148483276367,0.0290938738982039,1.0
EUR/GBP,2026-09-07,0.8591300249099731,0.8583999872207642,7.300376892089844,0.08504633039110619,1.0
AUD/JPY,2024-09-09,95.03900146484375,95.31199645996094,27.29949951171875,0.28642249166595557,1.0
AUD/JPY,2024-09-10,95.302001953125,94.78900146484375,51.300048828125,0.5412025449719675,1.0
AUD/JPY,2024-09-11,94.62100219726562,95.10700225830078,48.600006103515625,0.5110034482163893,1.0
AUD/JPY,2024-09-12,95.1719970703125,95.35900115966797,18.700408935546875,0.19610533571167693,1.0
AUD/JPY,2024-09-16,94.51899719238281,95.0790023803711,56.000518798828125,0.5889893393579542,1.0
AUD/JPY,2024-09-17,95.05000305175781,95.98100280761719,93.0999755859375,0.9699833598586757,1.0
AUD/JPY,2024-09-18,96.03099822998047,96.18800354003906,15.700531005859375,0.1632275380299779,1.0
AUD/JPY,2024-09-19,96.52300262451172,97.11499786376953,59.19952392578125,0.6095816838592206,1.0
AUD/JPY,2024-09-23,98.06029510498047,98.16100311279297,10.07080078125,0.1025947215482103,1.0
AUD/JPY,2024-09-24,98.15799713134766,98.6729965209961,51.49993896484375,0.5219253572975799,1.0
AUD/JPY,2024-09-25,98.71800231933594,98.68299865722656,3.5003662109375,0.035470813195451756,1.0
AUD/JPY,2024-09-26,98.69100189208984,99.9219970703125,123.09951782226562,1.2319561401044028,1.0
AUD/JPY,2024-09-30,98.78199768066406,99.2969970703125,51.49993896484375,0.5186454825857069,1.0
AUD/JPY,2024-10-01,99.38200378417969,98.74800109863281,63.4002685546875,0.6420410322165528,1.0
AUD/JPY,2024-10-02,98.87799835205078,100.89299774169922,201.49993896484375,1.997164753501655,1.0
AUD/JPY,2024-10-03,100.9260025024414,100.51499938964844,41.100311279296875,0.40889729422342913,1.0
AUD/JPY,2024-10-07,101.19300079345703,99.74700164794922,144.59991455078125,1.4496667785678168,1.0
AUD/JPY,2024-10-08,100.05000305175781,99.97000122070312,8.00018310546875,0.08002583782915834,1.0
AUD/JPY,2024-10-09,99.83999633789062,100.18399810791016,34.400177001953125,0.3433699757609994,1.0
AUD/JPY,2024-10-10,100.18699645996094,100.2040023803711,1.700592041015625,0.016971298557119843,1.0
AUD/JPY,2024-10-14,100.51100158691406,100.69599914550781,18.499755859375,0.18371887678121618,1.0
AUD/JPY,2024-10-15,100.62100219726562,99.95999908447266,66.10031127929688,0.6612676258974136,1.0
AUD/JPY,2024-10-16,99.625,99.64299774169922,1.799774169921875,0.018062224247682328,1.0
AUD/JPY,2024-10-17,99.68099975585938,100.59600067138672,91.50009155273438,0.9095798137307107,1.0
AUD/JPY,2024-10-21,100.43399810791016,100.24400329589844,18.999481201171875,0.18953234683863882,1.0
AUD/JPY,2024-10-22,100.17776489257812,100.94000244140625,76.2237548828125,0.7551392217080531,1.0
AUD/JPY,2024-10-23,101.00399780273438,101.31800079345703,31.400299072265625,0.3099182655239819,1.0
AUD/JPY,2024-10-24,101.3550033569336,100.60700225830078,74.80010986328125,0.743488109020858,1.0
AUD/JPY,2024-10-28,100.98899841308594,100.8239974975586,16.500091552734375,0.16365242365175928,1.0
AUD/JPY,2024-10-29,100.81800079345703,100.54499816894531,27.300262451171875,0.2715228300596253,1.0
AUD/JPY,2024-10-30,100.54199981689453,100.72100067138672,17.90008544921875,0.17771949573475482,1.0
AUD/JPY,2024-10-31,100.697998046875,99.93099975585938,76.6998291015625,0.7675278871315931,1.0
AUD/JPY,2024-11-04,100.37200164794922,100.23999786376953,13.20037841796875,0.13168773642542003,1.0
AUD/JPY,2024-11-05,100.25299835205078,100.58100128173828,32.80029296875,0.32610823665269373,1.0
AUD/JPY,2024-11-06,100.55599975585938,101.35299682617188,79.69970703125,0.7863576759150109,1.0
AUD/JPY,2024-11-07,101.33200073242188,102.25499725341797,92.29965209960938,0.9026419693784127,1.0
AUD/JPY,2024-11-11,100.67400360107422,100.95700073242188,28.299713134765625,0.28031451934444507,1.0
AUD/JPY,2024-11-12,100.94100189208984,100.97799682617188,3.699493408203125,0.03663662901306709,1.0
AUD/JPY,2024-11-13,100.9729995727539,100.91300201416016,5.999755859375,0.05945473565966367,1.0
AUD/JPY,2024-11-14,100.90699768066406,101.02200317382812,11.50054931640625,0.11384202406496834,1.0
AUD/JPY,2024-11-18,99.95800018310547,100.58599853515625,62.799835205078125,0.6243397303763772,1.0
AUD/JPY,2024-11-19,100.58599853515625,101.1760025024414,59.000396728515625,0.583146153922141,1.0
AUD/JPY,2024-11-20,101.2020034790039,101.13099670410156,7.100677490234375,0.07021267189732337,1.0
AUD/JPY,2024-11-21,101.11900329589844,100.33899688720703,78.00064086914062,0.7773711447087978,1.0
AUD/JPY,2024-11-25,100.5999984741211,99.84100341796875,75.89950561523438,0.7602037541378962,1.0
AUD/JPY,2024-11-26,99.77999877929688,99.04000091552734,73.99978637695312,0.7471706956068046,1.0
AUD/JPY,2024-11-27,99.0510025024414,98.34300231933594,70.80001831054688,0.7199293965080256,1.0
AUD/JPY,2024-11-28,98.33300018310547,98.39399719238281,6.099700927734375,0.061992612372562345,1.0
AUD/JPY,2024-12-02,97.45800018310547,96.7969970703125,66.10031127929688,0.6828756395333441,1.0
AUD/JPY,2024-12-03,96.79900360107422,97.052001953125,25.299835205078125,0.26068329035909693,1.0
AUD/JPY,2024-12-04,97.04299926757812,96.8270034790039,21.599578857421875,0.22307391617365865,1.0
AUD/JPY,2024-12-05,96.8239974975586,96.87000274658203,4.60052490234375,0.047491739154576156,1.0
AUD/JPY,2024-12-09,95.94599914550781,97.46800231933594,152.2003173828125,1.5615413649718215,1.0
AUD/JPY,2024-12-10,97.46700286865234,96.79900360107422,66.7999267578125,0.6900889913403117,1.0
AUD/JPY,2024-12-11,96.78797912597656,97.18299865722656,39.501953125,0.40646979071233486,1.0
AUD/JPY,2024-12-12,97.16999816894531,97.20999908447266,4.000091552734375,0.04114897222927049,1.0
AUD/JPY,2024-12-16,97.69400024414062,98.24600219726562,55.2001953125,0.5618569109984236,1.0
AUD/JPY,2024-12-17,98.24400329589844,97.3499984741211,89.40048217773438,0.9183408688136758,1.0
AUD/JPY,2024-12-18,97.33699798583984,95.96199798583984,137.5,1.432858870031963,1.0
AUD/JPY,2024-12-19,95.98500061035156,98.23899841308594,225.3997802734375,2.2944022629959253,1.0
AUD/JPY,2024-12-23,97.87000274658203,98.08100128173828,21.099853515625,0.2151268159978867,1.0
AUD/JPY,2024-12-24,98.08000183105469,98.05000305175781,2.9998779296875,0.030595388437713252,1.0
AUD/JPY,2024-12-25,97.94000244140625,98.10399627685547,16.399383544921875,0.1671632570261645,1.0
AUD/JPY,2024-12-26,98.10299682617188,98.15899658203125,5.5999755859375,0.05705004921538305,1.0
AUD/JPY,2024-12-30,98.26899719238281,97.6240005493164,64.49966430664062,0.6606947466167148,1.0
AUD/JPY,2024-12-31,97.62300109863281,97.69499969482422,7.199859619140625,0.07369731963387341,1.0
AUD/JPY,2025-01-02,97.65699768066406,97.57499694824219,8.2000732421875,0.08403867280197977,1.0
AUD/JPY,2025-01-06,97.94599914550781,98.39800262451172,45.200347900390625,0.45936245345218885,1.0
AUD/JPY,2025-01-07,98.41000366210938,98.64900207519531,23.89984130859375,0.2422714959688702,1.0
AUD/JPY,2025-01-08,98.64800262451172,98.23999786376953,40.80047607421875,0.4153143013174452,1.0
AUD/JPY,2025-01-09,98.25199890136719,97.81500244140625,43.69964599609375,0.44675811384118697,1.0
AUD/JPY,2025-01-13,97.1709976196289,97.41600036621094,24.500274658203125,0.2515015455992908,1.0
AUD/JPY,2025-01-14,97.43499755859375,97.84300231933594,40.80047607421875,0.41699942874867896,1.0
AUD/JPY,2025-01-15,97.84300231933594,97.41600036621094,42.7001953125,0.43832835624516875,1.0
AUD/JPY,2025-01-16,97.4280014038086,96.48699951171875,94.10018920898438,0.9752628818927623,1.0
AUD/JPY,2025-01-20,96.8280029296875,97.51599884033203,68.79959106445312,0.7055210620064738,1.0
AUD/JPY,2025-01-21,97.50199890136719,97.5469970703125,4.49981689453125,0.046129732638389195,1.0
AUD/JPY,2025-01-22,97.52799987792969,98.10800170898438,58.00018310546875,0.5911870805147313,1.0
AUD/JPY,2025-01-23,98.1259994506836,98.0989990234375,2.700042724609375,0.02752365214210075,1.0
AUD/JPY,2025-01-27,97.99400329589844,96.97799682617188,101.60064697265625,1.0476669997089159,1.0
AUD/JPY,2025-01-28,97.02300262451172,97.26899719238281,24.599456787109375,0.2529013097406105,1.0
AUD/JPY,2025-01-29,97.26699829101562,96.81999969482422,44.699859619140625,0.4616800223097933,1.0
AUD/JPY,2025-01-30,96.81300354003906,95.7509994506836,106.20040893554688,1.1091310748170857,1.0
AUD/JPY,2025-02-03,95.44200134277344,96.54499816894531,110.2996826171875,1.1424691564463307,1.0
AUD/JPY,2025-02-04,96.53800201416016,96.34400177001953,19.4000244140625,0.2013620366358856,1.0
AUD/JPY,2025-02-05,96.33300018310547,95.91500091552734,41.7999267578125,0.43580176571781337,1.0
AUD/JPY,2025-02-06,95.90286254882812,94.9739990234375,92.8863525390625,0.9780187577037814,1.0
AUD/JPY,2025-02-10,95.02899932861328,95.15899658203125,12.999725341796875,0.13661057607506966,1.0
AUD/JPY,2025-02-11,95.15299987792969,96.18399810791016,103.09982299804688,1.07190203179512,1.0
AUD/JPY,2025-02-12,96.18699645996094,96.8949966430664,70.80001831054688,0.7306880722784272,1.0
AUD/JPY,2025-02-13,96.88600158691406,96.6259994506836,26.000213623046875,0.2690809282269518,1.0
AUD/JPY,2025-02-17,96.62000274658203,96.2300033569336,38.99993896484375,0.4052783706157245,1.0
AUD/JPY,2025-02-18,96.24600219726562,96.50800323486328,26.200103759765625,0.2714811505943675,1.0
AUD/JPY,2025-02-19,96.51399993896484,95.87999725341797,63.4002685546875,0.6612460405804547,1.0
AUD/JPY,2025-02-20,95.87699890136719,95.66699981689453,20.999908447265625,0.21951047370001353,1.0
AUD/JPY,2025-02-24,95.1520004272461,94.97899627685547,17.3004150390625,0.1821499038443542,1.0
AUD/JPY,2025-02-25,94.9729995727539,94.68299865722656,29.000091552734375,0.3062861544734249,1.0
AUD/JPY,2025-02-26,94.68000030517578,93.91300201416016,76.6998291015625,0.8167115038021864,1.0
AUD/JPY,2025-02-27,93.91600036621094,93.5,41.60003662109375,0.4449201777657085,1.0
AUD/JPY,2025-03-03,93.77999877929688,92.80000305175781,97.99957275390625,1.0560298440857643,1.0
AUD/JPY,2025-03-04,92.7699966430664,93.84200286865234,107.20062255859375,1.142352244001431,1.0
AUD/JPY,2025-03-05,93.88899993896484,94.36000061035156,47.100067138671875,0.4991528914159933,1.0
AUD/JPY,2025-03-06,94.35800170898438,93.7750015258789,58.300018310546875,0.6217010649096916,1.0
AUD/JPY,2025-03-10,93.04100036621094,92.3550033569336,68.59970092773438,0.7427827235586822,1.0
AUD/JPY,2025-03-11,92.33799743652344,93.21099853515625,87.30010986328125,0.9365859312230669,1.0
AUD/JPY,2025-03-12,93.18699645996094,93.8290023803711,64.20059204101562,0.6842297201536303,1.0
AUD/JPY,2025-03-13,93.81099700927734,92.98999786376953,82.09991455078125,0.8828897347761824,1.0
AUD/JPY,2025-03-17,93.99800109863281,95.33200073242188,133.39996337890625,1.3993198753200788,1.0
AUD/JPY,2025-03-18,95.31999969482422,95.07099914550781,24.900054931640625,0.2619101004032855,1.0
AUD/JPY,2025-03-19,95.06199645996094,94.48100280761719,58.099365234375,0.6149317165131841,1.0
AUD/JPY,2025-03-20,94.48500061035156,93.66300201416016,82.19985961914062,0.8776129085283161,1.0
AUD/JPY,2025-03-24,94.10900115966797,94.80000305175781,69.10018920898438,0.7289049259972898,1.0
AUD/JPY,2025-03-25,94.76200103759766,94.5530014038086,20.89996337890625,0.22103966102195463,1.0
AUD/JPY,2025-03-26,94.55899810791016,94.58799743652344,2.899932861328125,0.030658571276701633,1.0
AUD/JPY,2025-03-27,94.58799743652344,95.052001953125,46.40045166015625,0.48815859431386494,1.0
AUD/JPY,2025-03-31,93.99299621582031,93.55500030517578,43.799591064453125,0.46816942890897495,1.0
AUD/JPY,2025-04-01,93.5459976196289,94.17400360107422,62.80059814453125,0.666857049112595,1.0
AUD/JPY,2025-04-02,94.19999694824219,92.79000091552734,140.99960327148438,1.5195560069004128,1.0
AUD/JPY,2025-04-03,92.62100219726562,92.11399841308594,50.70037841796875,0.5504090506483338,1.0
AUD/JPY,2025-04-07,87.05400085449219,88.62000274658203,156.60018920898438,1.7670975440702552,1.0
AUD/JPY,2025-04-08,88.62899780273438,86.88099670410156,174.80010986328125,2.011948717147131,1.0
AUD/JPY,2025-04-09,86.84100341796875,90.625,378.399658203125,4.175444504310344,1.0
AUD/JPY,2025-04-10,90.3949966430664,89.75700378417969,63.799285888671875,0.7108000846605461,1.0
AUD/JPY,2025-04-14,90.52999877929688,90.48200225830078,4.799652099609375,0.05304537896837994,1.0
AUD/JPY,2025-04-15,90.50299835205078,90.68599700927734,18.29986572265625,0.20179373140468576,1.0
AUD/JPY,2025-04-16,90.68000030517578,90.39700317382812,28.299713134765625,0.31306030223531794,1.0
AUD/JPY,2025-04-17,90.39800262451172,90.27799987792969,12.000274658203125,0.1329257922686526,1.0
AUD/JPY,2025-04-22,90.46299743652344,90.91600036621094,45.30029296875,0.4982653524822889,1.0
AUD/JPY,2025-04-23,90.96199798583984,91.05599975585938,9.400177001953125,0.1032351193458642,1.0
AUD/JPY,2025-04-24,91.14900207519531,91.46499633789062,31.59942626953125,0.3454810860407891,1.0
AUD/JPY,2025-04-28,91.77799987792969,91.43699645996094,34.100341796875,0.3729381226099995,1.0
AUD/JPY,2025-04-29,91.39099884033203,90.81500244140625,57.599639892578125,0.6342524730948651,1.0
AUD/JPY,2025-04-30,90.85199737548828,91.64199829101562,79.00009155273438,0.862051166779057,1.0
AUD/JPY,2025-05-01,91.7020034790039,92.78099822998047,107.89947509765625,1.1629479867224635,1.0
AUD/JPY,2025-05-05,93.20899963378906,92.93599700927734,27.300262451171875,0.2937533714567739,1.0
AUD/JPY,2025-05-06,92.80899810791016,93.24400329589844,43.500518798828125,0.46652350029185846,1.0
AUD/JPY,2025-05-07,93.05599975585938,92.46700286865234,58.899688720703125,0.6369806189605717,1.0
AUD/JPY,2025-05-08,92.5009994506836,93.34100341796875,84.00039672851562,0.8999302948605865,1.0
AUD/JPY,2025-05-12,93.62000274658203,94.53299713134766,91.2994384765625,0.9657943918746982,1.0
AUD/JPY,2025-05-13,94.48999786376953,95.42900085449219,93.90029907226562,0.9839807420329435,1.0
AUD/JPY,2025-05-14,95.47699737548828,94.22599792480469,125.09994506835938,1.3276584788010743,1.0
AUD/JPY,2025-05-15,94.2300033569336,93.1500015258789,108.00018310546875,1.159422236568232,1.0
AUD/JPY,2025-05-19,93.11100006103516,93.55999755859375,44.899749755859375,0.4799032805418795,1.0
AUD/JPY,2025-05-20,93.58300018310547,92.73300170898438,84.99984741210938,0.9166083901700577,1.0
AUD/JPY,2025-05-21,92.72200012207031,92.66300201416016,5.899810791015625,0.06366954083911565,1.0
AUD/JPY,2025-05-22,92.46800231933594,92.20999908447266,25.800323486328125,0.27979962848381235,1.0
AUD/JPY,2025-05-26,92.86599731445312,92.50399780273438,36.199951171875,0.3913339102280934,1.0
AUD/JPY,2025-05-27,92.447998046875,92.96299743652344,51.49993896484375,0.5539832017573304,1.0
AUD/JPY,2025-05-28,92.94400024414062,93.21299743652344,26.89971923828125,0.2885833518721413,1.0
AUD/JPY,2025-05-29,93.59700012207031,92.802001953125,79.49981689453125,0.8566605808211682,1.0
AUD/JPY,2025-06-02,92.6510009765625,92.54499816894531,10.60028076171875,0.11454190903291642,1.0
AUD/JPY,2025-06-03,92.56199645996094,93.04499816894531,48.3001708984375,0.5191055064640557,1.0
AUD/JPY,2025-06-04,92.99400329589844,92.6719970703125,32.20062255859375,0.34746874543085926,1.0
AUD/JPY,2025-06-05,92.62100219726562,93.4000015258789,77.89993286132812,0.8340463767524021,1.0
AUD/JPY,2025-06-09,94.04199981689453,94.22799682617188,18.599700927734375,0.19739038878271364,1.0
AUD/JPY,2025-06-10,94.19999694824219,94.58899688720703,38.899993896484375,0.4112528431068024,1.0
AUD/JPY,2025-06-11,94.52100372314453,93.86499786376953,65.6005859375,0.6988823036325965,1.0
AUD/JPY,2025-06-12,93.85700225830078,93.70800018310547,14.90020751953125,0.15900678160259785,1.0
AUD/JPY,2025-06-16,93.58352661132812,94.2509994506836,66.74728393554688,0.7081864842236723,1.0
AUD/JPY,2025-06-17,94.18499755859375,94.04499816894531,13.99993896484375,0.14886425899752617,1.0
AUD/JPY,2025-06-18,94.19100189208984,94.35700225830078,16.60003662109375,0.17592797803867716,1.0
AUD/JPY,2025-06-19,94.31500244140625,94.29900360107422,1.599884033203125,0.016966075696529415,1.0
AUD/JPY,2025-06-23,94.25299835205078,94.47599792480469,22.299957275390625,0.23603833529379178,1.0
AUD/JPY,2025-06-24,94.5199966430664,94.04199981689453,47.7996826171875,0.5082801589742496,1.0
AUD/JPY,2025-06-25,94.12899780273438,94.58100128173828,45.200347900390625,0.47790092394716394,1.0
AUD/JPY,2025-06-26,94.50199890136719,94.63600158691406,13.4002685546875,0.14159800002096076,1.0
AUD/JPY,2025-06-30,94.39099884033203,94.72000122070312,32.900238037109375,0.3473420356113584,1.0
AUD/JPY,2025-07-01,94.56199645996094,94.3740005493164,18.799591064453125,0.19920307452293648,1.0
AUD/JPY,2025-07-02,94.35299682617188,94.58599853515625,23.3001708984375,0.24633847777984988,1.0
AUD/JPY,2025-07-03,94.47100067138672,95.20999908447266,73.89984130859375,0.7761773135091409,1.0
AUD/JPY,2025-07-07,94.66300201416016,94.7979965209961,13.49945068359375,0.14240227830768404,1.0
AUD/JPY,2025-07-08,94.90899658203125,95.71800231933594,80.90057373046875,0.845197055623528,1.0
AUD/JPY,2025-07-09,95.802001953125,95.60299682617188,19.9005126953125,0.2081578334986317,1.0
AUD/JPY,2025-07-10,95.49299621582031,96.39099884033203,89.80026245117188,0.9316249808752635,1.0
AUD/JPY,2025-07-14,96.85900115966797,96.70700073242188,15.200042724609375,0.1571762396671395,1.0
AUD/JPY,2025-07-15,96.71299743652344,96.97200012207031,25.9002685546875,0.2670901757423145,1.0
AUD/JPY,2025-07-16,96.94999694824219,96.48100280761719,46.8994140625,0.48609998546571165,1.0
AUD/JPY,2025-07-17,96.54399871826172,96.34200286865234,20.1995849609375,0.2096654040758999,1.0
AUD/JPY,2025-07-21,96.65299987792969,96.14900207519531,50.3997802734375,0.5241841224105614,1.0
AUD/JPY,2025-07-22,96.22000122070312,96.10399627685547,11.600494384765625,0.12070772115809869,1.0
AUD/JPY,2025-07-23,96.19999694824219,96.6729965209961,47.299957275390625,0.4892778643218916,1.0
AUD/JPY,2025-07-24,96.5999984741211,96.93800354003906,33.800506591796875,0.34868168682508494,1.0
AUD/JPY,2025-07-28,97.11599731445312,96.89800262451172,21.799468994140625,0.22497335758937656,1.0
AUD/JPY,2025-07-29,96.81999969482422,96.68099975585938,13.899993896484375,0.1437717227954292,1.0
AUD/JPY,2025-07-30,96.6709976196289,96.23899841308594,43.199920654296875,0.4488816526214267,1.0
AUD/JPY,2025-07-31,96.19400024414062,96.8489990234375,65.4998779296875,0.6763092916823694,1.0
AUD/JPY,2025-08-04,95.31099700927734,95.0719985961914,23.89984130859375,0.2513867559480461,1.0
AUD/JPY,2025-08-05,95.03199768066406,95.47599792480469,44.4000244140625,0.4650386000576943,1.0
AUD/JPY,2025-08-06,95.50199890136719,95.76100158691406,25.9002685546875,0.2704678117968518,1.0
AUD/JPY,2025-08-07,95.66799926757812,95.87200164794922,20.400238037109375,0.21278619082160105,1.0
AUD/JPY,2025-08-11,96.23600006103516,96.51699829101562,28.099822998046875,0.2911385921195041,1.0
AUD/JPY,2025-08-12,96.48799896240234,96.48699951171875,0.099945068359375,0.0010358397386710761,1.0
AUD/JPY,2025-08-13,96.4729995727539,96.4000015258789,7.2998046875,0.075724113816952,1.0
AUD/JPY,2025-08-14,96.38200378417969,96.03099822998047,35.100555419921875,0.3655127622006082,1.0
AUD/JPY,2025-08-18,95.88300323486328,96.0199966430664,13.6993408203125,0.14267174858625375,1.0
AUD/JPY,2025-08-19,96.06300354003906,95.2699966430664,79.30068969726562,0.8323784243886294,1.0
AUD/JPY,2025-08-20,95.3479995727539,94.7959976196289,55.2001953125,0.5823051257289579,1.0
AUD/JPY,2025-08-21,94.80899810791016,95.2760009765625,46.700286865234375,0.4901579242050939,1.0
AUD/JPY,2025-08-25,95.46199798583984,95.77899932861328,31.70013427734375,0.33097165870967254,1.0
AUD/JPY,2025-08-26,95.8010025024414,95.79000091552734,1.10015869140625,0.011485109937272343,1.0
AUD/JPY,2025-08-27,95.7760009765625,95.85099792480469,7.49969482421875,0.07824326284116809,1.0
AUD/JPY,2025-08-28,95.91899871826172,95.98400115966797,6.500244140625,0.06772216267388083,1.0
AUD/JPY,2025-09-01,96.2490005493164,96.44400024414062,19.499969482421875,0.20218955490294044,1.0
AUD/JPY,2025-09-02,96.43599700927734,96.7979965209961,36.199951171875,0.3739741779058723,1.0
AUD/JPY,2025-09-03,96.822998046875,96.83799743652344,1.49993896484375,0.015489157196037107,1.0
AUD/JPY,2025-09-04,96.84400177001953,96.76399993896484,8.00018310546875,0.08267726748082933,1.0
AUD/JPY,2025-09-08,97.23100280761719,97.20600128173828,2.500152587890625,0.02572014644079716,1.0
AUD/JPY,2025-09-09,97.2229995727539,97.0510025024414,17.19970703125,0.17722338345569716,1.0
AUD/JPY,2025-09-10,97.0469970703125,97.51899719238281,47.20001220703125,0.4840083836579693,1.0
AUD/JPY,2025-09-11,97.5199966430664,98.08000183105469,56.000518798828125,0.5709677584966857,1.0
AUD/JPY,2025-09-15,98.1719970703125,98.31300354003906,14.10064697265625,0.14342606232057192,1.0
AUD/JPY,2025-09-16,98.36000061035156,97.91400146484375,44.59991455078125,0.45550088734546257,1.0
AUD/JPY,2025-09-17,97.93399810791016,97.73200225830078,20.1995849609375,0.20668342502132525,1.0
AUD/JPY,2025-09-18,97.71499633789062,97.84600067138672,13.100433349609375,0.13388828628373728,1.0
AUD/JPY,2025-09-22,97.57599639892578,97.46900177001953,10.699462890625,0.10977298111527439,1.0
AUD/JPY,2025-09-23,97.50800323486328,97.41899871826172,8.90045166015625,0.09136258612035818,1.0
AUD/JPY,2025-09-24,97.38899993896484,97.99299621582031,60.399627685546875,0.6163667814842849,1.0
AUD/JPY,2025-09-25,97.97000122070312,97.91500091552734,5.500030517578125,0.05617148001993156,1.0
AUD/JPY,2025-09-29,97.88300323486328,97.73699951171875,14.600372314453125,0.14938429036490453,1.0
AUD/JPY,2025-09-30,97.7509994506836,97.80599975585938,5.500030517578125,0.056234081051337835,1.0
AUD/JPY,2025-10-01,97.83000183105469,97.18800354003906,64.1998291015625,0.6605735971838721,1.0
AUD/JPY,2025-10-02,97.28900146484375,97.06199645996094,22.70050048828125,0.23387629882150054,1.0
AUD/JPY,2025-10-06,98.63300323486328,99.49199676513672,85.89935302734375,0.8633795261956588,1.0
AUD/JPY,2025-10-07,99.45999908447266,99.99199676513672,53.19976806640625,0.5320402610957252,1.0
AUD/JPY,2025-10-08,100.0459976196289,100.52899932861328,48.3001708984375,0.4804600783954085,1.0
AUD/JPY,2025-10-09,100.52799987792969,100.34300231933594,18.499755859375,0.18436518174431907,1.0
AUD/JPY,2025-10-13,98.80599975585938,99.28700256347656,48.10028076171875,0.48445697341872207,1.0
AUD/JPY,2025-10-14,99.25199890136719,98.55400085449219,69.7998046875,0.7082391793566487,1.0
AUD/JPY,2025-10-15,98.49299621582031,98.28399658203125,20.89996337890625,0.21264869262273448,1.0
AUD/JPY,2025-10-16,98.23999786376953,97.45500183105469,78.49960327148438,0.8054958883236094,1.0
AUD/JPY,2025-10-20,98.10600280761719,98.2239990234375,11.79962158203125,0.12012972083549264,1.0
AUD/JPY,2025-10-21,98.23999786376953,98.60700225830078,36.700439453125,0.3721889785979732,1.0
AUD/JPY,2025-10-22,98.60099792480469,98.58599853515625,1.49993896484375,0.015214523229775519,1.0
AUD/JPY,2025-10-23,98.58399963378906,99.41200256347656,82.80029296875,0.832900362467604,1.0
AUD/JPY,2025-10-27,100.0,100.1449966430664,14.499664306640625,0.1447867072013579,1.0
AUD/JPY,2025-10-28,100.14199829101562,99.96299743652344,17.90008544921875,0.17906711391467944,1.0
AUD/JPY,2025-10-29,99.90899658203125,100.43699645996094,52.79998779296875,0.5257025762814143,1.0
AUD/JPY,2025-10-30,100.43800354003906,100.94300079345703,50.499725341796875,0.5002796127006974,1.0
AUD/JPY,2025-11-03,100.9280014038086,100.81500244140625,11.299896240234375,0.1120854631412808,1.0
AUD/JPY,2025-11-04,100.81700134277344,99.59100341796875,122.59979248046875,1.2310328069086272,1.0
AUD/JPY,2025-11-05,99.58300018310547,100.3010025024414,71.80023193359375,0.7158476001458318,1.0
AUD/JPY,2025-11-06,100.29100036621094,99.18299865722656,110.8001708984375,1.1171286651793977,1.0
AUD/JPY,2025-11-10,100.01100158691406,100.71700286865234,70.60012817382812,0.7009752689513565,1.0
AUD/JPY,2025-11-11,100.69999694824219,100.60800170898438,9.19952392578125,0.0914392868311957,1.0
AUD/JPY,2025-11-12,100.59700012207031,101.12000274658203,52.300262451171875,0.5172098598755198,1.0
AUD/JPY,2025-11-13,101.11900329589844,100.93099975585938,18.80035400390625,0.18626937263459364,1.0
AUD/JPY,2025-11-17,100.98500061035156,100.80699920654297,17.800140380859375,0.176576433392177,1.0
AUD/JPY,2025-11-18,100.80699920654297,101.23400115966797,42.7001953125,0.4217969735795835,1.0
AUD/JPY,2025-11-19,101.2300033569336,101.87699890136719,64.69955444335938,0.6350751900926982,1.0
AUD/JPY,2025-11-20,101.87999725341797,101.49700164794922,38.299560546875,0.3773467188688017,1.0
AUD/JPY,2025-11-24,101.25499725341797,101.45099639892578,19.59991455078125,0.19319588024261913,1.0
AUD/JPY,2025-11-25,101.46900177001953,101.05599975585938,41.300201416015625,0.40868628795709855,1.0
AUD/JPY,2025-11-26,101.05999755859375,101.91799926757812,85.8001708984375,0.8418549374500135,1.0
AUD/JPY,2025-11-27,101.92900085449219,102.14299774169922,21.399688720703125,0.2095071536359153,1.0
AUD/JPY,2025-12-01,102.1449966430664,101.75700378417969,38.799285888671875,0.38129351735790845,1.0
AUD/JPY,2025-12-02,101.76100158691406,102.40899658203125,64.79949951171875,0.6327520205689479,1.0
AUD/JPY,2025-12-03,102.41699981689453,102.43000030517578,1.300048828125,0.01269207091918078,1.0
AUD/JPY,2025-12-04,102.43199920654297,102.48899841308594,5.699920654296875,0.05561495128797259,1.0
AUD/JPY,2025-12-08,103.06999969482422,103.2770004272461,20.7000732421875,0.20043255668303178,1.0
AUD/JPY,2025-12-09,103.2770004272461,104.12899780273438,85.19973754882812,0.8182133636802449,1.0
AUD/JPY,2025-12-10,104.13300323486328,103.94100189208984,19.20013427734375,0.18472146629178227,1.0
AUD/JPY,2025-12-11,103.97200012207031,103.61499786376953,35.700225830078125,0.3445468953926526,1.0
AUD/JPY,2025-12-15,103.61199951171875,102.94000244140625,67.19970703125,0.6528045991595957,1.0
AUD/JPY,2025-12-16,102.9530029296875,102.66300201416016,29.000091552734375,0.28247850719127066,1.0
AUD/JPY,2025-12-17,102.64800262451172,102.63200378417969,1.599884033203125,0.01558854912905579,1.0
AUD/JPY,2025-12-18,102.63999938964844,102.8949966430664,25.499725341796875,0.24782279191138085,1.0
AUD/JPY,2025-12-22,104.21800231933594,104.41699981689453,19.899749755859375,0.1905795971034941,1.0
AUD/JPY,2025-12-23,104.41899871826172,104.62100219726562,20.200347900390625,0.19308119284025155,1.0
AUD/JPY,2025-12-24,104.62000274658203,104.65699768066406,3.699493408203125,0.0353487438985327,1.0
AUD/JPY,2025-12-29,105.0479965209961,104.4520034790039,59.59930419921875,0.5705903401958098,1.0
AUD/JPY,2025-12-30,104.4489974975586,104.73699951171875,28.800201416015625,0.27497638418401743,1.0
AUD/JPY,2025-12-31,104.72000122070312,104.66799926757812,5.2001953125,0.04968276215164847,1.0
AUD/JPY,2026-01-05,104.9229965209961,105.14800262451172,22.5006103515625,0.2139898979528237,1.0
AUD/JPY,2026-01-06,105.13999938964844,105.52200317382812,38.20037841796875,0.36201339312181785,1.0
AUD/JPY,2026-01-07,105.53399658203125,105.33699798583984,19.699859619140625,0.18701747720007003,1.0
AUD/JPY,2026-01-08,105.35199737548828,105.08100128173828,27.099609375,0.2578925690129445,1.0
AUD/JPY,2026-01-12,105.72699737548828,105.9489974975586,22.20001220703125,0.20953489633106542,1.0
AUD/JPY,2026-01-13,105.96800231933594,106.38700103759766,41.899871826171875,0.3938439040251192,1.0
AUD/JPY,2026-01-14,106.37899780273438,105.85700225830078,52.199554443359375,0.49311385482074843,1.0
AUD/JPY,2026-01-15,105.85199737548828,106.2770004272461,42.50030517578125,0.39990124867022037,1.0
AUD/JPY,2026-01-19,105.3489990234375,106.12100219726562,77.2003173828125,0.7274744469460135,1.0
AUD/JPY,2026-01-20,106.12699890136719,106.47100067138672,34.400177001953125,0.3230943335277388,1.0
AUD/JPY,2026-01-21,106.45999908447266,107.02300262451172,56.30035400390625,0.5260584418607187,1.0
AUD/JPY,2026-01-22,107.01699829101562,108.4020004272461,138.50021362304688,1.2776536694634264,1.0
AUD/JPY,2026-01-26,107.27300262451172,106.72799682617188,54.500579833984375,0.5106493277743195,1.0
AUD/JPY,2026-01-27,106.71099853515625,106.66300201416016,4.799652099609375,0.04499828440017273,1.0
AUD/JPY,2026-01-28,106.6500015258789,107.73400115966797,108.39996337890625,1.006181541686652,1.0
AUD/JPY,2026-01-29,107.76899719238281,107.93399810791016,16.500091552734375,0.1528720499748182,1.0
AUD/JPY,2026-02-02,107.79299926757812,108.13700103759766,34.400177001953125,0.3181166175488137,1.0
AUD/JPY,2026-02-03,108.10800170898438,109.4010009765625,129.2999267578125,1.1818897962872665,1.0
AUD/JPY,2026-02-04,109.37999725341797,109.7249984741211,34.5001220703125,0.31442353656946675,1.0
AUD/JPY,2026-02-05,109.7490005493164,108.4280014038086,132.09991455078125,1.2183191872993535,1.0
AUD/JPY,2026-02-09,110.59300231933594,110.60399627685547,1.099395751953125,0.00993992793172863,1.0
AUD/JPY,2026-02-10,110.58799743652344,109.28199768066406,130.5999755859375,1.1950730985680487,1.0
AUD/JPY,2026-02-11,109.28199768066406,109.20600128173828,7.599639892578125,0.06958994746975464,1.0
AUD/JPY,2026-02-12,109.20099639892578,108.27899932861328,92.19970703125,0.8515012846714197,1.0
AUD/JPY,2026-02-16,108.01599884033203,108.5989990234375,58.300018310546875,0.5368375292111555,1.0
AUD/JPY,2026-02-17,108.63899993896484,108.45899963378906,18.000030517578125,0.16596161294456968,1.0
AUD/JPY,2026-02-18,108.45999908447266,108.95800018310547,49.80010986328125,0.45705785513309216,1.0
AUD/JPY,2026-02-19,108.9520034790039,109.47599792480469,52.399444580078125,0.4786386566311048,1.0
AUD/JPY,2026-02-23,109.7509994506836,109.19599914550781,55.500030517578125,0.5082606592904766,1.0
AUD/JPY,2026-02-24,109.16000366210938,110.03399658203125,87.3992919921875,0.7942935338809638,1.0
AUD/JPY,2026-02-25,110.03700256347656,111.19200134277344,115.4998779296875,1.0387426841399687,1.0
AUD/JPY,2026-02-26,111.19000244140625,110.6969985961914,49.300384521484375,0.44536333547150564,1.0
AUD/JPY,2026-03-02,110.5459976196289,111.7229995727539,117.7001953125,1.053500136611117,1.0
AUD/JPY,2026-03-03,111.73500061035156,111.08999633789062,64.50042724609375,0.5806141810456962,1.0
AUD/JPY,2026-03-04,111.08000183105469,111.0719985961914,0.800323486328125,0.007205447785609285,1.0
AUD/JPY,2026-03-05,111.07099914550781,110.4520034790039,61.899566650390625,0.5604204966925499,1.0
AUD/JPY,2026-03-09,110.35700225830078,111.56600189208984,120.89996337890625,1.08366313508164,1.0
AUD/JPY,2026-03-10,111.56700134277344,112.56400299072266,99.70016479492188,0.8857197873741128,1.0
AUD/JPY,2026-03-11,112.55699920654297,113.40699768066406,84.99984741210938,0.749511486508578,1.0
AUD/JPY,2026-03-12,113.40299987792969,112.66899871826172,73.40011596679688,0.6514668347265606,1.0
AUD/JPY,2026-03-16,111.78099822998047,112.45500183105469,67.40036010742188,0.5993540439284322,1.0
AUD/JPY,2026-03-17,112.447998046875,112.94300079345703,49.500274658203125,0.438276602449461,1.0
AUD/JPY,2026-03-18,112.947998046875,112.3290023803711,61.899566650390625,0.5510559636307003,1.0
AUD/JPY,2026-03-19,112.31099700927734,111.7959976196289,51.49993896484375,0.4606599526046137,1.0
AUD/JPY,2026-03-23,111.58100128173828,111.0469970703125,53.400421142578125,0.4808812714563201,1.0
AUD/JPY,2026-03-24,111.01000213623047,111.0199966430664,0.99945068359375,0.009002438423836587,1.0
AUD/JPY,2026-03-25,111.02999877929688,110.63899993896484,39.099884033203125,0.35340055545307697,1.0
AUD/JPY,2026-03-26,110.64600372314453,109.9800033569336,66.60003662109375,0.6055649626136788,1.0
AUD/JPY,2026-03-30,109.76699829101562,109.5199966430664,24.700164794921875,0.22553109525214377,1.0
AUD/JPY,2026-03-31,109.40899658203125,109.52200317382812,11.3006591796875,0.1031816333906131,1.0
AUD/JPY,2026-04-01,109.70600128173828,109.79199981689453,8.599853515625,0.07832859889579746,1.0
AUD/JPY,2026-04-02,109.84600067138672,110.2249984741211,37.8997802734375,0.3438401523982394,1.0
AUD/JPY,2026-04-06,109.99600219726562,110.40799713134766,41.199493408203125,0.3731567864526141,1.0
AUD/JPY,2026-04-07,110.44400024414062,111.96199798583984,151.79977416992188,1.3558151596144294,1.0
AUD/JPY,2026-04-08,112.30799865722656,111.7249984741211,58.300018310546875,0.5218171323050045,1.0
AUD/JPY,2026-04-09,111.66999816894531,112.61499786376953,94.49996948242188,0.8391419551127512,1.0
AUD/JPY,2026-04-13,112.08100128173828,113.14800262451172,106.70013427734375,0.943013856209503,1.0
AUD/JPY,2026-04-14,113.02300262451172,113.2239990234375,20.099639892578125,0.1775210208607583,1.0
AUD/JPY,2026-04-15,113.20099639892578,113.9489974975586,74.80010986328125,0.6564349972880092,1.0
AUD/JPY,2026-04-16,113.95099639892578,113.96600341796875,1.500701904296875,0.013167978689162868,1.0
AUD/JPY,2026-04-20,113.52999877929688,114.02100372314453,49.100494384765625,0.43062675105006964,1.0
AUD/JPY,2026-04-21,113.95099639892578,113.99700164794922,4.60052490234375,0.04035654303041498,1.0
AUD/JPY,2026-04-22,114.03800201416016,114.14099884033203,10.2996826171875,0.09023648576613016,1.0
AUD/JPY,2026-04-23,114.14199829101562,113.88500213623047,25.699615478515625,0.22566286162749916,1.0
AUD/JPY,2026-04-27,113.97899627685547,114.55799865722656,57.900238037109375,0.5054229186593502,1.0
AUD/JPY,2026-04-28,114.58399963378906,114.60700225830078,2.300262451171875,0.02007087181276719,1.0
AUD/JPY,2026-04-29,114.66300201416016,114.12000274658203,54.2999267578125,0.47581427839948787,1.0
AUD/JPY,2026-04-30,114.15499877929688,112.7770004272461,137.79983520507812,1.2218788820684638,1.0
AUD/JPY,2026-05-04,113.08699798583984,112.68000030517578,40.69976806640625,0.3611977986881206,1.0
AUD/JPY,2026-05-05,112.6500015258789,113.48500061035156,83.49990844726562,0.7357792483427908,1.0
AUD/JPY,2026-05-06,113.58200073242188,113.14800262451172,43.399810791015625,0.3835667425349119,1.0
AUD/JPY,2026-05-07,113.22899627685547,113.01499938964844,21.399688720703125,0.18935264200570548,1.0
AUD/JPY,2026-05-11,113.4729995727539,113.96399688720703,49.0997314453125,0.4308354637114712,1.0
AUD/JPY,2026-05-12,113.93000030517578,114.10299682617188,17.299652099609375,0.15161435352976937,1.0
AUD/JPY,2026-05-13,114.10199737548828,114.55999755859375,45.800018310546875,0.3997906711469826,1.0
AUD/JPY,2026-05-14,114.49199676513672,114.36199951171875,12.999725341796875,0.11367172135237794,1.0
AUD/JPY,2026-05-18,113.2509994506836,113.91300201416016,66.20025634765625,0.5811475000845567,1.0
AUD/JPY,2026-05-19,113.90699768066406,113.05000305175781,85.699462890625,0.758066878170619,1.0
AUD/JPY,2026-05-20,112.97899627685547,113.5999984741211,62.1002197265625,0.5466568711328758,1.0
AUD/JPY,2026-05-21,113.58300018310547,113.69499969482422,11.199951171875,0.09850874006717518,1.0
AUD/JPY,2026-05-25,113.75700378417969,114.00299835205078,24.599456787109375,0.2157790333824747,1.0
AUD/JPY,2026-05-26,113.91000366210938,114.15499877929688,24.49951171875,0.21461619710685173,1.0
AUD/JPY,2026-05-27,114.18399810791016,113.91100311279297,27.29949951171875,0.2396563875808134,1.0
AUD/JPY,2026-05-28,113.81199645996094,114.05899810791016,24.700164794921875,0.2165560385823596,1.0
AUD/JPY,2026-06-01,114.41799926757812,114.3239974975586,9.400177001953125,0.08222400552564538,1.0
AUD/JPY,2026-06-02,114.36900329589844,114.81400299072266,44.499969482421875,0.38758311985705796,1.0
AUD/JPY,2026-06-03,114.75900268554688,114.12799835205078,63.100433349609375,0.5528917904523603,1.0
AUD/JPY,2026-06-04,114.09100341796875,114.12300109863281,3.19976806640625,0.028037889256354153,1.0
AUD/JPY,2026-06-08,112.91272735595703,112.83100128173828,8.172607421875,0.0724322865970856,1.0
AUD/JPY,2026-06-09,112.74600219726562,112.58399963378906,16.20025634765625,0.1438948376354732,1.0
AUD/JPY,2026-06-10,112.62699890136719,112.23899841308594,38.800048828125,0.3456913316824583,1.0
AUD/JPY,2026-06-11,112.26799774169922,112.83399963378906,56.600189208984375,0.5016235300767888,1.0
AUD/JPY,2026-06-15,113.16400146484375,113.33499908447266,17.099761962890625,0.15087803503792818,1.0
AUD/JPY,2026-06-16,113.31700134277344,113.38700103759766,6.999969482421875,0.06173520261022492,1.0
AUD/JPY,2026-06-17,113.33499908447266,112.65299987792969,68.19992065429688,0.6053981760645346,1.0
AUD/JPY,2026-06-18,112.70999908447266,113.14399719238281,43.399810791015625,0.38358032125399777,1.0
AUD/JPY,2026-06-22,113.03900146484375,113.0790023803711,4.000091552734375,0.03537430883303171,1.0
AUD/JPY,2026-06-23,113.00499725341797,111.70999908447266,129.49981689453125,1.1592500040807119,1.0
AUD/JPY,2026-06-24,111.7040023803711,111.5530014038086,15.10009765625,0.1353625403729788,1.0
AUD/JPY,2026-06-25,111.59200286865234,111.75800323486328,16.60003662109375,0.14853555128582785,1.0
AUD/JPY,2026-06-29,111.56700134277344,111.51699829101562,5.00030517578125,0.04483895058520509,1.0
AUD/JPY,2026-06-30,111.43199920654297,112.46199798583984,102.9998779296875,0.9158638453378382,1.0
AUD/JPY,2026-07-01,112.375,112.0260009765625,34.89990234375,0.31153394782923277,1.0
AUD/JPY,2026-07-02,111.99199676513672,111.572998046875,41.899871826171875,0.37553774264063916,1.0
AUD/JPY,2026-07-06,111.98999786376953,112.75700378417969,76.70059204101562,0.6802290719592273,1.0
AUD/JPY,2026-07-07,112.72899627685547,112.33200073242188,39.699554443359375,0.3534126890335095,1.0
AUD/JPY,2026-07-08,112.38200378417969,112.64700317382812,26.49993896484375,0.23524761616561693,1.0
AUD/JPY,2026-07-09,112.73100280761719,112.67900085449219,5.2001953125,0.04615052736592209,1.0
AUD/JPY,2026-07-13,112.37000274658203,112.35399627685547,1.60064697265625,0.01424646230394902,1.0
AUD/JPY,2026-07-14,112.36299896240234,113.12000274658203,75.70037841796875,0.6692041776869216,1.0
AUD/JPY,2026-07-15,113.14299774169922,113.56500244140625,42.200469970703125,0.371597490982985,1.0
AUD/JPY,2026-07-16,113.5459976196289,113.59600067138672,5.00030517578125,0.04401832059428091,1.0
AUD/JPY,2026-07-20,113.41000366210938,113.65399932861328,24.399566650390625,0.21468286901055708,1.0
AUD/JPY,2026-07-21,113.7300033569336,114.2040023803711,47.39990234375,0.4150458946778287,1.0
AUD/JPY,2026-07-22,114.23100280761719,113.98300170898438,24.80010986328125,0.21757726583301984,1.0
AUD/JPY,2026-07-23,113.98100280761719,114.16500091552734,18.399810791015625,0.16116857744020832,1.0
AUD/JPY,2026-07-27,114.43000030517578,114.41799926757812,1.200103759765625,0.010488767217114682,1.0
AUD/JPY,2026-07-28,114.4229965209961,114.24800109863281,17.499542236328125,0.15317153970352956,1.0
AUD/JPY,2026-07-29,114.28500366210938,113.6709976196289,61.400604248046875,0.5401606877200849,1.0
AUD/JPY,2026-07-30,113.63099670410156,112.23799896240234,139.29977416992188,1.241110635058495,1.0
AUD/JPY,2026-08-03,111.01799774169922,110.13600158691406,88.19961547851562,0.8008245642448959,1.0
AUD/JPY,2026-08-04,110.22799682617188,111.15799713134766,93.00003051757812,0.8366472311271179,1.0
AUD/JPY,2026-08-05,111.12100219726562,111.27100372314453,15.000152587890625,0.13480738095265848,1.0
AUD/JPY,2026-08-06,111.22000122070312,111.39199829101562,17.19970703125,0.15440702469772688,1.0
AUD/JPY,2026-08-10,111.51899719238281,112.3759994506836,85.70022583007812,0.7626203659945007,1.0
AUD/JPY,2026-08-11,112.28299713134766,112.49600219726562,21.300506591796875,0.18934456492458906,1.0
AUD/JPY,2026-08-12,112.50199890136719,112.5719985961914,6.999969482421875,0.062182155151491655,1.0
AUD/JPY,2026-08-13,112.51000213623047,112.61599731445312,10.599517822265625,0.09412088934992972,1.0
AUD/JPY,2026-08-17,112.80500030517578,113.26499938964844,45.999908447265625,0.4061264176501613,1.0
AUD/JPY,2026-08-18,113.25399780273438,113.04499816894531,20.89996337890625,0.18488180562992565,1.0
AUD/JPY,2026-08-19,112.97899627685547,112.7040023803711,27.4993896484375,0.24399656682668872,1.0
AUD/JPY,2026-08-20,112.72899627685547,113.09600067138672,36.700439453125,0.32450696077010094,1.0
AUD/JPY,2026-08-24,113.95099639892578,113.75800323486328,19.29931640625,0.16965238363409813,1.0
AUD/JPY,2026-08-25,113.8489990234375,114.06300354003906,21.40045166015625,0.18761956985153505,1.0
AUD/JPY,2026-08-26,114.05899810791016,114.33799743652344,27.899932861328125,0.2440127821620911,1.0
AUD/JPY,2026-08-27,114.35700225830078,114.66300201416016,30.5999755859375,0.2668687811100445,1.0
AUD/JPY,2026-08-31,114.63700103759766,114.48799896240234,14.90020751953125,0.13014645774728276,1.0
AUD/JPY,2026-09-01,114.54299926757812,114.49500274658203,4.799652099609375,0.041920188518905964,1.0
AUD/JPY,2026-09-02,114.48899841308594,113.79499816894531,69.4000244140625,0.6098688477592663,1.0
AUD/JPY,2026-09-03,113.83999633789062,112.39299774169922,144.69985961914062,1.2874455039600314,1.0
AUD/JPY,2026-09-07,112.55599975585938,111.28199768066406,127.40020751953125,1.1448411259215543,1.0
EUR/AUD,2024-09-09,1.6619900465011597,1.6562399864196777,57.500600814819336,0.347175537882764,1.0
EUR/AUD,2024-09-10,1.6576000452041626,1.656149983406067,14.500617980957031,0.08755618830569202,1.0
EUR/AUD,2024-09-11,1.6563800573349,1.6493200063705444,70.60050964355469,0.42805828687494396,1.0
EUR/AUD,2024-09-12,1.649749994277954,1.6464600563049316,32.89937973022461,0.1998188756796144,1.0
EUR/AUD,2024-09-16,1.6515100002288818,1.6484800577163696,30.29942512512207,0.18380219392581368,1.0
EUR/AUD,2024-09-17,1.6483099460601807,1.6450400352478027,32.6991081237793,0.19877393512099917,1.0
EUR/AUD,2024-09-18,1.644700050354004,1.6428799629211426,18.20087432861328,0.11078639182044073,1.0
EUR/AUD,2024-09-19,1.6430100202560425,1.63864004611969,43.69974136352539,0.2666829818239012,1.0
EUR/AUD,2024-09-23,1.6387699842453003,1.6255700588226318,131.99925422668457,0.8120182425252652,1.0
EUR/AUD,2024-09-24,1.6258900165557861,1.6217900514602661,40.999650955200195,0.25280492329006427,1.0
EUR/AUD,2024-09-25,1.6205300092697144,1.6315300464630127,110.0003719329834,0.6742160352575348,1.0
EUR/AUD,2024-09-26,1.63155996799469,1.6200799942016602,114.79973793029785,0.7086053672730441,1.0
EUR/AUD,2024-09-30,1.6143100261688232,1.6106799840927124,36.3004207611084,0.22537326545071729,1.0
EUR/AUD,2024-10-01,1.6102700233459473,1.608049988746643,22.200345993041992,0.13805756132211744,1.0
EUR/AUD,2024-10-02,1.6081700325012207,1.6044299602508545,37.40072250366211,0.23310910061673532,1.0
EUR/AUD,2024-10-03,1.603950023651123,1.6119999885559082,80.49964904785156,0.49937747902818697,1.0
EUR/AUD,2024-10-07,1.6133099794387817,1.6256500482559204,123.40068817138672,0.7590851936662335,1.0
EUR/AUD,2024-10-08,1.623900055885315,1.627619981765747,37.19925880432129,0.2285500253195782,1.0
EUR/AUD,2024-10-09,1.6284600496292114,1.6295599937438965,10.999441146850586,0.06749945500060718,1.0
EUR/AUD,2024-10-10,1.628749966621399,1.6218299865722656,69.19980049133301,0.42667727853266946,1.0
EUR/AUD,2024-10-14,1.6227699518203735,1.6219099760055542,8.59975814819336,0.053022413545866925,1.0
EUR/AUD,2024-10-15,1.6222000122070312,1.625749945640564,35.49933433532715,0.2183566693667642,1.0
EUR/AUD,2024-10-16,1.6287800073623657,1.6296099424362183,8.29935073852539,0.050928449332593724,1.0
EUR/AUD,2024-10-17,1.6292099952697754,1.6170099973678589,121.99997901916504,0.7544788171857596,1.0
EUR/AUD,2024-10-21,1.618690013885498,1.6256699562072754,69.79942321777344,0.42935789611697733,1.0
EUR/AUD,2024-10-22,1.6256099939346313,1.615820050239563,97.8994369506836,0.6058808153554534,1.0
EUR/AUD,2024-10-23,1.6151000261306763,1.6254299879074097,103.29961776733398,0.6355217913773245,1.0
EUR/AUD,2024-10-24,1.624709963798523,1.6319500207901,72.40056991577148,0.44364452951027955,1.0
EUR/AUD,2024-10-28,1.6349300146102905,1.6431900262832642,82.60011672973633,0.5026814635466705,1.0
EUR/AUD,2024-10-29,1.6432199478149414,1.6494100093841553,61.90061569213867,0.3752894388900348,1.0
EUR/AUD,2024-10-30,1.649399995803833,1.65201997756958,26.199817657470703,0.15859262002397434,1.0
EUR/AUD,2024-10-31,1.6519900560379028,1.654670000076294,26.799440383911133,0.16196244799673323,1.0
EUR/AUD,2024-11-04,1.6495699882507324,1.6514400243759155,18.700361251831055,0.11323669631234703,1.0
EUR/AUD,2024-11-05,1.651520013809204,1.6461800336837769,53.39980125427246,0.32438615559426903,1.0
EUR/AUD,2024-11-06,1.646299958229065,1.6337100267410278,125.8993148803711,0.7706344015744258,1.0
EUR/AUD,2024-11-07,1.634179949760437,1.6170400381088257,171.39911651611328,1.0599559224060366,1.0
EUR/AUD,2024-11-11,1.6271899938583374,1.6209299564361572,62.60037422180176,0.3862003658655152,1.0
EUR/AUD,2024-11-12,1.6208900213241577,1.625830054283142,49.40032958984375,0.3038468224873925,1.0
EUR/AUD,2024-11-13,1.625499963760376,1.6269500255584717,14.500617980957031,0.08912761764750277,1.0
EUR/AUD,2024-11-14,1.627020001411438,1.6309599876403809,39.39986228942871,0.2415746712856588,1.0
EUR/AUD,2024-11-18,1.6297099590301514,1.6283899545669556,13.200044631958008,0.08106193848062855,1.0
EUR/AUD,2024-11-19,1.6284500360488892,1.621880054473877,65.69981575012207,0.4050843067518608,1.0
EUR/AUD,2024-11-20,1.6214699745178223,1.619339942932129,21.300315856933594,0.13153702500764133,1.0
EUR/AUD,2024-11-21,1.6194100379943848,1.608240008354187,111.70029640197754,0.6945499168142663,1.0
EUR/AUD,2024-11-25,1.6023399829864502,1.6158699989318848,135.3001594543457,0.8373208212528311,1.0
EUR/AUD,2024-11-26,1.6157599687576294,1.6202499866485596,44.90017890930176,0.2771188352371259,1.0
EUR/AUD,2024-11-27,1.62021005153656,1.6256300210952759,54.1996955871582,0.33340732444545346,1.0
EUR/AUD,2024-11-28,1.6254899501800537,1.6228100061416626,26.799440383911133,0.16514219337129035,1.0
EUR/AUD,2024-12-02,1.6215300559997559,1.6216800212860107,1.4996528625488281,0.009247526286718303,1.0
EUR/AUD,2024-12-03,1.6217000484466553,1.6205600500106812,11.399984359741211,0.070345954533842,1.0
EUR/AUD,2024-12-04,1.6202000379562378,1.6345700025558472,143.69964599609375,0.8791281240411977,1.0
EUR/AUD,2024-12-05,1.634619951248169,1.6410399675369263,64.20016288757324,0.39121632719240046,1.0
EUR/AUD,2024-12-09,1.650820016860962,1.6395699977874756,112.50019073486328,0.6861566806338071,1.0
EUR/AUD,2024-12-10,1.6395599842071533,1.6516300439834595,120.70059776306152,0.730796816168054,1.0
EUR/AUD,2024-12-11,1.651729941368103,1.6457899808883667,59.39960479736328,0.36091849802913784,1.0
EUR/AUD,2024-12-12,1.6457200050354004,1.6437699794769287,19.500255584716797,0.11863129165384843,1.0
EUR/AUD,2024-12-16,1.6505199670791626,1.6492600440979004,12.59922981262207,0.07639322772482189,1.0
EUR/AUD,2024-12-17,1.6492500305175781,1.6555500030517578,62.999725341796875,0.38053653000915916,1.0
EUR/AUD,2024-12-18,1.6555099487304688,1.668239951133728,127.30002403259277,0.763079819219533,1.0
EUR/AUD,2024-12-19,1.6676100492477417,1.662969946861267,46.401023864746094,0.279025029600352,1.0
EUR/AUD,2024-12-23,1.668429970741272,1.6662499904632568,21.799802780151367,0.13083152531085993,1.0
EUR/AUD,2024-12-24,1.6660000085830688,1.6655299663543701,4.700422286987305,0.02822178154666242,1.0
EUR/AUD,2024-12-25,1.6672999858856201,1.6654599905014038,18.399953842163086,0.11047971099337901,1.0
EUR/AUD,2024-12-26,1.6655199527740479,1.674720048904419,92.00096130371094,0.5493512862875012,1.0
EUR/AUD,2024-12-30,1.675279974937439,1.6732800006866455,19.99974250793457,0.11952418304006202,1.0
EUR/AUD,2024-12-31,1.673200011253357,1.6713500022888184,18.500089645385742,0.11068950022467422,1.0
EUR/AUD,2025-01-02,1.6711399555206299,1.6555999517440796,155.40003776550293,0.9386327753984162,1.0
EUR/AUD,2025-01-06,1.6566799879074097,1.6643799543380737,76.99966430664062,0.4626327306210768,1.0
EUR/AUD,2025-01-07,1.6642500162124634,1.6588300466537476,54.1996955871582,0.32673446985417104,1.0
EUR/AUD,2025-01-08,1.658959984779358,1.6606299877166748,16.700029373168945,0.10056442131417291,1.0
EUR/AUD,2025-01-09,1.6605099439620972,1.6634999513626099,29.900074005126953,0.1797419589981661,1.0
EUR/AUD,2025-01-13,1.664289951324463,1.6576600074768066,66.2994384765625,0.3999580021085243,1.0
EUR/AUD,2025-01-14,1.6576000452041626,1.6646499633789062,70.49918174743652,0.423507543918346,1.0
EUR/AUD,2025-01-15,1.6645100116729736,1.650879979133606,136.30032539367676,0.8256222567143142,1.0
EUR/AUD,2025-01-16,1.6510299444198608,1.6587400436401367,77.10099220275879,0.4648166088373871,1.0
EUR/AUD,2025-01-20,1.658810019493103,1.6589000225067139,0.9000301361083984,0.005425463402842023,1.0
EUR/AUD,2025-01-21,1.6589200496673584,1.661829948425293,29.098987579345703,0.1751020771223864,1.0
EUR/AUD,2025-01-22,1.6617399454116821,1.659250020980835,24.89924430847168,0.1500632454038057,1.0
EUR/AUD,2025-01-23,1.6591299772262573,1.6577800512313843,13.499259948730469,0.08142974056602587,1.0
EUR/AUD,2025-01-27,1.6633100509643555,1.6679699420928955,46.59891128540039,0.2793750061642605,1.0
EUR/AUD,2025-01-28,1.66743004322052,1.6676000356674194,1.6999244689941406,0.010193838046506061,1.0
EUR/AUD,2025-01-29,1.6674200296401978,1.6705900430679321,31.70013427734375,0.18975411956322016,1.0
EUR/AUD,2025-01-30,1.670639991760254,1.6728999614715576,22.59969711303711,0.1350929382122611,1.0
EUR/AUD,2025-02-03,1.6677000522613525,1.6609699726104736,67.30079650878906,0.40518972418878446,1.0
EUR/AUD,2025-02-04,1.6608699560165405,1.6594200134277344,14.499425888061523,0.08737646750512061,1.0
EUR/AUD,2025-02-05,1.659250020980835,1.6547199487686157,45.30072212219238,0.27376670086018834,1.0
EUR/AUD,2025-02-06,1.6547900438308716,1.6532200574874878,15.69986343383789,0.09496535783444372,1.0
EUR/AUD,2025-02-10,1.647420048713684,1.6428899765014648,45.30072212219238,0.2757380151448747,1.0
EUR/AUD,2025-02-11,1.6427700519561768,1.6456899642944336,29.19912338256836,0.17742785102956543,1.0
EUR/AUD,2025-02-12,1.645509958267212,1.6542099714279175,87.00013160705566,0.525931611523034,1.0
EUR/AUD,2025-02-13,1.6542099714279175,1.6561100482940674,19.000768661499023,0.11473131680513268,1.0
EUR/AUD,2025-02-17,1.650089979171753,1.6497600078582764,3.299713134765625,0.020001170588741103,1.0
EUR/AUD,2025-02-18,1.6495000123977661,1.644700050354004,47.99962043762207,0.29184422063640525,1.0
EUR/AUD,2025-02-19,1.6445200443267822,1.6434400081634521,10.800361633300781,0.06571801574534022,1.0
EUR/AUD,2025-02-20,1.643380045890808,1.6401900053024292,31.900405883789062,0.19449213676867305,1.0
EUR/AUD,2025-02-24,1.6442099809646606,1.6505299806594849,63.19999694824219,0.3829072945587455,1.0
EUR/AUD,2025-02-25,1.6504499912261963,1.6562299728393555,57.7998161315918,0.3489842417988775,1.0
EUR/AUD,2025-02-26,1.6561700105667114,1.662019968032837,58.49957466125488,0.3519787715336227,1.0
EUR/AUD,2025-02-27,1.6619499921798706,1.6678999662399292,59.49974060058594,0.3567344673237246,1.0
EUR/AUD,2025-03-03,1.6739200353622437,1.6867300271987915,128.09991836547852,0.7594571525961288,1.0
EUR/AUD,2025-03-04,1.6866999864578247,1.694949984550476,82.49998092651367,0.4867399137349401,1.0
EUR/AUD,2025-03-05,1.694700002670288,1.7031500339508057,84.50031280517578,0.49614133294622303,1.0
EUR/AUD,2025-03-06,1.7030999660491943,1.703629970550537,5.300045013427734,0.03111030625808371,1.0
EUR/AUD,2025-03-10,1.722749948501587,1.7259999513626099,32.50002861022949,0.1882968106955738,1.0
EUR/AUD,2025-03-11,1.7259999513626099,1.7333999872207642,74.00035858154297,0.42690872924368123,1.0
EUR/AUD,2025-03-12,1.7335699796676636,1.720080018043518,134.89961624145508,0.7842636088226572,1.0
EUR/AUD,2025-03-13,1.7202999591827393,1.726539969444275,62.400102615356445,0.36141707530490186,1.0
EUR/AUD,2025-03-17,1.7198799848556519,1.7107700109481812,91.09973907470703,0.5325072247684287,1.0
EUR/AUD,2025-03-18,1.7107199430465698,1.719480037689209,87.6009464263916,0.5094618402439705,1.0
EUR/AUD,2025-03-19,1.719539999961853,1.7147200107574463,48.19989204406738,0.28109482447094064,1.0
EUR/AUD,2025-03-20,1.7144999504089355,1.7221499681472778,76.50017738342285,0.4442132148672466,1.0
EUR/AUD,2025-03-24,1.7230499982833862,1.718269944190979,47.800540924072266,0.278189937999401,1.0
EUR/AUD,2025-03-25,1.7186100482940674,1.7105200290679932,80.90019226074219,0.47295670840418086,1.0
EUR/AUD,2025-03-26,1.7100000381469727,1.708490014076233,15.100240707397461,0.08838354677514484,1.0
EUR/AUD,2025-03-27,1.708490014076233,1.7141300439834595,56.400299072265625,0.3290316231853519,1.0
EUR/AUD,2025-03-31,1.7226899862289429,1.7331199645996094,104.29978370666504,0.6018036018110304,1.0
EUR/AUD,2025-04-01,1.733199954032898,1.7179499864578247,152.49967575073242,0.8876840242897039,1.0
EUR/AUD,2025-04-02,1.7163100242614746,1.7330600023269653,167.49978065490723,0.9664972962852219,1.0
EUR/AUD,2025-04-03,1.7405099868774414,1.749400019645691,88.90032768249512,0.5081760985717849,1.0
EUR/AUD,2025-04-07,1.8143999576568604,1.8214499950408936,70.50037384033203,0.3870563234361491,1.0
EUR/AUD,2025-04-08,1.8198000192642212,1.8425400257110596,227.4000644683838,1.234166212376457,1.0
EUR/AUD,2025-04-09,1.8436800241470337,1.7821300029754639,615.5002117156982,3.4537335137619163,1.0
EUR/AUD,2025-04-10,1.7852699756622314,1.8032100200653076,179.40044403076172,0.9948948931875627,1.0
EUR/AUD,2025-04-14,1.7998499870300293,1.7955900430679321,42.59943962097168,0.23724479752731636,1.0
EUR/AUD,2025-04-15,1.7942299842834473,1.7810200452804565,132.09939002990723,0.7417063630471694,1.0
EUR/AUD,2025-04-16,1.7817399501800537,1.7881100177764893,63.70067596435547,0.3562458424318159,1.0
EUR/AUD,2025-04-17,1.7889800071716309,1.7960699796676636,70.89972496032715,0.39474923451170935,1.0
EUR/AUD,2025-04-22,1.792449951171875,1.7826499938964844,97.99957275390625,0.5497409647964632,1.0
EUR/AUD,2025-04-23,1.7802599668502808,1.7804299592971802,1.6999244689941406,0.00954783118604217,1.0
EUR/AUD,2025-04-24,1.7794400453567505,1.7765100002288818,29.300451278686523,0.16493265602170276,1.0
EUR/AUD,2025-04-28,1.7770999670028687,1.775089979171753,20.099878311157227,0.1132330109853683,1.0
EUR/AUD,2025-04-29,1.7745200395584106,1.7844699621200562,99.49922561645508,0.5575841999505786,1.0
EUR/AUD,2025-04-30,1.7835999727249146,1.7670899629592896,165.10009765625,0.9343049936165224,1.0
EUR/AUD,2025-05-01,1.765720009803772,1.7692300081253052,35.09998321533203,0.19839129482392368,1.0
EUR/AUD,2025-05-05,1.7565699815750122,1.7498699426651,67.0003890991211,0.38288782192051174,1.0
EUR/AUD,2025-05-06,1.750789999961853,1.741629958152771,91.60041809082031,0.5259465000703978,1.0
EUR/AUD,2025-05-07,1.7430499792099,1.7585099935531616,154.6001434326172,0.8791541930349768,1.0
EUR/AUD,2025-05-08,1.7577500343322754,1.7544599771499634,32.90057182312012,0.18752534826451572,1.0
EUR/AUD,2025-05-12,1.7487599849700928,1.7410800457000732,76.79939270019531,0.44110202106942725,1.0
EUR/AUD,2025-05-13,1.7412300109863281,1.7288199663162231,124.1004467010498,0.717833256897672,1.0
EUR/AUD,2025-05-14,1.728060007095337,1.7396299839019775,115.69976806640625,0.6650826275533174,1.0
EUR/AUD,2025-05-15,1.739989995956421,1.7473000288009644,73.10032844543457,0.418361627885954,1.0
EUR/AUD,2025-05-19,1.7453999519348145,1.7405200004577637,48.79951477050781,0.28037319167647223,1.0
EUR/AUD,2025-05-20,1.7398600578308105,1.7569299936294556,170.6993579864502,0.9715774595766361,1.0
EUR/AUD,2025-05-21,1.7567800283432007,1.7593799829483032,25.99954605102539,0.147776752623139,1.0
EUR/AUD,2025-05-22,1.76118004322052,1.7601499557495117,10.300874710083008,0.05852271095673017,1.0
EUR/AUD,2025-05-26,1.7491899728775024,1.7566499710083008,74.5999813079834,0.42467186143613855,1.0
EUR/AUD,2025-05-27,1.7570500373840332,1.7582499980926514,11.99960708618164,0.0682474454667926,1.0
EUR/AUD,2025-05-28,1.7583199739456177,1.7551900148391724,31.299591064453125,0.17832594078038383,1.0
EUR/AUD,2025-05-29,1.748270034790039,1.7646700143814087,163.9997959136963,0.9293510660755752,1.0
EUR/AUD,2025-06-02,1.7617700099945068,1.76242995262146,6.59942626953125,0.03744504148783435,1.0
EUR/AUD,2025-06-03,1.7623000144958496,1.7596100568771362,26.89957618713379,0.15287237125067216,1.0
EUR/AUD,2025-06-04,1.7604999542236328,1.7590899467468262,14.100074768066406,0.08015550764838596,1.0
EUR/AUD,2025-06-05,1.7597500085830688,1.7593200206756592,4.29987907409668,0.02444057376466011,1.0
EUR/AUD,2025-06-09,1.7548099756240845,1.7527400255203247,20.699501037597656,0.1180979536965428,1.0
EUR/AUD,2025-06-10,1.7530900239944458,1.7510000467300415,20.89977264404297,0.11935906388508034,1.0
EUR/AUD,2025-06-11,1.752150058746338,1.7681000232696533,159.4996452331543,0.9020962792489537,1.0
EUR/AUD,2025-06-12,1.7678200006484985,1.7743500471115112,65.30046463012695,0.3680247014191505,1.0
EUR/AUD,2025-06-16,1.7789000272750854,1.7727400064468384,61.6002082824707,0.3474858583799778,1.0
EUR/AUD,2025-06-17,1.7745699882507324,1.7736999988555908,8.699893951416016,0.04904941059383929,1.0
EUR/AUD,2025-06-18,1.7719600200653076,1.7639399766921997,80.2004337310791,0.4546664557230211,1.0
EUR/AUD,2025-06-19,1.7633999586105347,1.7737699747085571,103.70016098022461,0.5846313922258339,1.0
EUR/AUD,2025-06-23,1.783769965171814,1.7906099557876587,68.39990615844727,0.3819922140908644,1.0
EUR/AUD,2025-06-24,1.7904800176620483,1.788640022277832,18.399953842163086,0.10287119606510178,1.0
EUR/AUD,2025-06-25,1.787950038909912,1.790120005607605,21.69966697692871,0.12121906301786388,1.0
EUR/AUD,2025-06-26,1.7911200523376465,1.7849500179290771,61.70034408569336,0.34566987011366807,1.0
EUR/AUD,2025-06-30,1.7949299812316895,1.7905199527740479,44.100284576416016,0.2462987609163001,1.0
EUR/AUD,2025-07-01,1.7922300100326538,1.7933000326156616,10.700225830078125,0.05966779476645103,1.0
EUR/AUD,2025-07-02,1.7939900159835815,1.7911299467086792,28.600692749023438,0.15967960784519916,1.0
EUR/AUD,2025-07-03,1.7925100326538086,1.7890100479125977,34.999847412109375,0.1956380706354719,1.0
EUR/AUD,2025-07-07,1.7979700565338135,1.8054900169372559,75.19960403442383,0.41650523308895787,1.0
EUR/AUD,2025-07-08,1.8037899732589722,1.7958600521087646,79.2992115020752,0.44156676578979054,1.0
EUR/AUD,2025-07-09,1.7968699932098389,1.7932000160217285,36.699771881103516,0.20466078269686352,1.0
EUR/AUD,2025-07-10,1.7947900295257568,1.7754499912261963,193.40038299560547,1.0893034664526682,1.0
EUR/AUD,2025-07-14,1.7761600017547607,1.7825100421905518,63.500404357910156,0.356241495727416,1.0
EUR/AUD,2025-07-15,1.7824699878692627,1.7814600467681885,10.099411010742188,0.0566917626306798,1.0
EUR/AUD,2025-07-16,1.780460000038147,1.783400058746338,29.40058708190918,0.16485693682536193,1.0
EUR/AUD,2025-07-17,1.7834299802780151,1.7882699966430664,48.400163650512695,0.2706535575800595,1.0
EUR/AUD,2025-07-21,1.785889983177185,1.7924400568008423,65.50073623657227,0.3654277641701356,1.0
EUR/AUD,2025-07-22,1.7908999919891357,1.7931499481201172,22.499561309814453,0.125475068793897,1.0
EUR/AUD,2025-07-23,1.7908600568771362,1.783400058746338,74.5999813079834,0.41830200095666886,1.0
EUR/AUD,2025-07-24,1.7832000255584717,1.782520055770874,6.7996978759765625,0.03814654345101292,1.0
EUR/AUD,2025-07-28,1.789039969444275,1.7768199443817139,122.20025062561035,0.6877469549574017,1.0
EUR/AUD,2025-07-29,1.778059959411621,1.773419976234436,46.399831771850586,0.26164040325277577,1.0
EUR/AUD,2025-07-30,1.773319959640503,1.7721999883651733,11.199712753295898,0.06319666418476538,1.0
EUR/AUD,2025-07-31,1.772629976272583,1.776610016822815,39.800405502319336,0.22402443488130303,1.0
EUR/AUD,2025-08-04,1.7909200191497803,1.7893400192260742,15.799999237060547,0.08830070901725189,1.0
EUR/AUD,2025-08-05,1.7890199422836304,1.7890299558639526,0.10013580322265625,0.0005597212215169364,1.0
EUR/AUD,2025-08-06,1.7887099981307983,1.7930599451065063,43.49946975708008,0.24259908251141174,1.0
EUR/AUD,2025-08-07,1.7940800189971924,1.7887699604034424,53.1005859375,0.2968553090276829,1.0
EUR/AUD,2025-08-11,1.7870399951934814,1.7828600406646729,41.79954528808594,0.23445219666543504,1.0
EUR/AUD,2025-08-12,1.7832499742507935,1.7884999513626099,52.49977111816406,0.293540802604808,1.0
EUR/AUD,2025-08-13,1.7881699800491333,1.7883700132369995,2.0003318786621094,0.011185223772799976,1.0
EUR/AUD,2025-08-14,1.7876700162887573,1.7927000522613525,50.30035972595215,0.28058436023640504,1.0
EUR/AUD,2025-08-18,1.797629952430725,1.7966500520706177,9.799003601074219,0.05454041308590388,1.0
EUR/AUD,2025-08-19,1.7964400053024292,1.8044099807739258,79.69975471496582,0.44169426884228363,1.0
EUR/AUD,2025-08-20,1.803670048713684,1.810960054397583,72.90005683898926,0.4025492260967595,1.0
EUR/AUD,2025-08-21,1.8102600574493408,1.8077600002288818,25.000572204589844,0.13829585897145918,1.0
EUR/AUD,2025-08-25,1.8054399490356445,1.7923200130462646,131.19935989379883,0.7320085639774208,1.0
EUR/AUD,2025-08-26,1.7919000387191772,1.7920299768447876,1.2993812561035156,0.007250890179813428,1.0
EUR/AUD,2025-08-27,1.7917100191116333,1.7888000011444092,29.10017967224121,0.16267989520138626,1.0
EUR/AUD,2025-08-28,1.7886799573898315,1.7881900072097778,4.899501800537109,0.027399223688662155,1.0
EUR/AUD,2025-09-01,1.7864500284194946,1.7867599725723267,3.0994415283203125,0.017346714588967263,1.0
EUR/AUD,2025-09-02,1.7866899967193604,1.785330057144165,13.599395751953125,0.07617300620428068,1.0
EUR/AUD,2025-09-03,1.7846499681472778,1.7821500301361084,24.999380111694336,0.14027651818845496,1.0
EUR/AUD,2025-09-04,1.7815899848937988,1.7872300148010254,56.400299072265625,0.31557381313644034,1.0
EUR/AUD,2025-09-08,1.7868499755859375,1.7836500406265259,31.99934959411621,0.1794037443739586,1.0
EUR/AUD,2025-09-09,1.78357994556427,1.7781399488449097,54.399967193603516,0.3059374895038046,1.0
EUR/AUD,2025-09-10,1.7770700454711914,1.7680699825286865,90.00062942504883,0.509033184853522,1.0
EUR/AUD,2025-09-11,1.7680000066757202,1.7615300416946411,64.69964981079102,0.36729234403830063,1.0
EUR/AUD,2025-09-15,1.7633999586105347,1.763659954071045,2.599954605102539,0.01474181346070188,2.0
EUR/AUD,2025-09-16,1.762760043144226,1.7751699686050415,124.0992546081543,0.6990837880480458,1.0
EUR/AUD,2025-09-17,1.7746299505233765,1.7754199504852295,7.899999618530273,0.04449651259337923,1.0
EUR/AUD,2025-09-18,1.777519941329956,1.7816400527954102,41.201114654541016,0.23125386404451378,1.0
EUR/AUD,2025-09-22,1.7811700105667114,1.7881300449371338,69.60034370422363,0.3892353573571916,1.0
EUR/AUD,2025-09-23,1.7877000570297241,1.78997004032135,22.699832916259766,0.12681683159448023,1.0
EUR/AUD,2025-09-24,1.7904900312423706,1.7830599546432495,74.30076599121094,0.4167036884975462,1.0
EUR/AUD,2025-09-25,1.782920002937317,1.7843300104141235,14.100074768066406,0.07902167584343847,1.0
EUR/AUD,2025-09-29,1.786460041999817,1.782670021057129,37.90020942687988,0.21260361692964883,1.0
EUR/AUD,2025-09-30,1.7830899953842163,1.7739100456237793,91.79949760437012,0.5174980424223804,1.0
EUR/AUD,2025-10-01,1.775089979171753,1.7745100259780884,5.799531936645508,0.03268244107805971,1.0
EUR/AUD,2025-10-02,1.7736300230026245,1.7767399549484253,31.099319458007812,0.17503585356648635,1.0
EUR/AUD,2025-10-06,1.77606999874115,1.7690500020980835,70.19996643066406,0.3968229634403058,1.0
EUR/AUD,2025-10-07,1.7697299718856812,1.770400047302246,6.700754165649414,0.03784881375178504,1.0
EUR/AUD,2025-10-08,1.770900011062622,1.7650200128555298,58.79998207092285,0.3331405969487766,1.0
EUR/AUD,2025-10-09,1.7661000490188599,1.763450026512146,26.500225067138672,0.15027488541624487,1.0
EUR/AUD,2025-10-13,1.7852799892425537,1.7746299505233765,106.50038719177246,0.6001272950474166,1.0
EUR/AUD,2025-10-14,1.7761499881744385,1.7872600555419922,111.10067367553711,0.6216256740647934,1.0
EUR/AUD,2025-10-15,1.7872300148010254,1.7879199981689453,6.899833679199219,0.03859140054513353,1.0
EUR/AUD,2025-10-16,1.789520025253296,1.8030500411987305,135.3001594543457,0.750396030963142,1.0
EUR/AUD,2025-10-20,1.7928500175476074,1.786329984664917,65.2003288269043,0.3649959939464079,1.0
EUR/AUD,2025-10-21,1.7868800163269043,1.7868599891662598,0.2002716064453125,0.0011208018963968086,1.0
EUR/AUD,2025-10-22,1.7867799997329712,1.7889900207519531,22.100210189819336,0.1235345638235037,1.0
EUR/AUD,2025-10-23,1.7890700101852417,1.7830100059509277,60.60004234313965,0.33987494260201867,1.0
EUR/AUD,2025-10-27,1.780060052871704,1.7764099836349487,36.50069236755371,0.20547448338961027,1.0
EUR/AUD,2025-10-28,1.7763899564743042,1.7700599431991577,63.300132751464844,0.35761575756049213,1.0
EUR/AUD,2025-10-29,1.7701799869537354,1.764140009880066,60.399770736694336,0.34237515389042494,1.0
EUR/AUD,2025-10-30,1.7641199827194214,1.7640700340270996,0.49948692321777344,0.0028314461080523085,1.0
EUR/AUD,2025-11-03,1.7609299421310425,1.7616699934005737,7.4005126953125,0.042008507399431814,1.0
EUR/AUD,2025-11-04,1.7615599632263184,1.7710000276565552,94.40064430236816,0.533035814952991,1.0
EUR/AUD,2025-11-05,1.7704999446868896,1.7658799886703491,46.19956016540527,0.26162344248655345,1.0
EUR/AUD,2025-11-06,1.7659499645233154,1.7808599472045898,149.09982681274414,0.8372349945136655,1.0
EUR/AUD,2025-11-10,1.7750699520111084,1.7684099674224854,66.59984588623047,0.37660863212223294,1.0
EUR/AUD,2025-11-11,1.7684099674224854,1.7745000123977661,60.90044975280762,0.34319779840698234,1.0
EUR/AUD,2025-11-12,1.7744799852371216,1.7732700109481812,12.099742889404297,0.0682340693447721,1.0
EUR/AUD,2025-11-13,1.7733299732208252,1.7817599773406982,84.30004119873047,0.47312793120737545,1.0
EUR/AUD,2025-11-17,1.7777600288391113,1.7849400043487549,71.79975509643555,0.40225304448051785,1.0
EUR/AUD,2025-11-18,1.7850600481033325,1.7792500257492065,58.100223541259766,0.3265433339914941,1.0
EUR/AUD,2025-11-19,1.7791099548339844,1.777809977531433,12.999773025512695,0.07312239884919225,1.0
EUR/AUD,2025-11-20,1.7779899835586548,1.7882800102233887,102.90026664733887,0.5754147340409221,1.0
EUR/AUD,2025-11-24,1.7805299758911133,1.781690001487732,11.600255966186523,0.06510816110827458,1.0
EUR/AUD,2025-11-25,1.7814699411392212,1.7871500253677368,56.80084228515625,0.3178291776230062,1.0
EUR/AUD,2025-11-26,1.7872200012207031,1.7782000303268433,90.19970893859863,0.5072528815670946,1.0
EUR/AUD,2025-11-27,1.778190016746521,1.7746599912643433,35.300254821777344,0.19891277763369164,1.0
EUR/AUD,2025-12-01,1.7707099914550781,1.7741999626159668,34.89971160888672,0.19670675427942683,1.0
EUR/AUD,2025-12-02,1.7741899490356445,1.7687599658966064,54.29983139038086,0.3069937834264334,1.0
EUR/AUD,2025-12-03,1.7687300443649292,1.7664799690246582,22.50075340270996,0.12737621596203832,1.0
EUR/AUD,2025-12-04,1.7664899826049805,1.7623000144958496,41.899681091308594,0.2377556644536206,1.0
EUR/AUD,2025-12-08,1.754080057144165,1.756350040435791,22.699832916259766,0.12924435558772449,1.0
EUR/AUD,2025-12-09,1.756309986114502,1.7512099742889404,51.000118255615234,0.29122788817099604,1.0
EUR/AUD,2025-12-10,1.7511600255966187,1.753309965133667,21.4993953704834,0.12262175997410903,1.0
EUR/AUD,2025-12-11,1.7530100345611572,1.7619199752807617,89.09940719604492,0.5056949716563998,1.0
EUR/AUD,2025-12-15,1.7656199932098389,1.7697900533676147,41.70060157775879,0.23562456743617421,1.0
EUR/AUD,2025-12-16,1.7696599960327148,1.7714500427246094,17.900466918945312,0.10104979811574696,1.0
EUR/AUD,2025-12-17,1.7713899612426758,1.778749942779541,73.59981536865234,0.4137726928251788,1.0
EUR/AUD,2025-12-18,1.7785999774932861,1.7728300094604492,57.69968032836914,0.32546651410718,1.0
EUR/AUD,2025-12-22,1.770900011062622,1.7668800354003906,40.19975662231445,0.2275183137331949,1.0
EUR/AUD,2025-12-23,1.7666000127792358,1.7597500085830688,68.50004196166992,0.3892600745990358,1.0
EUR/AUD,2025-12-24,1.7598400115966797,1.7571799755096436,26.600360870361328,0.1513809697418518,1.0
EUR/AUD,2025-12-29,1.7531399726867676,1.7579100131988525,47.70040512084961,0.2713472519224669,1.0
EUR/AUD,2025-12-30,1.7582999467849731,1.7536300420761108,46.69904708862305,0.26629931039124055,1.0
EUR/AUD,2025-12-31,1.7540500164031982,1.7592799663543701,52.29949951171875,0.29727786658137906,1.0
EUR/AUD,2026-01-05,1.750980019569397,1.7448999881744385,60.80031394958496,0.3484458385101824,1.0
EUR/AUD,2026-01-06,1.7448899745941162,1.7351399660110474,97.50008583068848,0.5619148180583589,1.0
EUR/AUD,2026-01-07,1.7345999479293823,1.7369999885559082,24.00040626525879,0.13817159714095356,1.0
EUR/AUD,2026-01-08,1.736989974975586,1.7402299642562866,32.399892807006836,0.18618167410336148,1.0
EUR/AUD,2026-01-12,1.738420009613037,1.7392899990081787,8.699893951416016,0.05001980093243269,1.0
EUR/AUD,2026-01-13,1.7392499446868896,1.741919994354248,26.700496673583984,0.15328199205545143,1.0
EUR/AUD,2026-01-14,1.7419300079345703,1.7425999641418457,6.699562072753906,0.03844578337319746,1.0
EUR/AUD,2026-01-15,1.7426600456237793,1.7322399616241455,104.20083999633789,0.601538137352745,1.0
EUR/AUD,2026-01-19,1.738029956817627,1.7346199750900269,34.09981727600098,0.19658379221783834,1.0
EUR/AUD,2026-01-20,1.7345499992370605,1.7419999837875366,74.49984550476074,0.42766846267575587,1.0
EUR/AUD,2026-01-21,1.742050051689148,1.7281099557876587,139.40095901489258,0.8066671831154096,1.0
EUR/AUD,2026-01-22,1.7279800176620483,1.7184699773788452,95.10040283203125,0.5534015960935574,1.0
EUR/AUD,2026-01-26,1.7149900197982788,1.7174400091171265,24.499893188476562,0.1426535602898355,1.0
EUR/AUD,2026-01-27,1.717360019683838,1.7175999879837036,2.3996829986572266,0.0139711400526628,1.0
EUR/AUD,2026-01-28,1.7176799774169922,1.7019699811935425,157.09996223449707,0.9230477856273787,1.0
EUR/AUD,2026-01-29,1.7008999586105347,1.6979000568389893,29.9990177154541,0.17668305972793127,1.0
EUR/AUD,2026-02-02,1.7057700157165527,1.696179986000061,95.90029716491699,0.5653898640265735,1.0
EUR/AUD,2026-02-03,1.6962000131607056,1.6823999881744385,138.0002498626709,0.8202582669559697,1.0
EUR/AUD,2026-02-04,1.6824599504470825,1.687250018119812,47.90067672729492,0.28389791799008585,1.0
EUR/AUD,2026-02-05,1.687190055847168,1.7029800415039062,157.8998565673828,0.9271973406566821,1.0
EUR/AUD,2026-02-09,1.6811100244522095,1.6800400018692017,10.700225830078125,0.0636903039104612,1.0
EUR/AUD,2026-02-10,1.6803499460220337,1.6803799867630005,0.30040740966796875,0.0017877349887191795,1.0
EUR/AUD,2026-02-11,1.6803799867630005,1.6666200160980225,137.59970664978027,0.8256213493219401,1.0
EUR/AUD,2026-02-12,1.666659951210022,1.674430012702942,77.70061492919922,0.46404217757522936,1.0
EUR/AUD,2026-02-16,1.6783900260925293,1.6753400564193726,30.499696731567383,0.18205078195738353,1.0
EUR/AUD,2026-02-17,1.675279974937439,1.67330002784729,19.799470901489258,0.11832588640401441,1.0
EUR/AUD,2026-02-18,1.6730200052261353,1.673550009727478,5.300045013427734,0.031669474964126094,1.0
EUR/AUD,2026-02-19,1.6735299825668335,1.6678600311279297,56.699514389038086,0.3399536731550171,1.0
EUR/AUD,2026-02-23,1.664080023765564,1.6703499555587769,62.699317932128906,0.3753663579507463,1.0
EUR/AUD,2026-02-24,1.670240044593811,1.6679099798202515,23.300647735595703,0.13969967214961318,1.0
EUR/AUD,2026-02-25,1.6677600145339966,1.6592700481414795,84.8996639251709,0.5116687547049112,1.0
EUR/AUD,2026-02-26,1.6591999530792236,1.6618599891662598,26.600360870361328,0.16006379023365555,1.0
EUR/AUD,2026-03-02,1.6659799814224243,1.6460700035095215,199.09977912902832,1.2095462447194558,1.0
EUR/AUD,2026-03-03,1.6458699703216553,1.6490600109100342,31.900405883789062,0.1934459975545997,1.0
EUR/AUD,2026-03-04,1.6491400003433228,1.6441999673843384,49.40032958984375,0.30045207742238217,1.0
EUR/AUD,2026-03-05,1.6441600322723389,1.6555800437927246,114.20011520385742,0.6897891505278076,1.0
EUR/AUD,2026-03-09,1.653939962387085,1.6434199810028076,105.19981384277344,0.6401273871489683,1.0
EUR/AUD,2026-03-10,1.6433700323104858,1.6308799982070923,124.90034103393555,0.7658462987543211,1.0
EUR/AUD,2026-03-11,1.630810022354126,1.6190099716186523,118.00050735473633,0.7288436107454106,1.0
EUR/AUD,2026-03-12,1.618980050086975,1.6280299425125122,90.4989242553711,0.5558799742694264,1.0
EUR/AUD,2026-03-16,1.6321099996566772,1.6268800497055054,52.29949951171875,0.3214711466969301,1.0
EUR/AUD,2026-03-17,1.6267499923706055,1.6230299472808838,37.2004508972168,0.22920372454950663,1.0
EUR/AUD,2026-03-18,1.6230100393295288,1.6306400299072266,76.29990577697754,0.46791385209228886,1.0
EUR/AUD,2026-03-19,1.6307300329208374,1.6351399421691895,44.09909248352051,0.26969613637483714,1.0
EUR/AUD,2026-03-23,1.6495000123977661,1.6564899682998657,69.8995590209961,0.42197393499905905,1.0
EUR/AUD,2026-03-24,1.656690001487732,1.6601099967956543,34.19995307922363,0.20601016285207852,1.0
EUR/AUD,2026-03-25,1.6598600149154663,1.665220022201538,53.60007286071777,0.32187982456429215,1.0
EUR/AUD,2026-03-26,1.6651300191879272,1.6749099493026733,97.79930114746094,0.583907816585473,1.0
EUR/AUD,2026-03-30,1.6773600578308105,1.6718699932098389,54.9006462097168,0.3283786803560756,1.0
EUR/AUD,2026-03-31,1.6735199689865112,1.6744799613952637,9.599924087524414,0.05733077916038636,1.0
EUR/AUD,2026-04-01,1.6723999977111816,1.6738699674606323,14.699697494506836,0.0878186345430835,1.0
EUR/AUD,2026-04-02,1.6740000247955322,1.6697200536727905,42.79971122741699,0.25632866499550533,1.0
EUR/AUD,2026-04-06,1.671489953994751,1.6691399812698364,23.499727249145508,0.14078943355767892,1.0
EUR/AUD,2026-04-07,1.6685099601745605,1.655079960823059,134.29999351501465,0.811441118822007,1.0
EUR/AUD,2026-04-08,1.6512900590896606,1.654919981956482,36.29922866821289,0.21934129180855721,1.0
EUR/AUD,2026-04-09,1.6561299562454224,1.651669979095459,44.59977149963379,0.2700283474550949,1.0
EUR/AUD,2026-04-13,1.663059949874878,1.656309962272644,67.49987602233887,0.4075316671386883,1.0
EUR/AUD,2026-04-14,1.6569000482559204,1.65461003780365,22.900104522705078,0.13840182278298616,1.0
EUR/AUD,2026-04-15,1.6548999547958374,1.645300030708313,95.99924087524414,0.5834755915850546,1.0
EUR/AUD,2026-04-16,1.6452900171279907,1.6452200412750244,0.6997585296630859,0.004253282309403319,1.0
EUR/AUD,2026-04-20,1.6455800533294678,1.6416300535202026,39.49999809265137,0.24061449172394347,1.0
EUR/AUD,2026-04-21,1.6425199508666992,1.641319990158081,11.99960708618164,0.07310949210474137,1.0
EUR/AUD,2026-04-22,1.6410599946975708,1.6352800130844116,57.7998161315918,0.3534551616182948,1.0
EUR/AUD,2026-04-23,1.6353399753570557,1.6382999420166016,29.599666595458984,0.18067306136277111,1.0
EUR/AUD,2026-04-27,1.63864004611969,1.6308300495147705,78.09996604919434,0.4788970259189903,1.0
EUR/AUD,2026-04-28,1.63018000125885,1.6311299800872803,9.499788284301758,0.058240535090854216,1.0
EUR/AUD,2026-04-29,1.6304099559783936,1.640429973602295,100.20017623901367,0.6108165410985483,1.0
EUR/AUD,2026-04-30,1.6389000415802002,1.6292500495910645,96.49991989135742,0.5922965594850129,1.0
EUR/AUD,2026-05-04,1.6262099742889404,1.63086998462677,46.6001033782959,0.28573769716511455,1.0
EUR/AUD,2026-05-05,1.6312299966812134,1.626520037651062,47.09959030151367,0.2895727640068457,1.0
EUR/AUD,2026-05-06,1.6262600421905518,1.623420000076294,28.400421142578125,0.17494191978196294,1.0
EUR/AUD,2026-05-07,1.6235899925231934,1.627500057220459,39.10064697265625,0.24024974253724238,1.0
EUR/AUD,2026-05-11,1.626479983329773,1.6254500150680542,10.2996826171875,0.06336511440960105,1.0
EUR/AUD,2026-05-12,1.6254500150680542,1.6212899684906006,41.60046577453613,0.25658868298103155,1.0
EUR/AUD,2026-05-13,1.6213699579238892,1.614009976387024,73.59981536865234,0.45600595067823685,1.0
EUR/AUD,2026-05-14,1.6151100397109985,1.6155799627304077,4.699230194091797,0.02908695516469437,1.0
EUR/AUD,2026-05-18,1.6287800073623657,1.625190019607544,35.89987754821777,0.22089649281064988,1.0
EUR/AUD,2026-05-19,1.625309944152832,1.633139967918396,78.30023765563965,0.47944597030125535,1.0
EUR/AUD,2026-05-20,1.633679986000061,1.6253999471664429,82.80038833618164,0.5094154732841442,1.0
EUR/AUD,2026-05-21,1.6259100437164307,1.6243900060653687,15.200376510620117,0.09357590513277526,1.0
EUR/AUD,2026-05-25,1.6265900135040283,1.6225600242614746,40.29989242553711,0.24837227481849267,1.0
EUR/AUD,2026-05-26,1.6231900453567505,1.6229100227355957,2.8002262115478516,0.017254352812657834,1.0
EUR/AUD,2026-05-27,1.6227400302886963,1.6278300285339355,50.89998245239258,0.31268610088385196,1.0
EUR/AUD,2026-05-28,1.6286300420761108,1.6263999938964844,22.30048179626465,0.13711560427910335,1.0
EUR/AUD,2026-06-01,1.622230052947998,1.6244800090789795,22.499561309814453,0.13850315906670269,1.0
EUR/AUD,2026-06-02,1.6239299774169922,1.61968994140625,42.400360107421875,0.2617807212571127,1.0
EUR/AUD,2026-06-03,1.6199400424957275,1.6262600421905518,63.19999694824219,0.38862171675270696,1.0
EUR/AUD,2026-06-04,1.6272499561309814,1.627750039100647,5.000829696655273,0.03072234419615371,1.0
EUR/AUD,2026-06-08,1.6359299421310425,1.6369800567626953,10.50114631652832,0.06414950672823388,1.0
EUR/AUD,2026-06-09,1.637660026550293,1.6434400081634521,57.7998161315918,0.35170018889940025,1.0
EUR/AUD,2026-06-10,1.642259955406189,1.6490700244903564,68.1006908416748,0.4129642151655825,1.0
EUR/AUD,2026-06-11,1.6492500305175781,1.6426700353622437,65.79995155334473,0.4005670654291471,1.0
EUR/AUD,2026-06-15,1.6399699449539185,1.6390899419784546,8.800029754638672,0.05368851049147824,1.0
EUR/AUD,2026-06-16,1.6389700174331665,1.6424299478530884,34.59930419921875,0.21065923843172382,1.0
EUR/AUD,2026-06-17,1.6431100368499756,1.6400200128555298,30.900239944458008,0.18841379801613448,1.0
EUR/AUD,2026-06-18,1.6394599676132202,1.6334500312805176,60.09936332702637,0.367928997986626,1.0
EUR/AUD,2026-06-22,1.6368099451065063,1.6327500343322754,40.59910774230957,0.2486547658160844,1.0
EUR/AUD,2026-06-23,1.6336499452590942,1.6459499597549438,123.0001449584961,0.7472896987512846,1.0
EUR/AUD,2026-06-24,1.645359992980957,1.6464899778366089,11.299848556518555,0.06862992613757596,1.0
EUR/AUD,2026-06-25,1.6457600593566895,1.6454299688339233,3.300905227661133,0.0200610496355576,1.0
EUR/AUD,2026-06-29,1.6509300470352173,1.6585500240325928,76.19976997375488,0.4594360668632896,1.0
EUR/AUD,2026-06-30,1.6591399908065796,1.6509000062942505,82.39984512329102,0.4991207511607724,1.0
EUR/AUD,2026-07-01,1.6510800123214722,1.650730013847351,3.4999847412109375,0.021202647991197147,1.0
EUR/AUD,2026-07-02,1.651110053062439,1.6516499519348145,5.398988723754883,0.03268845627628465,1.0
EUR/AUD,2026-07-06,1.648669958114624,1.6447199583053589,39.49999809265137,0.24016245375504705,1.0
EUR/AUD,2026-07-07,1.6449600458145142,1.646649956703186,16.89910888671875,0.10262720876362232,1.0
EUR/AUD,2026-07-08,1.6469999551773071,1.6474800109863281,4.800558090209961,0.029138794147407714,1.0
EUR/AUD,2026-07-09,1.6466100215911865,1.6469500064849854,3.3998489379882812,0.02064330383193861,1.0
EUR/AUD,2026-07-13,1.6427099704742432,1.6453399658203125,26.29995346069336,0.1598451019670033,1.0
EUR/AUD,2026-07-14,1.6452399492263794,1.6377400159835815,74.99933242797852,0.45794406741008875,1.0
EUR/AUD,2026-07-15,1.6375499963760376,1.6367700099945068,7.799863815307617,0.04765400005913961,1.0
EUR/AUD,2026-07-16,1.6366599798202515,1.6354999542236328,11.600255966186523,0.07092788927464772,1.0
EUR/AUD,2026-07-20,1.6373300552368164,1.6316100358963013,57.20019340515137,0.3505751505979753,1.0
EUR/AUD,2026-07-21,1.6304199695587158,1.6288599967956543,15.599727630615234,0.09577083150978917,1.0
EUR/AUD,2026-07-22,1.6286799907684326,1.6323399543762207,36.59963607788086,0.22421577061664816,1.0
EUR/AUD,2026-07-23,1.6325600147247314,1.6328200101852417,2.599954605102539,0.01592309372058453,1.0
EUR/AUD,2026-07-27,1.629080057144165,1.6268500089645386,22.30048179626465,0.13707767571307028,1.0
EUR/AUD,2026-07-28,1.6271300315856934,1.6326600313186646,55.299997329711914,0.33871103762518945,1.0
EUR/AUD,2026-07-29,1.632449984550476,1.6484400033950806,159.90018844604492,0.9700091487510556,1.0
EUR/AUD,2026-07-30,1.6477899551391602,1.6402100324630737,75.79922676086426,0.46213122259127953,1.0
EUR/AUD,2026-08-03,1.638350009918213,1.6440900564193726,57.40046501159668,0.3491321219751665,1.0
EUR/AUD,2026-08-04,1.6444100141525269,1.635990023612976,84.19990539550781,0.514672486874693,1.0
EUR/AUD,2026-08-05,1.6364599466323853,1.6368999481201172,4.400014877319336,0.026880169935691502,1.0
EUR/AUD,2026-08-06,1.6375600099563599,1.6388399600982666,12.799501419067383,0.0781009844201011,1.0
EUR/AUD,2026-08-10,1.6360100507736206,1.635830044746399,1.8000602722167969,0.011003956541804796,1.0
EUR/AUD,2026-08-11,1.6364699602127075,1.6340199708938599,24.499893188476562,0.1499363142732849,1.0
EUR/AUD,2026-08-12,1.6341099739074707,1.631890058517456,22.199153900146484,0.1360333913689874,1.0
EUR/AUD,2026-08-13,1.6318800449371338,1.6327300071716309,8.499622344970703,0.052057733413588395,1.0
EUR/AUD,2026-08-17,1.6334600448608398,1.6294300556182861,40.29989242553711,0.24732508331108044,1.0
EUR/AUD,2026-08-18,1.6294399499893188,1.6340700387954712,46.30088806152344,0.28334702284642216,1.0
EUR/AUD,2026-08-19,1.6346900463104248,1.638550043106079,38.59996795654297,0.2355739339115444,1.0
EUR/AUD,2026-08-20,1.6388700008392334,1.6418299674987793,29.599666595458984,0.18028460426113516,1.0
EUR/AUD,2026-08-24,1.6288700103759766,1.6313199996948242,24.499893188476562,0.15018447142841276,1.0
EUR/AUD,2026-08-25,1.6308000087738037,1.6295900344848633,12.099742889404297,0.0742502263351727,1.0
EUR/AUD,2026-08-26,1.629289984703064,1.6233199834823608,59.70001220703125,0.36776490657721245,1.0
EUR/AUD,2026-08-27,1.6228699684143066,1.6194599866867065,34.09981727600098,0.2105628885945286,1.0
EUR/AUD,2026-08-31,1.6185499429702759,1.6207599639892578,22.100210189819336,0.13635708359566692,1.0
EUR/AUD,2026-09-01,1.6201200485229492,1.621880054473877,17.600059509277344,0.10851640638115277,1.0
EUR/AUD,2026-09-02,1.6218899488449097,1.6166000366210938,52.89912223815918,0.3272245517742613,1.0
EUR/AUD,2026-09-03,1.6171599626541138,1.614300012588501,28.59950065612793,0.17716347911234384,1.0
EUR/AUD,2026-09-07,1.611549973487854,1.6104799509048462,10.700225830078125,0.06644122346301931,1.0
